YEAR,DOY,T2M_MAX,T2M_MIN
1982,1,4.16,1.13
1982,2,10.53,0.94
1982,3,9.81,7.45
1982,4,10.75,7.17
1982,5,9.12,1.16
1982,6,0.32,-3.96
1982,7,-0.03,-4.31
1982,8,-1.99,-3.54
1982,9,-1.84,-4.07
1982,10,-1.96,-6.41
1982,11,0.83,-4.68
1982,12,1.14,-4.67
1982,13,1.13,-7.76
1982,14,0.3,-8.64
1982,15,2.33,-6.53
1982,16,5.42,1.91
1982,17,6.41,1.95
1982,18,9.1,4.61
1982,19,7.15,4.32
1982,20,9.17,5.5
1982,21,8.88,0.55
1982,22,6.27,1.13
1982,23,5.59,1.99
1982,24,4.85,0.91
1982,25,9.38,4.83
1982,26,8.43,4.32
1982,27,4.58,-2.36
1982,28,6.78,-2.74
1982,29,10.36,4.43
1982,30,9.32,6.1
1982,31,9.56,5.19
1982,32,8.12,3.1
1982,33,6.35,1.19
1982,34,7.52,1.39
1982,35,9.72,3.3
1982,36,10.25,5.9
1982,37,10.76,5.8
1982,38,8.54,5.77
1982,39,7.15,0.1
1982,40,10.53,6.51
1982,41,10.0,4.89
1982,42,9.01,0.86
1982,43,8.98,0.65
1982,44,9.37,4.15
1982,45,7.28,2.18
1982,46,6.76,1.24
1982,47,4.63,0.22
1982,48,3.44,0.19
1982,49,5.93,0.29
1982,50,4.65,-1.3
1982,51,2.95,-1.88
1982,52,5.63,-2.79
1982,53,5.84,-3.29
1982,54,5.82,-3.15
1982,55,5.06,-2.35
1982,56,5.31,-0.38
1982,57,6.9,-0.42
1982,58,10.82,2.98
1982,59,12.06,7.02
1982,60,10.02,3.22
1982,61,9.89,2.89
1982,62,10.27,5.21
1982,63,9.14,-0.58
1982,64,9.41,-1.83
1982,65,8.12,-0.75
1982,66,8.14,-1.09
1982,67,7.4,-3.1
1982,68,8.84,1.44
1982,69,11.56,2.55
1982,70,7.26,0.72
1982,71,7.28,2.19
1982,72,8.04,1.59
1982,73,10.86,2.56
1982,74,7.17,2.7
1982,75,7.62,1.35
1982,76,8.75,2.47
1982,77,9.27,1.61
1982,78,8.2,1.83
1982,79,8.38,2.14
1982,80,8.69,2.3
1982,81,11.4,2.42
1982,82,11.31,0.69
1982,83,12.06,0.01
1982,84,14.52,0.92
1982,85,15.01,1.62
1982,86,15.93,2.01
1982,87,14.84,2.41
1982,88,6.76,3.5
1982,89,9.4,2.7
1982,90,9.09,2.27
1982,91,10.94,2.7
1982,92,11.91,3.65
1982,93,13.33,3.38
1982,94,15.05,5.93
1982,95,15.86,6.82
1982,96,12.91,8.41
1982,97,13.52,8.81
1982,98,9.25,1.21
1982,99,9.66,-0.45
1982,100,10.61,2.37
1982,101,9.04,1.2
1982,102,9.04,-0.96
1982,103,9.12,-2.49
1982,104,13.17,1.62
1982,105,15.2,1.76
1982,106,15.01,1.97
1982,107,12.92,1.99
1982,108,12.11,0.75
1982,109,14.03,2.4
1982,110,14.62,2.62
1982,111,15.14,5.71
1982,112,14.76,6.64
1982,113,13.81,5.3
1982,114,13.61,4.75
1982,115,13.79,5.46
1982,116,15.09,5.0
1982,117,14.71,5.4
1982,118,16.28,5.74
1982,119,12.23,4.33
1982,120,14.41,3.32
1982,121,11.85,3.25
1982,122,11.86,1.2
1982,123,11.53,5.35
1982,124,10.36,2.58
1982,125,9.51,0.63
1982,126,8.87,2.64
1982,127,10.73,2.08
1982,128,11.27,2.34
1982,129,13.95,2.28
1982,130,15.22,4.8
1982,131,16.46,3.5
1982,132,18.5,7.32
1982,133,19.51,7.03
1982,134,20.37,6.72
1982,135,22.67,8.39
1982,136,20.53,10.69
1982,137,19.17,8.76
1982,138,18.99,6.96
1982,139,17.07,8.12
1982,140,18.1,10.28
1982,141,17.39,10.63
1982,142,17.54,10.43
1982,143,14.87,8.59
1982,144,17.68,7.69
1982,145,16.97,9.29
1982,146,22.27,9.38
1982,147,16.07,10.39
1982,148,18.02,6.89
1982,149,21.34,7.8
1982,150,19.92,8.41
1982,151,22.83,10.49
1982,152,24.33,13.08
1982,153,23.64,13.2
1982,154,20.83,12.96
1982,155,25.4,12.85
1982,156,24.85,14.93
1982,157,24.63,15.51
1982,158,23.58,14.14
1982,159,23.41,12.61
1982,160,21.81,10.81
1982,161,18.86,9.82
1982,162,18.76,10.56
1982,163,15.05,8.76
1982,164,16.31,8.91
1982,165,17.02,7.41
1982,166,15.81,7.99
1982,167,19.59,11.16
1982,168,19.71,10.39
1982,169,18.23,12.45
1982,170,17.98,11.76
1982,171,20.33,10.82
1982,172,18.58,11.76
1982,173,18.12,11.35
1982,174,17.48,10.86
1982,175,19.52,10.88
1982,176,18.83,11.93
1982,177,17.01,11.57
1982,178,17.94,10.14
1982,179,18.37,11.42
1982,180,18.4,10.07
1982,181,20.12,9.37
1982,182,19.99,12.03
1982,183,21.19,12.03
1982,184,19.1,10.38
1982,185,18.38,8.4
1982,186,21.27,9.77
1982,187,21.6,12.81
1982,188,23.55,12.29
1982,189,25.12,13.43
1982,190,27.51,14.76
1982,191,23.36,13.16
1982,192,23.93,13.17
1982,193,23.73,14.31
1982,194,24.67,12.74
1982,195,25.15,15.38
1982,196,20.07,12.42
1982,197,20.72,10.84
1982,198,22.15,10.76
1982,199,23.72,13.59
1982,200,22.19,12.29
1982,201,21.6,11.16
1982,202,22.3,12.53
1982,203,20.91,10.9
1982,204,20.38,12.44
1982,205,17.93,11.85
1982,206,22.19,11.38
1982,207,19.61,9.55
1982,208,18.19,7.56
1982,209,20.79,9.97
1982,210,22.54,10.73
1982,211,23.37,14.12
1982,212,24.61,15.41
1982,213,25.09,15.05
1982,214,24.92,15.47
1982,215,24.08,15.87
1982,216,25.44,14.94
1982,217,22.4,14.46
1982,218,24.1,14.22
1982,219,22.38,13.86
1982,220,24.02,11.1
1982,221,23.41,16.02
1982,222,23.54,14.58
1982,223,24.13,14.17
1982,224,22.85,12.91
1982,225,19.08,10.76
1982,226,19.96,7.4
1982,227,22.38,13.84
1982,228,20.02,12.78
1982,229,19.75,12.51
1982,230,21.49,10.59
1982,231,18.32,10.04
1982,232,17.7,8.53
1982,233,17.83,9.43
1982,234,21.16,11.1
1982,235,19.49,10.97
1982,236,17.91,10.56
1982,237,17.21,10.25
1982,238,18.62,8.04
1982,239,18.64,9.68
1982,240,19.87,7.23
1982,241,21.55,8.07
1982,242,19.81,10.5
1982,243,17.45,9.38
1982,244,20.18,7.4
1982,245,19.69,7.49
1982,246,22.15,8.02
1982,247,21.24,10.9
1982,248,22.77,11.53
1982,249,16.71,10.82
1982,250,22.19,10.83
1982,251,20.53,9.66
1982,252,21.11,10.42
1982,253,23.76,10.06
1982,254,19.29,11.59
1982,255,23.75,10.17
1982,256,20.44,8.81
1982,257,21.37,8.6
1982,258,26.22,11.22
1982,259,24.48,12.14
1982,260,26.06,13.03
1982,261,26.11,14.08
1982,262,22.81,12.87
1982,263,21.28,15.27
1982,264,18.72,7.28
1982,265,15.55,6.27
1982,266,15.52,8.53
1982,267,17.11,6.99
1982,268,18.5,11.16
1982,269,16.62,10.89
1982,270,16.76,10.2
1982,271,17.02,8.64
1982,272,14.78,10.03
1982,273,16.92,6.39
1982,274,17.71,6.78
1982,275,17.03,12.17
1982,276,15.48,6.96
1982,277,15.98,9.58
1982,278,11.62,6.93
1982,279,14.98,6.84
1982,280,12.8,9.31
1982,281,13.85,7.12
1982,282,13.15,6.27
1982,283,12.94,6.17
1982,284,11.35,4.36
1982,285,11.51,3.76
1982,286,13.51,9.23
1982,287,12.22,5.35
1982,288,12.88,4.72
1982,289,12.92,5.42
1982,290,14.04,8.68
1982,291,14.66,6.71
1982,292,13.57,6.48
1982,293,16.23,10.87
1982,294,11.38,8.99
1982,295,11.34,6.5
1982,296,12.36,4.54
1982,297,12.82,2.82
1982,298,14.39,9.83
1982,299,17.56,8.0
1982,300,12.34,4.07
1982,301,13.68,2.63
1982,302,14.62,5.59
1982,303,13.2,6.89
1982,304,15.25,7.29
1982,305,16.8,11.48
1982,306,15.77,10.25
1982,307,15.36,8.05
1982,308,12.95,7.13
1982,309,12.78,9.35
1982,310,12.02,7.61
1982,311,12.04,8.08
1982,312,16.0,9.58
1982,313,13.24,6.9
1982,314,14.07,7.39
1982,315,14.56,9.02
1982,316,13.02,4.18
1982,317,8.8,2.62
1982,318,6.11,1.96
1982,319,6.5,1.06
1982,320,10.95,2.5
1982,321,9.26,2.26
1982,322,11.6,5.62
1982,323,8.96,4.42
1982,324,10.2,4.07
1982,325,11.73,7.08
1982,326,10.53,6.0
1982,327,11.96,8.06
1982,328,9.7,4.17
1982,329,9.6,3.05
1982,330,7.32,2.34
1982,331,3.51,0.48
1982,332,5.57,-0.39
1982,333,4.94,-0.26
1982,334,6.48,0.37
1982,335,4.83,0.64
1982,336,4.32,-1.23
1982,337,5.97,0.07
1982,338,5.81,0.08
1982,339,8.59,3.37
1982,340,3.91,0.53
1982,341,11.16,2.33
1982,342,7.56,4.47
1982,343,10.98,4.47
1982,344,10.26,0.7
1982,345,4.91,-0.86
1982,346,3.63,-0.72
1982,347,4.88,-0.28
1982,348,8.75,-2.18
1982,349,11.75,8.55
1982,350,7.25,1.86
1982,351,3.28,-1.82
1982,352,1.4,-2.53
1982,353,10.46,-2.3
1982,354,5.86,4.21
1982,355,6.1,-0.03
1982,356,2.49,-2.2
1982,357,2.51,-4.19
1982,358,6.55,3.06
1982,359,8.73,4.76
1982,360,8.97,6.08
1982,361,8.96,2.85
1982,362,5.63,-0.82
1982,363,4.35,-0.96
1982,364,5.33,-0.81
1982,365,6.59,-0.35
1983,1,9.05,3.89
1983,2,6.53,1.87
1983,3,11.04,6.84
1983,4,11.46,5.81
1983,5,12.16,6.84
1983,6,10.59,1.88
1983,7,7.45,1.39
1983,8,5.77,1.24
1983,9,9.55,2.01
1983,10,10.12,2.39
1983,11,7.56,5.44
1983,12,9.35,5.86
1983,13,7.45,-0.82
1983,14,8.75,-0.41
1983,15,9.51,4.45
1983,16,9.62,5.7
1983,17,8.89,4.49
1983,18,7.92,0.26
1983,19,4.52,-2.28
1983,20,4.29,-3.43
1983,21,6.02,-0.39
1983,22,6.15,0.28
1983,23,5.58,-0.67
1983,24,8.96,2.07
1983,25,8.98,4.79
1983,26,10.74,5.28
1983,27,12.47,8.4
1983,28,10.11,8.43
1983,29,9.26,3.84
1983,30,6.05,1.6
1983,31,9.59,0.26
1983,32,9.56,2.52
1983,33,5.55,0.53
1983,34,4.14,-4.46
1983,35,4.2,-4.99
1983,36,6.86,1.77
1983,37,5.01,1.87
1983,38,3.93,0.47
1983,39,2.06,-2.44
1983,40,1.39,-2.85
1983,41,1.52,-3.51
1983,42,1.89,-1.17
1983,43,1.64,-3.1
1983,44,0.77,-3.57
1983,45,2.42,-2.98
1983,46,1.26,-1.72
1983,47,2.53,-2.33
1983,48,2.61,-2.62
1983,49,4.72,-2.75
1983,50,4.99,-2.81
1983,51,3.21,-1.56
1983,52,3.98,-2.67
1983,53,2.76,-3.1
1983,54,4.73,-3.54
1983,55,6.7,1.34
1983,56,6.57,1.5
1983,57,11.38,2.01
1983,58,8.07,2.18
1983,59,7.78,1.94
1983,60,8.14,0.55
1983,61,5.82,1.8
1983,62,10.12,1.55
1983,63,6.58,-1.2
1983,64,11.28,-1.69
1983,65,10.87,3.03
1983,66,9.63,3.71
1983,67,9.96,2.95
1983,68,8.57,1.54
1983,69,13.4,1.13
1983,70,11.65,3.79
1983,71,11.09,4.0
1983,72,12.83,4.8
1983,73,9.13,3.47
1983,74,9.87,0.85
1983,75,9.08,-0.97
1983,76,14.33,7.15
1983,77,14.81,7.43
1983,78,13.46,6.44
1983,79,11.54,2.02
1983,80,9.2,1.93
1983,81,8.11,1.49
1983,82,10.32,1.53
1983,83,5.73,-0.67
1983,84,6.53,-1.38
1983,85,6.83,-0.7
1983,86,8.93,-0.49
1983,87,7.16,-2.91
1983,88,9.44,-0.03
1983,89,9.08,1.89
1983,90,8.48,2.7
1983,91,8.13,0.99
1983,92,8.57,1.57
1983,93,6.98,-1.12
1983,94,7.42,1.55
1983,95,8.8,2.44
1983,96,7.9,2.05
1983,97,9.27,1.9
1983,98,10.49,0.84
1983,99,12.33,-1.1
1983,100,13.84,4.64
1983,101,7.25,1.9
1983,102,7.29,-0.48
1983,103,10.35,-1.16
1983,104,12.11,3.25
1983,105,15.79,1.02
1983,106,16.23,3.94
1983,107,9.64,3.99
1983,108,3.8,2.1
1983,109,8.51,1.31
1983,110,10.08,1.2
1983,111,12.03,3.49
1983,112,13.52,4.82
1983,113,12.87,5.84
1983,114,13.65,4.12
1983,115,13.28,6.62
1983,116,15.34,6.29
1983,117,14.35,5.9
1983,118,13.39,5.32
1983,119,13.06,5.33
1983,120,15.13,6.31
1983,121,13.74,6.33
1983,122,11.21,5.6
1983,123,13.06,5.35
1983,124,14.12,5.6
1983,125,17.03,6.55
1983,126,16.58,9.75
1983,127,14.5,7.61
1983,128,14.59,7.16
1983,129,12.79,3.79
1983,130,10.71,3.69
1983,131,11.92,5.45
1983,132,12.93,6.62
1983,133,12.92,7.38
1983,134,14.53,6.42
1983,135,13.36,7.2
1983,136,15.19,6.12
1983,137,14.99,7.44
1983,138,13.22,6.66
1983,139,12.59,6.17
1983,140,13.77,5.85
1983,141,13.1,4.74
1983,142,13.95,6.77
1983,143,14.69,7.03
1983,144,13.67,5.11
1983,145,16.73,4.17
1983,146,15.21,4.79
1983,147,12.61,3.65
1983,148,10.76,3.69
1983,149,14.33,6.77
1983,150,15.14,7.18
1983,151,18.63,9.99
1983,152,20.55,10.46
1983,153,16.44,8.6
1983,154,19.55,8.25
1983,155,16.91,12.11
1983,156,17.9,7.74
1983,157,16.29,6.59
1983,158,22.81,11.3
1983,159,22.85,12.04
1983,160,18.89,10.75
1983,161,18.66,9.74
1983,162,18.58,10.18
1983,163,18.66,8.95
1983,164,17.38,5.97
1983,165,17.56,9.29
1983,166,15.64,6.29
1983,167,17.24,5.67
1983,168,16.02,9.91
1983,169,18.64,7.46
1983,170,19.9,7.6
1983,171,20.81,10.09
1983,172,21.69,10.34
1983,173,21.95,10.27
1983,174,23.08,12.75
1983,175,19.25,11.52
1983,176,19.54,10.61
1983,177,22.06,11.04
1983,178,17.42,11.13
1983,179,19.35,8.09
1983,180,20.79,12.59
1983,181,18.62,9.64
1983,182,19.26,7.47
1983,183,22.07,11.46
1983,184,23.38,9.31
1983,185,25.01,12.69
1983,186,24.21,12.73
1983,187,23.09,14.52
1983,188,24.82,15.03
1983,189,26.23,15.71
1983,190,24.2,13.86
1983,191,25.36,13.66
1983,192,27.84,14.39
1983,193,27.32,14.66
1983,194,27.51,14.72
1983,195,28.14,14.72
1983,196,28.11,17.48
1983,197,28.21,16.87
1983,198,27.05,16.33
1983,199,24.99,16.22
1983,200,23.56,15.23
1983,201,20.31,11.41
1983,202,20.73,9.31
1983,203,23.0,12.66
1983,204,23.57,14.83
1983,205,22.1,14.0
1983,206,23.16,13.08
1983,207,23.23,16.18
1983,208,23.93,15.43
1983,209,22.07,13.22
1983,210,26.25,14.98
1983,211,25.9,15.14
1983,212,24.7,15.16
1983,213,19.36,10.19
1983,214,15.28,9.43
1983,215,20.23,7.61
1983,216,21.28,9.2
1983,217,22.0,10.34
1983,218,19.05,10.94
1983,219,20.86,9.5
1983,220,22.65,12.35
1983,221,24.61,14.67
1983,222,23.59,12.95
1983,223,22.51,11.08
1983,224,22.23,12.46
1983,225,21.49,10.39
1983,226,25.42,11.74
1983,227,25.18,13.21
1983,228,23.28,12.97
1983,229,24.47,15.63
1983,230,24.21,13.02
1983,231,26.53,15.42
1983,232,21.87,16.83
1983,233,22.21,15.41
1983,234,23.73,14.52
1983,235,23.98,15.25
1983,236,22.91,13.18
1983,237,23.47,12.76
1983,238,23.77,12.87
1983,239,23.03,11.44
1983,240,20.11,12.19
1983,241,18.86,9.84
1983,242,21.03,9.37
1983,243,24.75,11.81
1983,244,22.5,12.98
1983,245,18.96,10.93
1983,246,18.7,12.24
1983,247,21.58,10.12
1983,248,19.69,9.9
1983,249,18.35,7.64
1983,250,19.55,5.26
1983,251,18.46,11.08
1983,252,16.95,11.39
1983,253,16.6,8.42
1983,254,13.29,7.95
1983,255,15.22,6.04
1983,256,15.32,6.11
1983,257,20.43,12.15
1983,258,18.37,12.06
1983,259,15.19,10.31
1983,260,17.64,9.38
1983,261,16.3,10.71
1983,262,16.87,9.59
1983,263,15.06,7.96
1983,264,16.13,8.81
1983,265,17.01,6.67
1983,266,19.73,9.55
1983,267,24.13,11.33
1983,268,19.61,8.24
1983,269,22.98,9.73
1983,270,22.07,12.88
1983,271,20.63,11.27
1983,272,19.6,10.11
1983,273,19.43,10.47
1983,274,17.8,11.54
1983,275,19.94,11.66
1983,276,20.72,14.99
1983,277,22.64,13.42
1983,278,17.63,10.23
1983,279,17.8,8.83
1983,280,15.83,6.82
1983,281,15.38,6.58
1983,282,17.04,11.43
1983,283,15.84,9.53
1983,284,12.88,7.68
1983,285,14.46,7.3
1983,286,16.69,8.83
1983,287,13.47,8.46
1983,288,13.73,7.5
1983,289,12.63,8.6
1983,290,12.71,6.67
1983,291,15.0,10.72
1983,292,13.23,3.76
1983,293,11.26,2.15
1983,294,12.09,3.31
1983,295,11.83,2.39
1983,296,15.29,3.11
1983,297,11.87,2.94
1983,298,11.59,2.98
1983,299,15.3,6.44
1983,300,13.2,5.91
1983,301,9.99,3.5
1983,302,8.65,0.33
1983,303,7.35,-2.69
1983,304,9.9,4.7
1983,305,15.97,5.09
1983,306,14.73,8.44
1983,307,14.33,7.55
1983,308,14.24,7.2
1983,309,12.67,8.45
1983,310,14.02,7.18
1983,311,14.93,7.67
1983,312,14.51,10.03
1983,313,16.09,8.87
1983,314,14.82,6.59
1983,315,12.62,6.28
1983,316,9.87,5.39
1983,317,8.74,2.37
1983,318,4.81,-2.52
1983,319,5.48,-3.72
1983,320,7.66,2.19
1983,321,8.52,4.06
1983,322,7.76,1.9
1983,323,6.58,0.53
1983,324,7.51,0.57
1983,325,5.07,-1.68
1983,326,4.62,-2.85
1983,327,4.99,-3.6
1983,328,6.36,-1.32
1983,329,13.0,6.79
1983,330,12.88,9.43
1983,331,11.54,7.89
1983,332,7.58,3.37
1983,333,8.7,2.28
1983,334,6.33,0.23
1983,335,4.76,-1.41
1983,336,6.17,-1.63
1983,337,6.66,-1.18
1983,338,7.91,-0.78
1983,339,7.84,3.26
1983,340,4.21,0.37
1983,341,4.07,-1.5
1983,342,10.45,4.1
1983,343,10.56,4.16
1983,344,4.15,-4.2
1983,345,1.28,-4.11
1983,346,2.87,-1.57
1983,347,6.65,-1.89
1983,348,4.93,2.99
1983,349,6.43,3.9
1983,350,5.85,3.38
1983,351,6.13,3.81
1983,352,6.23,4.42
1983,353,8.36,6.51
1983,354,9.6,5.73
1983,355,8.53,6.15
1983,356,10.4,5.7
1983,357,10.45,5.54
1983,358,11.76,6.49
1983,359,10.26,8.23
1983,360,8.99,3.87
1983,361,11.68,5.11
1983,362,9.47,6.97
1983,363,8.18,4.74
1983,364,6.68,0.12
1983,365,7.19,0.41
1984,1,9.57,6.62
1984,2,10.55,2.22
1984,3,9.13,1.01
1984,4,4.86,-1.06
1984,5,7.6,-0.54
1984,6,6.59,1.14
1984,7,7.05,0.86
1984,8,3.6,0.5
1984,9,2.4,-2.56
1984,10,8.91,-0.71
1984,11,10.85,5.25
1984,12,5.44,0.59
1984,13,12.13,2.64
1984,14,9.25,-0.3
1984,15,3.27,-1.02
1984,16,10.13,-0.03
1984,17,5.51,1.27
1984,18,4.58,-1.37
1984,19,2.8,-1.89
1984,20,3.93,-2.31
1984,21,3.21,-0.71
1984,22,3.2,-2.3
1984,23,2.51,-2.4
1984,24,1.04,-3.2
1984,25,3.31,-3.14
1984,26,6.44,0.81
1984,27,7.29,3.33
1984,28,5.79,1.93
1984,29,8.05,3.72
1984,30,7.26,1.39
1984,31,5.4,-1.18
1984,32,8.42,2.56
1984,33,7.04,2.6
1984,34,10.28,1.05
1984,35,10.81,0.8
1984,36,9.27,1.37
1984,37,9.4,6.11
1984,38,7.42,1.34
1984,39,6.97,1.54
1984,40,6.46,-0.71
1984,41,9.42,-1.95
1984,42,8.22,1.48
1984,43,6.77,-1.31
1984,44,6.19,-3.69
1984,45,7.61,-2.23
1984,46,5.15,-1.53
1984,47,3.11,-1.94
1984,48,6.97,-2.27
1984,49,6.01,-2.73
1984,50,3.49,-3.47
1984,51,4.65,-3.59
1984,52,6.79,3.08
1984,53,5.21,2.64
1984,54,5.69,-0.15
1984,55,4.46,-0.5
1984,56,3.83,-1.63
1984,57,3.92,-0.93
1984,58,6.03,0.15
1984,59,6.15,0.63
1984,60,5.76,-0.92
1984,61,10.33,1.62
1984,62,5.45,1.83
1984,63,5.93,-1.84
1984,64,6.1,-1.87
1984,65,12.36,4.64
1984,66,12.2,2.08
1984,67,10.73,1.52
1984,68,5.97,-2.7
1984,69,6.51,-3.06
1984,70,6.63,-1.67
1984,71,8.3,2.09
1984,72,8.14,1.76
1984,73,6.16,0.37
1984,74,9.4,0.69
1984,75,8.89,0.58
1984,76,7.84,-0.93
1984,77,7.34,-0.53
1984,78,6.86,-1.92
1984,79,7.24,-2.04
1984,80,9.45,-0.37
1984,81,9.51,1.37
1984,82,9.77,1.34
1984,83,10.44,0.46
1984,84,7.95,4.02
1984,85,7.62,2.7
1984,86,9.46,3.11
1984,87,8.76,2.42
1984,88,7.41,1.54
1984,89,9.07,1.65
1984,90,9.19,0.99
1984,91,6.89,0.1
1984,92,4.73,-0.19
1984,93,7.27,-2.8
1984,94,7.73,-3.72
1984,95,8.77,-1.74
1984,96,8.0,-2.95
1984,97,6.19,1.09
1984,98,9.73,1.12
1984,99,11.02,0.98
1984,100,9.97,1.03
1984,101,9.65,2.83
1984,102,12.02,2.76
1984,103,11.71,0.32
1984,104,13.05,1.71
1984,105,15.61,0.68
1984,106,12.22,1.58
1984,107,9.87,0.9
1984,108,12.32,-0.51
1984,109,14.08,3.39
1984,110,16.03,4.79
1984,111,17.66,3.53
1984,112,20.17,4.2
1984,113,16.57,6.19
1984,114,15.72,4.34
1984,115,17.86,3.87
1984,116,18.69,6.37
1984,117,17.9,5.21
1984,118,15.93,4.04
1984,119,15.22,3.11
1984,120,12.34,4.8
1984,121,14.62,3.93
1984,122,15.56,6.48
1984,123,14.83,5.67
1984,124,12.08,5.63
1984,125,15.47,5.71
1984,126,14.92,4.16
1984,127,12.94,4.81
1984,128,12.66,3.15
1984,129,11.9,2.11
1984,130,13.63,1.46
1984,131,11.8,4.45
1984,132,11.84,4.33
1984,133,12.78,3.76
1984,134,13.54,3.65
1984,135,15.6,4.47
1984,136,12.41,4.9
1984,137,15.11,6.06
1984,138,13.33,8.19
1984,139,15.36,7.59
1984,140,15.22,5.92
1984,141,9.3,5.25
1984,142,13.87,4.79
1984,143,12.34,7.66
1984,144,15.74,5.92
1984,145,20.23,7.21
1984,146,15.71,6.76
1984,147,11.59,5.58
1984,148,11.04,4.43
1984,149,11.17,7.25
1984,150,15.57,5.18
1984,151,18.89,3.59
1984,152,18.5,7.73
1984,153,14.15,5.88
1984,154,15.69,6.23
1984,155,15.47,7.25
1984,156,15.65,7.18
1984,157,15.05,7.48
1984,158,17.53,6.51
1984,159,20.51,11.08
1984,160,19.88,7.65
1984,161,20.99,5.42
1984,162,21.82,8.89
1984,163,15.68,9.69
1984,164,18.68,9.9
1984,165,21.02,10.55
1984,166,20.19,10.86
1984,167,21.62,8.69
1984,168,22.41,12.02
1984,169,22.66,10.99
1984,170,23.93,12.83
1984,171,24.63,14.48
1984,172,25.04,14.81
1984,173,19.63,11.2
1984,174,20.03,9.87
1984,175,18.88,7.87
1984,176,18.16,7.79
1984,177,22.41,11.81
1984,178,22.96,11.02
1984,179,22.36,10.55
1984,180,15.7,8.14
1984,181,18.0,6.14
1984,182,17.95,6.98
1984,183,20.78,8.42
1984,184,16.23,8.56
1984,185,19.05,5.6
1984,186,20.27,8.36
1984,187,23.77,9.46
1984,188,25.02,10.76
1984,189,24.68,11.82
1984,190,26.79,11.96
1984,191,20.22,12.75
1984,192,21.68,13.21
1984,193,21.19,11.44
1984,194,20.1,12.26
1984,195,20.32,11.57
1984,196,21.6,13.42
1984,197,18.55,10.68
1984,198,19.45,9.3
1984,199,21.38,10.41
1984,200,22.62,12.32
1984,201,20.16,9.99
1984,202,21.22,9.8
1984,203,24.5,9.94
1984,204,21.97,12.14
1984,205,24.4,12.14
1984,206,21.82,11.86
1984,207,18.47,10.16
1984,208,23.01,8.84
1984,209,24.22,11.03
1984,210,25.54,13.84
1984,211,25.96,11.04
1984,212,22.73,15.42
1984,213,21.6,11.09
1984,214,22.28,9.27
1984,215,22.03,14.18
1984,216,21.87,13.1
1984,217,20.72,12.01
1984,218,17.73,10.71
1984,219,20.89,8.53
1984,220,17.19,10.56
1984,221,20.42,9.61
1984,222,21.95,10.92
1984,223,20.16,10.0
1984,224,20.58,8.0
1984,225,21.17,10.93
1984,226,22.71,10.17
1984,227,24.31,11.95
1984,228,22.78,13.99
1984,229,23.98,13.41
1984,230,24.06,12.34
1984,231,25.89,10.96
1984,232,26.66,13.32
1984,233,26.65,13.05
1984,234,26.27,15.53
1984,235,23.62,14.83
1984,236,23.71,13.89
1984,237,22.6,15.18
1984,238,25.07,13.84
1984,239,24.15,11.29
1984,240,24.03,13.84
1984,241,24.57,13.09
1984,242,25.16,13.01
1984,243,24.85,15.9
1984,244,24.88,15.32
1984,245,24.15,13.58
1984,246,22.92,12.42
1984,247,25.02,15.63
1984,248,17.24,8.13
1984,249,16.18,6.11
1984,250,17.21,7.47
1984,251,15.86,7.91
1984,252,18.06,8.42
1984,253,17.46,10.85
1984,254,17.49,9.19
1984,255,21.0,8.86
1984,256,21.35,12.48
1984,257,21.85,11.55
1984,258,19.43,13.11
1984,259,19.44,11.83
1984,260,19.58,10.96
1984,261,16.72,10.92
1984,262,17.98,7.37
1984,263,18.49,10.4
1984,264,18.1,6.85
1984,265,14.55,7.26
1984,266,15.83,8.35
1984,267,12.16,7.46
1984,268,13.18,7.41
1984,269,15.46,7.03
1984,270,16.57,7.0
1984,271,17.43,7.46
1984,272,21.0,12.72
1984,273,18.85,10.89
1984,274,16.22,7.79
1984,275,14.47,6.53
1984,276,13.66,5.99
1984,277,14.04,8.48
1984,278,14.76,7.41
1984,279,11.88,8.05
1984,280,14.2,5.93
1984,281,15.66,5.05
1984,282,20.99,7.62
1984,283,18.1,9.58
1984,284,15.32,9.19
1984,285,17.29,6.74
1984,286,17.6,7.98
1984,287,17.34,9.23
1984,288,17.75,7.92
1984,289,16.9,6.52
1984,290,17.26,6.56
1984,291,15.62,9.51
1984,292,15.24,11.15
1984,293,13.62,9.32
1984,294,12.44,5.4
1984,295,12.8,3.94
1984,296,16.6,11.2
1984,297,13.38,5.27
1984,298,14.67,5.2
1984,299,14.33,5.41
1984,300,12.2,2.4
1984,301,12.61,1.91
1984,302,14.29,8.23
1984,303,18.45,13.22
1984,304,17.91,9.78
1984,305,16.57,9.53
1984,306,17.56,10.96
1984,307,16.67,5.86
1984,308,10.06,3.66
1984,309,10.42,3.68
1984,310,8.99,4.62
1984,311,11.61,6.83
1984,312,11.43,7.9
1984,313,15.15,8.68
1984,314,13.98,9.31
1984,315,13.52,7.41
1984,316,14.39,7.63
1984,317,15.03,10.28
1984,318,10.05,5.29
1984,319,10.35,6.44
1984,320,8.76,1.5
1984,321,6.9,1.13
1984,322,6.35,3.33
1984,323,7.54,3.61
1984,324,7.56,1.38
1984,325,10.89,2.01
1984,326,10.82,6.37
1984,327,12.15,9.02
1984,328,12.04,7.75
1984,329,10.06,6.94
1984,330,9.09,2.4
1984,331,7.69,1.04
1984,332,9.45,2.15
1984,333,12.17,8.43
1984,334,12.04,8.78
1984,335,11.65,7.92
1984,336,11.38,6.23
1984,337,8.61,3.98
1984,338,8.46,4.02
1984,339,9.43,5.3
1984,340,10.32,8.19
1984,341,8.99,3.39
1984,342,9.81,1.03
1984,343,8.7,0.92
1984,344,5.64,1.52
1984,345,7.1,2.33
1984,346,4.76,2.14
1984,347,7.14,4.5
1984,348,6.79,4.18
1984,349,7.73,2.99
1984,350,6.06,1.42
1984,351,5.45,0.55
1984,352,8.44,0.88
1984,353,4.87,-1.95
1984,354,9.16,4.62
1984,355,10.61,6.94
1984,356,6.02,-0.05
1984,357,7.42,-0.07
1984,358,10.72,7.54
1984,359,10.16,1.09
1984,360,6.32,0.14
1984,361,3.45,-0.79
1984,362,4.61,-1.27
1984,363,4.18,-0.92
1984,364,3.97,0.15
1984,365,5.49,2.55
1984,366,6.85,0.07
1985,1,3.47,-0.68
1985,2,3.45,-0.92
1985,3,1.55,-1.53
1985,4,2.07,-3.06
1985,5,-0.83,-4.72
1985,6,1.8,-4.78
1985,7,-2.64,-5.41
1985,8,-2.51,-6.84
1985,9,1.13,-5.14
1985,10,2.23,-4.67
1985,11,0.99,-5.29
1985,12,0.97,-3.52
1985,13,-0.57,-5.4
1985,14,-0.63,-5.67
1985,15,-2.01,-6.29
1985,16,-4.24,-7.39
1985,17,-2.18,-7.42
1985,18,0.44,-1.93
1985,19,1.09,-3.53
1985,20,0.9,-3.36
1985,21,6.49,1.25
1985,22,5.87,-0.93
1985,23,3.34,-1.94
1985,24,6.2,-1.97
1985,25,5.55,2.63
1985,26,3.45,-4.4
1985,27,3.36,-4.88
1985,28,7.76,2.16
1985,29,10.52,2.65
1985,30,8.24,3.27
1985,31,10.35,6.44
1985,32,11.72,6.71
1985,33,10.52,3.67
1985,34,9.39,3.14
1985,35,9.54,1.29
1985,36,8.4,0.86
1985,37,9.71,4.2
1985,38,4.33,0.91
1985,39,1.41,-0.31
1985,40,-0.41,-3.44
1985,41,-3.62,-5.81
1985,42,-2.45,-7.1
1985,43,-1.18,-8.53
1985,44,-0.35,-8.99
1985,45,1.22,-8.88
1985,46,-1.93,-6.73
1985,47,1.94,-7.07
1985,48,2.53,-2.37
1985,49,1.68,-6.38
1985,50,1.97,-6.87
1985,51,4.62,-2.03
1985,52,4.65,-1.37
1985,53,4.29,-1.49
1985,54,8.83,-0.05
1985,55,11.1,0.12
1985,56,9.58,0.84
1985,57,10.87,1.25
1985,58,13.09,3.32
1985,59,9.47,0.92
1985,60,9.78,1.19
1985,61,7.69,3.17
1985,62,8.77,4.09
1985,63,8.69,0.74
1985,64,8.87,0.54
1985,65,9.72,0.55
1985,66,9.7,2.39
1985,67,11.43,2.03
1985,68,10.52,1.53
1985,69,12.51,1.48
1985,70,9.05,-1.02
1985,71,9.72,-2.84
1985,72,7.3,-1.56
1985,73,6.8,-0.84
1985,74,5.57,0.11
1985,75,3.87,-1.8
1985,76,4.9,-2.59
1985,77,6.1,-2.8
1985,78,2.88,-3.89
1985,79,3.17,-3.76
1985,80,5.18,-1.67
1985,81,7.57,1.94
1985,82,6.59,1.64
1985,83,8.01,1.33
1985,84,7.75,1.46
1985,85,7.29,2.37
1985,86,7.38,-1.96
1985,87,8.88,-2.15
1985,88,8.01,1.45
1985,89,12.15,7.5
1985,90,14.54,7.1
1985,91,16.01,9.33
1985,92,15.33,8.18
1985,93,16.68,8.45
1985,94,14.03,6.86
1985,95,10.8,7.12
1985,96,11.11,5.61
1985,97,11.37,5.51
1985,98,12.62,5.43
1985,99,12.1,3.92
1985,100,11.11,1.78
1985,101,10.59,4.36
1985,102,10.55,3.51
1985,103,9.06,3.98
1985,104,10.33,3.63
1985,105,12.95,1.94
1985,106,16.29,6.31
1985,107,16.04,4.44
1985,108,17.35,4.0
1985,109,18.67,6.79
1985,110,8.3,1.59
1985,111,11.28,-0.87
1985,112,13.71,4.15
1985,113,10.77,1.8
1985,114,12.29,-0.61
1985,115,10.56,-0.96
1985,116,11.21,-3.03
1985,117,10.13,-0.25
1985,118,7.41,-1.53
1985,119,10.25,2.44
1985,120,15.37,6.61
1985,121,12.43,5.5
1985,122,12.32,3.45
1985,123,11.83,3.12
1985,124,11.34,5.04
1985,125,11.0,5.08
1985,126,14.87,3.93
1985,127,16.31,5.31
1985,128,17.16,7.69
1985,129,14.91,6.61
1985,130,13.39,3.76
1985,131,14.02,6.41
1985,132,16.04,5.82
1985,133,15.84,7.92
1985,134,13.08,7.09
1985,135,15.12,6.97
1985,136,18.61,6.32
1985,137,19.33,6.89
1985,138,18.53,7.39
1985,139,17.62,7.74
1985,140,16.59,9.18
1985,141,15.51,7.4
1985,142,15.65,6.88
1985,143,16.36,8.18
1985,144,16.95,9.24
1985,145,18.77,10.09
1985,146,22.55,12.23
1985,147,17.97,10.29
1985,148,17.84,8.34
1985,149,16.78,6.01
1985,150,16.85,5.27
1985,151,16.59,5.85
1985,152,19.63,6.09
1985,153,20.69,7.59
1985,154,21.33,9.16
1985,155,22.26,10.17
1985,156,20.8,13.16
1985,157,17.69,10.89
1985,158,11.79,6.91
1985,159,14.94,4.37
1985,160,15.19,9.08
1985,161,15.14,7.45
1985,162,16.48,7.99
1985,163,14.88,8.79
1985,164,17.42,7.1
1985,165,15.81,7.85
1985,166,16.37,4.96
1985,167,16.51,8.26
1985,168,16.78,7.65
1985,169,17.19,7.91
1985,170,15.28,8.92
1985,171,18.03,7.47
1985,172,14.97,10.76
1985,173,17.11,11.04
1985,174,17.89,9.5
1985,175,16.34,9.1
1985,176,16.73,7.8
1985,177,16.14,8.9
1985,178,17.68,9.62
1985,179,18.37,9.14
1985,180,20.38,12.59
1985,181,21.32,11.25
1985,182,21.19,12.29
1985,183,22.58,9.42
1985,184,22.52,9.88
1985,185,24.3,12.43
1985,186,25.64,13.81
1985,187,20.13,10.25
1985,188,21.07,9.47
1985,189,23.23,11.86
1985,190,20.57,11.87
1985,191,21.58,9.05
1985,192,21.35,12.79
1985,193,23.32,12.72
1985,194,25.85,11.69
1985,195,24.15,13.08
1985,196,20.21,9.13
1985,197,20.92,11.26
1985,198,20.94,9.09
1985,199,18.93,11.86
1985,200,19.03,9.15
1985,201,17.81,8.96
1985,202,19.52,8.52
1985,203,20.92,13.92
1985,204,23.05,12.18
1985,205,24.97,11.92
1985,206,25.17,13.07
1985,207,22.69,14.15
1985,208,20.55,14.06
1985,209,20.04,13.84
1985,210,18.51,12.91
1985,211,19.41,12.42
1985,212,20.91,11.3
1985,213,19.06,10.7
1985,214,16.7,10.93
1985,215,18.43,10.56
1985,216,16.68,9.8
1985,217,18.57,10.42
1985,218,18.13,8.56
1985,219,16.75,9.3
1985,220,20.39,9.7
1985,221,19.53,9.15
1985,222,17.67,8.67
1985,223,18.01,10.62
1985,224,18.3,10.22
1985,225,19.4,10.68
1985,226,21.31,11.98
1985,227,18.85,11.22
1985,228,18.27,11.18
1985,229,20.35,9.04
1985,230,20.85,11.2
1985,231,20.2,12.64
1985,232,19.88,10.92
1985,233,22.01,11.17
1985,234,20.33,10.78
1985,235,18.81,10.24
1985,236,18.54,10.36
1985,237,17.39,9.27
1985,238,18.0,8.23
1985,239,20.18,7.35
1985,240,23.31,11.45
1985,241,23.92,13.67
1985,242,24.69,11.88
1985,243,20.87,10.63
1985,244,18.13,9.66
1985,245,16.31,8.38
1985,246,18.41,10.7
1985,247,16.33,8.6
1985,248,18.45,8.29
1985,249,16.44,6.77
1985,250,18.5,4.95
1985,251,18.87,10.47
1985,252,19.88,9.68
1985,253,21.45,10.4
1985,254,22.84,11.84
1985,255,25.42,11.23
1985,256,18.54,9.52
1985,257,18.0,8.71
1985,258,17.08,8.67
1985,259,17.62,8.22
1985,260,22.86,12.85
1985,261,21.61,11.72
1985,262,20.6,12.93
1985,263,18.22,9.19
1985,264,18.31,12.06
1985,265,21.4,12.84
1985,266,20.38,10.91
1985,267,18.54,9.65
1985,268,20.61,10.48
1985,269,21.71,10.81
1985,270,21.65,10.46
1985,271,21.12,9.29
1985,272,21.7,10.63
1985,273,24.16,11.01
1985,274,24.21,14.27
1985,275,20.4,12.93
1985,276,19.68,13.02
1985,277,18.1,11.79
1985,278,17.53,10.52
1985,279,18.66,11.17
1985,280,15.09,10.21
1985,281,13.64,7.12
1985,282,15.26,9.23
1985,283,18.39,8.71
1985,284,19.32,10.0
1985,285,15.83,6.99
1985,286,16.33,6.6
1985,287,17.68,6.09
1985,288,15.51,7.76
1985,289,14.25,7.69
1985,290,14.07,8.24
1985,291,12.89,6.91
1985,292,14.81,6.73
1985,293,14.0,5.22
1985,294,14.89,4.34
1985,295,15.0,5.88
1985,296,12.49,6.08
1985,297,13.84,4.0
1985,298,13.61,3.92
1985,299,10.8,3.31
1985,300,11.78,4.84
1985,301,9.97,4.76
1985,302,12.15,4.77
1985,303,11.25,5.13
1985,304,8.53,3.6
1985,305,10.02,2.8
1985,306,6.56,-3.33
1985,307,7.26,-3.45
1985,308,11.39,-0.23
1985,309,12.8,4.64
1985,310,8.87,2.16
1985,311,11.55,6.48
1985,312,16.37,8.71
1985,313,12.48,6.4
1985,314,6.08,0.39
1985,315,4.91,-1.78
1985,316,4.99,-3.1
1985,317,5.78,-2.4
1985,318,6.94,-2.78
1985,319,7.96,-0.24
1985,320,6.36,0.53
1985,321,6.99,1.53
1985,322,4.3,-0.21
1985,323,1.11,-1.47
1985,324,2.75,-2.05
1985,325,5.11,0.54
1985,326,5.38,1.53
1985,327,5.89,-0.45
1985,328,4.06,-0.12
1985,329,5.2,0.55
1985,330,3.93,-1.02
1985,331,3.41,-1.66
1985,332,2.76,-2.53
1985,333,4.66,-1.66
1985,334,10.45,4.45
1985,335,12.27,8.94
1985,336,12.57,11.09
1985,337,12.67,9.95
1985,338,12.49,9.59
1985,339,11.21,4.17
1985,340,10.32,3.45
1985,341,9.04,3.87
1985,342,8.05,3.24
1985,343,5.61,-0.2
1985,344,6.22,0.78
1985,345,8.11,4.95
1985,346,8.36,5.84
1985,347,11.36,7.31
1985,348,12.45,8.09
1985,349,11.03,8.47
1985,350,8.66,5.54
1985,351,9.47,5.84
1985,352,9.36,3.63
1985,353,7.92,3.49
1985,354,9.31,7.79
1985,355,10.46,8.17
1985,356,9.35,5.42
1985,357,8.84,5.52
1985,358,9.95,6.08
1985,359,8.67,5.44
1985,360,7.34,1.57
1985,361,1.56,-5.55
1985,362,-0.28,-5.73
1985,363,-0.1,-4.77
1985,364,1.72,-4.03
1985,365,2.29,1.36
1986,1,3.99,-0.53
1986,2,6.21,2.17
1986,3,2.69,-2.87
1986,4,5.32,-3.74
1986,5,5.51,-1.58
1986,6,1.8,-3.36
1986,7,1.5,-3.23
1986,8,1.34,-0.88
1986,9,3.58,-3.22
1986,10,10.45,4.14
1986,11,6.88,2.23
1986,12,5.96,1.79
1986,13,9.92,4.92
1986,14,6.78,4.09
1986,15,5.23,1.09
1986,16,2.77,-2.29
1986,17,4.33,-1.99
1986,18,10.07,3.87
1986,19,10.1,4.15
1986,20,7.92,1.98
1986,21,8.28,2.65
1986,22,8.88,1.45
1986,23,6.19,1.41
1986,24,3.37,-1.46
1986,25,2.81,-4.56
1986,26,2.87,-4.78
1986,27,3.51,-3.25
1986,28,3.97,-1.41
1986,29,3.75,2.28
1986,30,5.36,1.54
1986,31,3.16,0.54
1986,32,3.07,0.34
1986,33,4.6,0.36
1986,34,2.88,-1.1
1986,35,3.22,-0.94
1986,36,3.35,-2.96
1986,37,0.31,-2.79
1986,38,0.54,-2.53
1986,39,0.2,-5.07
1986,40,-0.46,-5.71
1986,41,0.11,-8.06
1986,42,1.03,-5.38
1986,43,2.05,-3.83
1986,44,2.98,-4.62
1986,45,-0.4,-4.2
1986,46,3.12,-3.44
1986,47,2.26,-3.19
1986,48,1.71,-1.79
1986,49,0.57,-3.0
1986,50,1.28,-5.06
1986,51,-0.03,-5.68
1986,52,-1.72,-7.17
1986,53,-0.16,-8.07
1986,54,0.52,-4.9
1986,55,2.5,-6.04
1986,56,-0.59,-4.13
1986,57,-0.69,-5.28
1986,58,1.26,-5.4
1986,59,1.67,-4.39
1986,60,0.37,-2.88
1986,61,2.74,-4.65
1986,62,3.3,-5.24
1986,63,6.09,-2.15
1986,64,9.16,3.05
1986,65,8.5,0.74
1986,66,9.6,0.56
1986,67,7.93,-0.83
1986,68,7.57,-0.25
1986,69,8.79,1.57
1986,70,8.33,-0.15
1986,71,7.3,-2.12
1986,72,8.17,-1.47
1986,73,10.98,-0.37
1986,74,12.28,1.3
1986,75,11.9,1.69
1986,76,11.68,1.06
1986,77,13.95,2.7
1986,78,9.83,2.81
1986,79,11.13,2.1
1986,80,10.1,1.04
1986,81,9.02,3.17
1986,82,9.81,3.84
1986,83,9.95,0.69
1986,84,7.47,-0.78
1986,85,8.22,1.97
1986,86,12.07,6.38
1986,87,9.08,4.83
1986,88,10.28,2.5
1986,89,6.75,0.57
1986,90,7.56,2.72
1986,91,8.88,0.62
1986,92,7.81,-1.4
1986,93,6.82,-0.55
1986,94,8.18,-0.47
1986,95,6.31,-1.39
1986,96,5.3,-2.14
1986,97,4.42,0.14
1986,98,6.31,2.73
1986,99,10.15,3.15
1986,100,6.72,-1.59
1986,101,4.56,-1.95
1986,102,7.6,-1.05
1986,103,7.95,-3.07
1986,104,10.21,3.03
1986,105,9.19,4.85
1986,106,10.28,3.84
1986,107,8.65,2.4
1986,108,8.47,1.42
1986,109,9.92,-0.43
1986,110,12.42,3.79
1986,111,8.98,3.78
1986,112,9.28,4.23
1986,113,10.57,4.25
1986,114,12.5,4.14
1986,115,13.37,4.33
1986,116,15.77,2.52
1986,117,12.11,5.05
1986,118,14.41,3.3
1986,119,13.13,3.38
1986,120,15.43,1.36
1986,121,16.91,5.43
1986,122,19.57,5.99
1986,123,12.67,6.94
1986,124,12.71,6.29
1986,125,12.77,7.29
1986,126,16.37,5.68
1986,127,12.37,5.38
1986,128,13.81,7.06
1986,129,15.69,6.6
1986,130,16.46,9.68
1986,131,15.63,8.13
1986,132,14.69,7.91
1986,133,14.3,6.8
1986,134,13.44,7.0
1986,135,12.77,4.95
1986,136,15.98,2.69
1986,137,16.2,5.88
1986,138,16.23,8.43
1986,139,19.6,6.56
1986,140,19.41,9.12
1986,141,13.8,6.84
1986,142,15.84,6.88
1986,143,15.96,7.88
1986,144,16.11,6.79
1986,145,18.23,8.07
1986,146,18.52,7.81
1986,147,15.46,6.64
1986,148,13.22,5.7
1986,149,13.48,4.37
1986,150,15.47,5.5
1986,151,11.87,6.81
1986,152,16.79,8.89
1986,153,18.87,10.73
1986,154,17.61,7.65
1986,155,14.04,5.8
1986,156,13.37,5.05
1986,157,13.71,5.46
1986,158,17.32,6.19
1986,159,16.23,6.33
1986,160,18.62,8.53
1986,161,16.06,8.26
1986,162,14.77,6.47
1986,163,18.38,5.11
1986,164,20.84,7.17
1986,165,21.28,10.58
1986,166,23.15,9.69
1986,167,26.48,13.28
1986,168,23.14,12.42
1986,169,19.62,8.98
1986,170,20.14,10.58
1986,171,18.61,9.96
1986,172,18.71,8.94
1986,173,20.27,10.85
1986,174,22.56,11.14
1986,175,19.61,10.13
1986,176,23.19,12.52
1986,177,24.09,12.86
1986,178,26.13,13.88
1986,179,26.26,14.21
1986,180,24.82,12.71
1986,181,25.42,11.91
1986,182,23.79,11.91
1986,183,24.87,13.48
1986,184,22.78,13.64
1986,185,23.88,11.79
1986,186,21.19,13.1
1986,187,20.82,11.73
1986,188,19.04,10.23
1986,189,20.6,9.86
1986,190,18.97,8.22
1986,191,21.45,11.62
1986,192,20.94,10.67
1986,193,18.98,11.85
1986,194,20.87,11.95
1986,195,25.01,13.55
1986,196,26.89,15.94
1986,197,26.55,16.38
1986,198,21.85,11.55
1986,199,20.04,9.08
1986,200,20.84,9.75
1986,201,21.14,10.68
1986,202,21.77,10.64
1986,203,18.3,11.46
1986,204,16.86,7.78
1986,205,21.2,7.62
1986,206,21.18,14.24
1986,207,23.57,12.21
1986,208,23.29,10.44
1986,209,22.1,14.59
1986,210,22.87,11.47
1986,211,19.26,10.12
1986,212,20.86,10.77
1986,213,19.32,7.87
1986,214,20.16,11.42
1986,215,15.16,9.34
1986,216,18.62,8.92
1986,217,20.18,8.74
1986,218,22.05,10.44
1986,219,20.55,11.85
1986,220,21.12,10.12
1986,221,21.74,11.34
1986,222,22.76,11.04
1986,223,21.69,13.5
1986,224,20.89,11.41
1986,225,21.12,11.68
1986,226,21.12,11.34
1986,227,21.53,10.19
1986,228,21.25,10.04
1986,229,21.42,10.5
1986,230,18.01,12.29
1986,231,17.78,10.79
1986,232,19.64,7.07
1986,233,19.27,10.34
1986,234,20.63,12.94
1986,235,19.24,10.63
1986,236,17.74,10.28
1986,237,15.64,10.46
1986,238,18.51,10.98
1986,239,16.5,8.11
1986,240,13.15,6.84
1986,241,16.32,5.48
1986,242,16.42,7.4
1986,243,17.29,6.22
1986,244,16.36,8.34
1986,245,19.97,9.44
1986,246,15.54,7.04
1986,247,18.54,5.83
1986,248,19.31,6.75
1986,249,17.03,9.16
1986,250,18.36,6.85
1986,251,16.62,5.07
1986,252,16.54,3.57
1986,253,16.79,4.02
1986,254,15.15,7.86
1986,255,16.0,7.47
1986,256,14.0,7.69
1986,257,15.68,8.85
1986,258,11.27,7.26
1986,259,13.87,6.65
1986,260,11.75,5.21
1986,261,14.7,4.99
1986,262,15.71,5.97
1986,263,19.21,4.4
1986,264,19.1,6.11
1986,265,20.28,5.99
1986,266,20.11,7.82
1986,267,15.21,9.69
1986,268,16.21,6.31
1986,269,16.89,5.92
1986,270,15.65,7.5
1986,271,19.15,9.28
1986,272,20.6,8.45
1986,273,19.98,9.03
1986,274,20.48,8.27
1986,275,17.58,9.4
1986,276,18.96,9.36
1986,277,18.19,9.43
1986,278,20.97,10.08
1986,279,19.25,10.48
1986,280,20.98,10.69
1986,281,17.69,10.98
1986,282,19.65,10.03
1986,283,19.49,8.42
1986,284,16.32,7.02
1986,285,16.0,7.06
1986,286,18.12,7.58
1986,287,17.8,10.17
1986,288,16.07,5.59
1986,289,14.28,5.55
1986,290,15.79,6.21
1986,291,14.85,9.09
1986,292,11.32,4.97
1986,293,14.37,6.84
1986,294,12.87,7.07
1986,295,12.85,6.07
1986,296,9.86,2.79
1986,297,11.46,2.52
1986,298,11.74,6.22
1986,299,11.53,3.98
1986,300,13.25,6.49
1986,301,16.27,10.77
1986,302,11.7,5.06
1986,303,12.62,5.57
1986,304,12.11,5.48
1986,305,12.28,4.55
1986,306,9.13,1.19
1986,307,11.24,1.68
1986,308,10.26,2.6
1986,309,10.58,5.64
1986,310,10.01,1.68
1986,311,14.18,3.67
1986,312,11.31,3.68
1986,313,10.46,3.49
1986,314,14.7,10.13
1986,315,13.7,3.04
1986,316,12.21,3.41
1986,317,13.18,9.53
1986,318,12.77,8.71
1986,319,11.33,6.64
1986,320,12.52,6.08
1986,321,10.23,4.56
1986,322,11.47,7.71
1986,323,12.08,4.97
1986,324,7.74,1.88
1986,325,8.4,3.53
1986,326,9.43,4.07
1986,327,8.2,3.02
1986,328,11.69,3.64
1986,329,12.21,10.81
1986,330,11.0,4.58
1986,331,10.4,3.75
1986,332,9.79,2.4
1986,333,4.43,2.81
1986,334,9.18,3.0
1986,335,11.05,5.58
1986,336,12.96,5.91
1986,337,12.07,6.25
1986,338,13.5,10.42
1986,339,12.2,5.57
1986,340,6.43,0.44
1986,341,10.76,2.01
1986,342,11.29,9.29
1986,343,9.45,0.52
1986,344,6.03,-0.43
1986,345,7.81,3.03
1986,346,8.01,2.85
1986,347,8.68,1.51
1986,348,4.24,-1.35
1986,349,8.81,-0.97
1986,350,5.53,1.21
1986,351,10.28,2.56
1986,352,10.58,2.62
1986,353,4.48,1.07
1986,354,5.15,1.38
1986,355,2.85,-0.86
1986,356,2.25,-0.83
1986,357,1.85,-2.19
1986,358,3.03,-1.33
1986,359,8.32,0.73
1986,360,3.92,-1.32
1986,361,4.43,0.21
1986,362,9.52,1.58
1986,363,9.16,6.38
1986,364,10.05,6.84
1986,365,9.04,5.43
1987,1,9.87,5.01
1987,2,6.1,0.19
1987,3,3.37,-3.64
1987,4,8.75,-1.35
1987,5,6.76,3.09
1987,6,3.94,-0.61
1987,7,2.09,-3.25
1987,8,2.18,-3.15
1987,9,2.06,-2.22
1987,10,0.15,-3.65
1987,11,-3.72,-6.6
1987,12,-6.84,-8.57
1987,13,-4.35,-8.15
1987,14,-2.87,-6.29
1987,15,-1.14,-4.95
1987,16,0.18,-4.24
1987,17,-1.99,-5.93
1987,18,-2.01,-6.2
1987,19,-2.51,-7.37
1987,20,0.87,-5.45
1987,21,2.93,0.43
1987,22,3.47,0.9
1987,23,5.67,0.05
1987,24,3.78,0.42
1987,25,2.97,0.1
1987,26,5.12,-1.62
1987,27,3.4,-2.55
1987,28,3.8,-2.51
1987,29,3.39,-2.44
1987,30,0.67,-4.73
1987,31,2.55,-7.07
1987,32,3.47,-5.91
1987,33,3.54,1.15
1987,34,5.38,0.59
1987,35,7.0,1.7
1987,36,7.34,3.36
1987,37,10.12,3.74
1987,38,7.02,1.18
1987,39,9.97,4.33
1987,40,9.02,4.96
1987,41,7.61,1.49
1987,42,6.76,1.65
1987,43,5.17,-1.44
1987,44,5.52,-2.17
1987,45,5.01,-0.02
1987,46,5.17,-2.72
1987,47,2.76,-2.57
1987,48,2.83,-2.69
1987,49,2.93,-3.01
1987,50,2.83,-3.02
1987,51,2.49,-3.42
1987,52,6.22,-2.62
1987,53,6.39,0.55
1987,54,4.77,-2.04
1987,55,3.5,-2.87
1987,56,4.69,-3.63
1987,57,7.8,-2.01
1987,58,11.81,6.74
1987,59,14.02,6.41
1987,60,12.44,5.48
1987,61,9.03,0.25
1987,62,2.14,-5.21
1987,63,3.41,-4.64
1987,64,6.03,-0.86
1987,65,3.01,0.59
1987,66,2.52,0.06
1987,67,5.39,-1.98
1987,68,4.77,-2.39
1987,69,6.32,-2.41
1987,70,6.25,-3.0
1987,71,7.28,-3.09
1987,72,3.65,-4.43
1987,73,6.2,-4.19
1987,74,7.82,-0.21
1987,75,7.04,0.67
1987,76,12.08,3.82
1987,77,6.55,-0.84
1987,78,6.06,-2.13
1987,79,5.87,-2.15
1987,80,5.65,-2.58
1987,81,8.67,-2.9
1987,82,11.49,5.14
1987,83,10.95,6.05
1987,84,11.63,0.56
1987,85,9.92,0.14
1987,86,11.29,4.99
1987,87,7.68,2.11
1987,88,6.04,-1.1
1987,89,11.08,0.74
1987,90,10.29,1.52
1987,91,9.08,3.57
1987,92,10.42,1.3
1987,93,8.92,3.1
1987,94,11.02,5.03
1987,95,13.16,3.88
1987,96,13.3,5.02
1987,97,12.54,5.93
1987,98,13.08,6.24
1987,99,12.59,5.83
1987,100,11.18,3.12
1987,101,9.44,2.74
1987,102,10.14,1.92
1987,103,12.61,2.51
1987,104,13.71,6.36
1987,105,17.89,5.6
1987,106,18.51,6.64
1987,107,19.52,6.17
1987,108,17.71,7.06
1987,109,15.39,7.87
1987,110,12.33,4.54
1987,111,15.0,4.0
1987,112,15.85,7.02
1987,113,18.74,5.87
1987,114,19.93,5.14
1987,115,19.79,7.53
1987,116,19.82,6.48
1987,117,19.16,7.26
1987,118,19.98,6.15
1987,119,19.64,10.56
1987,120,15.22,9.37
1987,121,16.9,4.2
1987,122,12.51,3.04
1987,123,10.52,2.4
1987,124,11.28,0.39
1987,125,13.68,3.44
1987,126,15.9,4.26
1987,127,15.94,2.56
1987,128,18.2,3.32
1987,129,20.87,4.57
1987,130,14.42,4.91
1987,131,15.14,5.21
1987,132,12.4,4.22
1987,133,11.77,3.36
1987,134,12.37,5.66
1987,135,10.64,3.32
1987,136,12.91,1.82
1987,137,12.27,5.88
1987,138,13.27,5.61
1987,139,16.13,4.99
1987,140,13.32,3.37
1987,141,12.73,4.15
1987,142,11.17,3.4
1987,143,11.82,6.64
1987,144,16.67,6.75
1987,145,19.67,6.5
1987,146,18.91,8.44
1987,147,17.48,8.32
1987,148,17.78,9.97
1987,149,16.61,8.53
1987,150,16.94,10.3
1987,151,18.62,9.44
1987,152,19.14,8.56
1987,153,15.19,9.39
1987,154,16.99,10.39
1987,155,16.97,8.48
1987,156,16.29,6.23
1987,157,16.64,11.5
1987,158,15.32,9.18
1987,159,15.54,8.32
1987,160,13.37,6.41
1987,161,15.42,4.87
1987,162,15.7,8.95
1987,163,16.88,6.75
1987,164,15.6,6.16
1987,165,15.9,8.11
1987,166,15.36,6.55
1987,167,14.8,6.02
1987,168,14.33,5.72
1987,169,17.53,5.94
1987,170,16.15,9.39
1987,171,18.54,7.25
1987,172,18.39,9.93
1987,173,17.1,9.45
1987,174,19.54,8.57
1987,175,18.9,11.24
1987,176,18.24,9.13
1987,177,19.92,9.94
1987,178,22.96,12.16
1987,179,24.93,15.4
1987,180,26.27,14.86
1987,181,23.49,12.62
1987,182,20.3,9.89
1987,183,21.25,9.5
1987,184,21.15,10.38
1987,185,23.26,9.58
1987,186,24.84,10.21
1987,187,27.66,13.04
1987,188,24.32,13.8
1987,189,21.52,11.18
1987,190,21.17,8.67
1987,191,25.27,11.9
1987,192,24.61,13.08
1987,193,22.8,11.1
1987,194,24.17,12.85
1987,195,21.56,14.7
1987,196,23.08,15.58
1987,197,16.52,11.56
1987,198,15.92,9.91
1987,199,16.65,10.83
1987,200,15.89,12.19
1987,201,18.43,12.27
1987,202,16.2,12.29
1987,203,18.89,12.97
1987,204,18.85,11.91
1987,205,20.51,10.48
1987,206,17.61,9.57
1987,207,18.41,7.86
1987,208,19.16,12.18
1987,209,21.18,10.91
1987,210,21.15,13.13
1987,211,18.79,11.95
1987,212,24.3,13.75
1987,213,20.28,12.47
1987,214,20.2,13.27
1987,215,20.07,10.56
1987,216,17.44,8.35
1987,217,17.34,8.67
1987,218,17.56,8.68
1987,219,18.4,7.43
1987,220,18.75,10.66
1987,221,19.94,10.35
1987,222,19.55,7.58
1987,223,17.89,9.24
1987,224,20.49,10.89
1987,225,21.66,14.54
1987,226,20.66,10.97
1987,227,23.76,10.87
1987,228,26.61,13.33
1987,229,24.19,15.21
1987,230,23.61,14.81
1987,231,24.22,12.88
1987,232,26.14,13.69
1987,233,27.81,17.21
1987,234,23.83,15.74
1987,235,19.92,13.33
1987,236,19.93,11.23
1987,237,15.63,10.22
1987,238,18.36,8.84
1987,239,16.31,8.83
1987,240,23.52,7.82
1987,241,21.86,10.62
1987,242,22.31,13.26
1987,243,19.42,12.11
1987,244,23.24,11.16
1987,245,21.38,14.81
1987,246,21.85,13.0
1987,247,20.44,9.44
1987,248,19.54,10.77
1987,249,17.8,9.36
1987,250,17.05,9.87
1987,251,19.25,7.53
1987,252,18.66,7.67
1987,253,17.53,12.15
1987,254,20.45,10.35
1987,255,22.23,13.59
1987,256,17.19,11.73
1987,257,19.89,8.18
1987,258,19.54,9.26
1987,259,19.14,10.36
1987,260,24.46,13.84
1987,261,20.1,11.26
1987,262,17.17,11.55
1987,263,23.86,13.23
1987,264,22.5,14.18
1987,265,18.92,10.63
1987,266,18.6,8.83
1987,267,15.08,6.75
1987,268,15.79,5.73
1987,269,14.38,4.85
1987,270,13.89,4.74
1987,271,13.6,4.77
1987,272,14.29,3.8
1987,273,14.75,7.53
1987,274,16.01,6.65
1987,275,18.99,8.15
1987,276,17.61,9.92
1987,277,19.99,11.65
1987,278,20.23,11.03
1987,279,14.77,6.3
1987,280,15.41,6.42
1987,281,10.96,5.87
1987,282,14.67,6.47
1987,283,13.02,4.39
1987,284,11.79,3.94
1987,285,13.51,4.88
1987,286,13.36,6.78
1987,287,12.54,5.68
1987,288,12.81,7.49
1987,289,16.51,7.51
1987,290,14.73,7.73
1987,291,15.22,10.62
1987,292,14.88,10.02
1987,293,14.45,9.69
1987,294,14.1,6.29
1987,295,12.6,5.28
1987,296,10.59,4.74
1987,297,11.91,3.7
1987,298,13.02,2.48
1987,299,12.56,4.2
1987,300,14.05,10.14
1987,301,11.84,3.46
1987,302,11.42,0.2
1987,303,13.12,5.97
1987,304,14.3,9.47
1987,305,12.71,6.53
1987,306,11.64,3.47
1987,307,11.72,6.03
1987,308,11.63,7.76
1987,309,12.35,4.28
1987,310,10.81,3.19
1987,311,7.98,3.95
1987,312,6.51,2.66
1987,313,8.9,5.12
1987,314,9.81,3.48
1987,315,12.17,3.97
1987,316,8.09,3.55
1987,317,7.45,3.26
1987,318,8.55,1.8
1987,319,11.68,3.53
1987,320,11.94,6.52
1987,321,11.41,5.97
1987,322,12.48,6.59
1987,323,11.63,4.27
1987,324,8.97,3.55
1987,325,9.32,2.83
1987,326,7.37,3.12
1987,327,3.84,1.41
1987,328,7.17,3.02
1987,329,7.18,2.24
1987,330,6.34,1.37
1987,331,4.76,-1.17
1987,332,5.0,-1.79
1987,333,6.36,-0.68
1987,334,6.13,1.24
1987,335,6.85,2.51
1987,336,4.6,1.65
1987,337,3.44,-0.1
1987,338,5.96,1.01
1987,339,6.67,2.94
1987,340,6.26,2.74
1987,341,4.89,-1.45
1987,342,3.28,-3.47
1987,343,2.81,-2.06
1987,344,2.72,-2.28
1987,345,2.76,-1.98
1987,346,5.18,-0.37
1987,347,4.52,-1.72
1987,348,1.88,-1.93
1987,349,6.37,-1.89
1987,350,11.43,6.7
1987,351,12.43,9.56
1987,352,12.68,7.22
1987,353,8.49,6.08
1987,354,9.56,6.85
1987,355,8.83,5.93
1987,356,7.25,1.85
1987,357,5.78,0.18
1987,358,8.12,2.37
1987,359,8.26,5.34
1987,360,9.53,5.12
1987,361,10.92,9.23
1987,362,12.45,9.35
1987,363,12.17,9.18
1987,364,10.73,6.58
1987,365,9.75,6.19
1988,1,11.57,5.97
1988,2,11.96,8.06
1988,3,8.43,5.66
1988,4,9.18,5.23
1988,5,9.81,5.36
1988,6,9.02,2.53
1988,7,5.08,-1.04
1988,8,8.23,-1.47
1988,9,11.7,8.03
1988,10,7.25,4.45
1988,11,6.42,1.4
1988,12,6.37,3.16
1988,13,7.9,4.32
1988,14,8.23,4.31
1988,15,5.3,3.78
1988,16,4.2,-0.21
1988,17,3.83,-1.08
1988,18,5.88,3.83
1988,19,8.44,4.82
1988,20,6.64,2.89
1988,21,5.53,0.43
1988,22,2.96,-1.39
1988,23,8.36,-1.85
1988,24,9.12,5.16
1988,25,7.84,1.98
1988,26,7.54,0.69
1988,27,6.11,0.16
1988,28,8.25,3.57
1988,29,7.5,2.77
1988,30,6.4,2.19
1988,31,6.37,1.56
1988,32,9.12,4.67
1988,33,6.96,2.35
1988,34,9.04,2.37
1988,35,8.23,4.36
1988,36,8.46,1.54
1988,37,3.45,-0.37
1988,38,6.06,-1.59
1988,39,5.14,0.92
1988,40,8.93,1.86
1988,41,5.43,1.51
1988,42,6.97,-0.25
1988,43,5.79,-1.9
1988,44,7.97,-1.99
1988,45,11.44,3.75
1988,46,11.64,3.39
1988,47,7.61,0.21
1988,48,7.78,0.22
1988,49,9.53,1.22
1988,50,10.69,3.36
1988,51,10.61,2.89
1988,52,9.92,0.07
1988,53,8.7,0.92
1988,54,5.29,0.88
1988,55,4.34,-0.95
1988,56,3.9,-2.19
1988,57,3.8,-2.61
1988,58,6.27,-1.28
1988,59,8.6,0.0
1988,60,3.52,-1.57
1988,61,3.61,-1.37
1988,62,5.02,-3.28
1988,63,7.43,0.56
1988,64,4.14,-3.22
1988,65,4.35,-3.53
1988,66,8.25,3.2
1988,67,8.44,0.36
1988,68,8.61,-0.1
1988,69,11.32,2.67
1988,70,9.65,2.91
1988,71,10.81,2.62
1988,72,8.72,5.56
1988,73,10.14,4.74
1988,74,8.28,4.7
1988,75,10.29,6.15
1988,76,10.43,1.58
1988,77,8.35,0.23
1988,78,8.84,1.47
1988,79,12.79,6.52
1988,80,12.78,6.53
1988,81,11.83,4.17
1988,82,11.79,4.03
1988,83,10.63,5.19
1988,84,12.93,5.56
1988,85,12.05,5.08
1988,86,9.62,4.65
1988,87,10.54,3.88
1988,88,9.23,3.26
1988,89,8.2,4.48
1988,90,8.96,1.11
1988,91,10.37,0.33
1988,92,11.07,-0.98
1988,93,12.11,3.15
1988,94,13.68,2.12
1988,95,10.93,3.62
1988,96,10.18,2.85
1988,97,12.4,2.79
1988,98,13.47,2.68
1988,99,12.54,3.6
1988,100,6.54,-0.51
1988,101,11.34,-2.59
1988,102,14.69,-0.28
1988,103,12.86,1.87
1988,104,9.94,-0.01
1988,105,10.14,-0.23
1988,106,13.21,5.64
1988,107,14.41,8.53
1988,108,16.78,7.62
1988,109,18.92,7.81
1988,110,16.23,8.39
1988,111,15.93,7.57
1988,112,16.56,7.16
1988,113,11.77,3.77
1988,114,8.76,1.42
1988,115,10.13,0.23
1988,116,10.84,0.09
1988,117,12.58,0.6
1988,118,11.04,4.96
1988,119,11.21,4.85
1988,120,11.05,3.95
1988,121,15.5,6.77
1988,122,14.29,7.9
1988,123,14.47,7.86
1988,124,14.36,7.92
1988,125,14.69,7.82
1988,126,16.11,6.16
1988,127,18.67,7.94
1988,128,16.99,8.55
1988,129,22.04,11.12
1988,130,14.76,9.55
1988,131,15.49,6.95
1988,132,15.26,6.12
1988,133,18.92,8.47
1988,134,21.61,8.03
1988,135,21.12,8.41
1988,136,20.04,10.0
1988,137,19.18,7.91
1988,138,19.06,5.91
1988,139,12.67,4.74
1988,140,11.57,2.88
1988,141,14.42,3.0
1988,142,16.81,6.06
1988,143,15.83,5.42
1988,144,16.4,8.12
1988,145,16.58,8.07
1988,146,19.11,10.1
1988,147,16.7,8.89
1988,148,17.43,7.02
1988,149,17.36,6.16
1988,150,14.8,9.82
1988,151,14.49,8.24
1988,152,15.68,8.6
1988,153,17.21,7.1
1988,154,17.59,10.52
1988,155,15.84,8.01
1988,156,14.44,8.42
1988,157,14.68,7.08
1988,158,15.89,4.21
1988,159,16.63,7.52
1988,160,16.7,9.03
1988,161,17.24,10.77
1988,162,19.75,9.13
1988,163,19.17,8.77
1988,164,17.08,9.62
1988,165,20.81,10.16
1988,166,20.7,8.84
1988,167,19.98,8.18
1988,168,18.03,8.79
1988,169,17.4,9.25
1988,170,18.76,9.19
1988,171,22.12,10.27
1988,172,21.58,12.07
1988,173,22.63,12.74
1988,174,18.91,11.4
1988,175,22.16,9.56
1988,176,18.69,10.14
1988,177,20.56,12.91
1988,178,20.31,11.84
1988,179,19.21,11.45
1988,180,16.37,11.61
1988,181,20.58,11.7
1988,182,22.27,10.15
1988,183,17.75,11.15
1988,184,16.42,9.01
1988,185,15.12,8.08
1988,186,17.14,11.45
1988,187,18.93,9.72
1988,188,18.39,10.68
1988,189,18.55,10.29
1988,190,18.65,10.4
1988,191,19.43,8.98
1988,192,21.32,12.68
1988,193,20.21,11.52
1988,194,20.14,9.54
1988,195,18.84,12.12
1988,196,17.73,9.88
1988,197,18.92,10.76
1988,198,19.15,8.82
1988,199,20.08,11.42
1988,200,21.66,10.53
1988,201,21.48,8.73
1988,202,22.7,13.94
1988,203,22.36,13.48
1988,204,19.93,15.64
1988,205,22.42,14.51
1988,206,19.46,11.54
1988,207,20.92,11.97
1988,208,19.57,10.8
1988,209,19.07,9.12
1988,210,17.13,11.5
1988,211,17.89,9.32
1988,212,19.09,9.63
1988,213,19.53,10.4
1988,214,18.69,10.63
1988,215,17.27,9.02
1988,216,19.89,7.34
1988,217,22.2,8.93
1988,218,23.78,11.33
1988,219,26.23,10.34
1988,220,24.99,12.78
1988,221,24.85,12.41
1988,222,22.98,13.98
1988,223,20.13,12.32
1988,224,19.13,10.74
1988,225,20.51,11.58
1988,226,20.77,10.34
1988,227,22.71,13.25
1988,228,20.73,11.03
1988,229,21.77,8.74
1988,230,23.64,9.61
1988,231,24.91,12.7
1988,232,21.07,13.29
1988,233,18.95,12.44
1988,234,17.44,9.93
1988,235,19.29,7.51
1988,236,20.72,7.42
1988,237,18.86,10.74
1988,238,18.41,9.36
1988,239,18.65,9.19
1988,240,22.39,14.02
1988,241,17.82,10.2
1988,242,18.33,8.08
1988,243,18.89,9.57
1988,244,18.95,11.56
1988,245,18.6,11.79
1988,246,16.75,10.5
1988,247,18.12,9.13
1988,248,18.73,7.78
1988,249,20.0,11.34
1988,250,22.3,10.33
1988,251,23.39,11.67
1988,252,22.4,12.8
1988,253,20.78,12.33
1988,254,22.65,10.75
1988,255,19.53,9.06
1988,256,17.49,8.24
1988,257,14.13,7.81
1988,258,14.6,9.09
1988,259,16.02,8.12
1988,260,18.4,7.6
1988,261,18.61,10.25
1988,262,18.41,7.86
1988,263,18.67,7.01
1988,264,19.26,7.78
1988,265,19.38,7.54
1988,266,16.38,9.18
1988,267,16.28,8.93
1988,268,16.99,8.91
1988,269,20.48,12.97
1988,270,19.67,14.61
1988,271,18.39,14.81
1988,272,16.16,9.01
1988,273,14.64,5.13
1988,274,13.49,2.98
1988,275,14.6,4.42
1988,276,16.96,5.32
1988,277,16.5,7.83
1988,278,17.12,9.53
1988,279,14.87,9.86
1988,280,14.18,9.98
1988,281,11.61,7.6
1988,282,13.07,6.17
1988,283,13.84,8.18
1988,284,12.85,4.82
1988,285,12.31,4.26
1988,286,13.38,8.23
1988,287,13.69,6.99
1988,288,15.57,6.63
1988,289,16.81,10.22
1988,290,16.83,11.19
1988,291,16.04,11.83
1988,292,19.14,12.27
1988,293,19.22,11.96
1988,294,15.19,7.31
1988,295,16.44,6.48
1988,296,16.19,9.27
1988,297,15.05,9.4
1988,298,15.69,9.7
1988,299,15.55,9.42
1988,300,17.93,11.06
1988,301,15.79,10.07
1988,302,13.89,4.76
1988,303,9.03,0.79
1988,304,8.85,-0.07
1988,305,9.69,0.4
1988,306,10.81,0.51
1988,307,10.59,1.77
1988,308,7.38,0.44
1988,309,7.39,-1.51
1988,310,8.1,-1.25
1988,311,9.97,1.94
1988,312,9.11,4.3
1988,313,9.0,3.12
1988,314,15.29,9.42
1988,315,15.84,10.49
1988,316,12.44,8.09
1988,317,11.87,3.93
1988,318,9.9,3.01
1988,319,9.58,3.4
1988,320,9.88,3.97
1988,321,12.5,4.28
1988,322,11.98,6.4
1988,323,10.11,3.34
1988,324,5.51,1.74
1988,325,3.03,0.14
1988,326,2.76,-0.86
1988,327,2.76,-4.66
1988,328,5.12,-1.38
1988,329,5.39,-0.51
1988,330,3.49,-0.64
1988,331,5.62,-0.12
1988,332,4.82,-2.82
1988,333,9.05,1.15
1988,334,10.57,5.6
1988,335,11.2,5.5
1988,336,7.06,0.96
1988,337,3.61,-1.53
1988,338,8.92,-1.52
1988,339,7.77,4.09
1988,340,5.88,2.82
1988,341,5.73,2.53
1988,342,4.49,1.19
1988,343,8.22,2.73
1988,344,10.89,6.5
1988,345,10.8,5.22
1988,346,8.82,4.36
1988,347,8.13,2.38
1988,348,9.13,2.61
1988,349,7.58,3.97
1988,350,7.78,4.11
1988,351,7.0,1.39
1988,352,5.38,0.97
1988,353,8.81,2.49
1988,354,10.4,3.94
1988,355,6.61,2.15
1988,356,9.92,6.22
1988,357,9.8,6.74
1988,358,11.83,6.76
1988,359,11.37,6.91
1988,360,10.38,6.75
1988,361,11.77,7.42
1988,362,10.69,3.92
1988,363,11.41,6.19
1988,364,9.38,5.96
1988,365,7.7,4.61
1988,366,7.81,3.93
1989,1,6.47,2.91
1989,2,6.35,2.69
1989,3,5.55,0.98
1989,4,9.66,3.52
1989,5,9.52,2.93
1989,6,7.79,5.19
1989,7,9.7,5.92
1989,8,10.55,7.47
1989,9,9.99,6.7
1989,10,7.01,-2.14
1989,11,7.51,-1.78
1989,12,8.11,1.56
1989,13,8.7,1.57
1989,14,9.94,4.27
1989,15,10.18,4.48
1989,16,8.88,5.39
1989,17,8.65,-1.46
1989,18,6.22,-2.32
1989,19,6.67,0.6
1989,20,6.61,1.46
1989,21,8.28,1.67
1989,22,5.15,-0.06
1989,23,8.82,1.38
1989,24,6.28,-0.82
1989,25,4.09,-0.28
1989,26,10.24,2.33
1989,27,10.86,5.22
1989,28,7.89,0.68
1989,29,6.92,-0.29
1989,30,8.02,0.76
1989,31,8.27,2.82
1989,32,4.72,1.25
1989,33,5.35,-0.52
1989,34,9.6,0.97
1989,35,10.02,4.33
1989,36,11.07,5.59
1989,37,13.38,7.04
1989,38,11.42,5.58
1989,39,11.29,4.51
1989,40,11.61,4.24
1989,41,9.57,1.08
1989,42,10.45,-1.7
1989,43,9.57,0.34
1989,44,9.44,0.79
1989,45,8.33,2.72
1989,46,10.58,1.64
1989,47,6.71,-0.45
1989,48,9.67,-1.09
1989,49,12.3,8.84
1989,50,11.47,7.26
1989,51,9.54,2.42
1989,52,9.31,-1.16
1989,53,9.39,0.66
1989,54,6.12,-0.51
1989,55,5.57,2.3
1989,56,6.35,0.79
1989,57,7.0,0.96
1989,58,8.19,-0.05
1989,59,7.76,1.33
1989,60,8.82,3.67
1989,61,10.54,2.61
1989,62,11.58,4.34
1989,63,12.22,4.34
1989,64,14.03,7.8
1989,65,15.79,7.44
1989,66,9.23,0.4
1989,67,8.19,-1.65
1989,68,11.98,6.48
1989,69,12.62,7.38
1989,70,12.67,2.09
1989,71,8.83,1.55
1989,72,9.53,4.28
1989,73,9.27,4.03
1989,74,11.28,4.72
1989,75,6.89,2.55
1989,76,7.52,0.05
1989,77,7.65,-3.27
1989,78,13.43,6.81
1989,79,9.19,3.36
1989,80,9.52,0.78
1989,81,13.01,2.8
1989,82,8.35,-0.23
1989,83,12.09,4.72
1989,84,11.58,1.04
1989,85,15.84,6.41
1989,86,15.82,7.22
1989,87,18.2,6.47
1989,88,15.8,6.16
1989,89,17.33,4.97
1989,90,17.81,5.28
1989,91,14.42,6.28
1989,92,9.31,4.22
1989,93,7.08,0.84
1989,94,4.51,0.77
1989,95,5.59,1.61
1989,96,5.99,1.55
1989,97,9.8,2.0
1989,98,11.75,0.96
1989,99,11.93,0.37
1989,100,13.02,5.64
1989,101,11.83,4.77
1989,102,12.04,3.71
1989,103,12.21,4.01
1989,104,12.11,3.75
1989,105,12.66,0.76
1989,106,9.91,5.8
1989,107,10.28,2.61
1989,108,12.73,1.14
1989,109,12.17,2.67
1989,110,8.01,4.06
1989,111,10.25,1.47
1989,112,13.38,3.04
1989,113,11.71,3.53
1989,114,9.01,2.3
1989,115,7.49,0.12
1989,116,9.81,-2.56
1989,117,8.24,3.47
1989,118,12.81,0.5
1989,119,10.81,3.53
1989,120,14.28,2.9
1989,121,17.76,7.53
1989,122,19.05,5.92
1989,123,20.86,6.46
1989,124,21.57,6.66
1989,125,22.43,6.58
1989,126,16.16,4.88
1989,127,16.89,3.57
1989,128,20.17,5.03
1989,129,18.73,5.96
1989,130,16.49,6.69
1989,131,14.66,6.85
1989,132,12.4,5.19
1989,133,13.56,5.48
1989,134,17.37,5.27
1989,135,18.39,7.12
1989,136,19.2,7.27
1989,137,20.82,9.44
1989,138,21.38,9.5
1989,139,21.58,10.07
1989,140,22.24,9.35
1989,141,22.87,11.49
1989,142,22.09,12.66
1989,143,23.12,12.77
1989,144,25.35,13.83
1989,145,21.48,9.99
1989,146,18.12,7.26
1989,147,17.34,6.59
1989,148,19.16,6.58
1989,149,21.15,9.0
1989,150,14.66,5.04
1989,151,15.1,2.74
1989,152,12.25,6.0
1989,153,14.96,5.45
1989,154,13.97,5.69
1989,155,13.74,4.19
1989,156,15.28,2.9
1989,157,12.24,7.75
1989,158,14.68,6.6
1989,159,13.88,6.59
1989,160,17.16,6.3
1989,161,19.85,10.32
1989,162,21.82,7.78
1989,163,24.48,11.89
1989,164,24.14,13.03
1989,165,25.79,13.18
1989,166,23.98,13.15
1989,167,23.79,11.11
1989,168,24.21,11.39
1989,169,23.17,9.41
1989,170,24.68,10.63
1989,171,27.24,11.15
1989,172,21.58,11.66
1989,173,21.17,11.32
1989,174,23.04,10.43
1989,175,23.53,10.84
1989,176,24.55,10.33
1989,177,22.63,9.96
1989,178,17.4,9.93
1989,179,16.95,7.99
1989,180,18.93,9.85
1989,181,18.76,7.61
1989,182,21.36,12.1
1989,183,19.62,10.27
1989,184,21.84,9.02
1989,185,22.6,10.59
1989,186,25.13,12.56
1989,187,26.94,15.1
1989,188,22.53,14.39
1989,189,21.93,13.3
1989,190,20.38,12.81
1989,191,22.9,11.04
1989,192,24.06,13.12
1989,193,23.19,11.58
1989,194,22.99,11.48
1989,195,20.49,10.24
1989,196,26.31,10.3
1989,197,24.65,13.79
1989,198,25.84,12.93
1989,199,22.22,12.65
1989,200,25.33,11.15
1989,201,25.89,12.94
1989,202,27.19,15.31
1989,203,30.01,17.39
1989,204,29.88,17.04
1989,205,27.82,15.82
1989,206,28.58,14.27
1989,207,26.1,13.47
1989,208,24.77,11.36
1989,209,26.1,13.06
1989,210,24.48,12.88
1989,211,20.39,11.96
1989,212,19.41,10.44
1989,213,21.49,8.87
1989,214,22.97,8.94
1989,215,25.13,11.79
1989,216,23.71,9.78
1989,217,26.36,9.51
1989,218,27.33,13.63
1989,219,26.53,13.2
1989,220,25.27,14.75
1989,221,25.77,14.27
1989,222,22.85,13.89
1989,223,24.84,12.57
1989,224,23.62,13.33
1989,225,21.45,11.62
1989,226,23.63,13.39
1989,227,22.96,15.31
1989,228,20.52,13.02
1989,229,21.3,10.66
1989,230,22.68,10.28
1989,231,25.77,10.68
1989,232,28.04,13.37
1989,233,25.94,14.25
1989,234,24.07,10.4
1989,235,24.51,9.31
1989,236,25.83,11.03
1989,237,22.62,12.83
1989,238,23.39,13.54
1989,239,19.1,9.8
1989,240,19.11,7.88
1989,241,20.26,9.48
1989,242,25.02,14.22
1989,243,19.13,10.77
1989,244,20.38,8.41
1989,245,18.05,9.36
1989,246,18.52,7.69
1989,247,20.64,10.22
1989,248,21.73,9.77
1989,249,25.64,11.3
1989,250,25.16,12.72
1989,251,23.35,13.46
1989,252,17.54,13.06
1989,253,20.4,13.25
1989,254,20.87,13.97
1989,255,19.69,12.38
1989,256,20.6,11.88
1989,257,15.79,9.59
1989,258,21.93,14.73
1989,259,22.92,15.47
1989,260,23.14,14.08
1989,261,23.86,14.63
1989,262,20.53,12.1
1989,263,21.38,12.35
1989,264,25.16,12.43
1989,265,18.48,11.22
1989,266,18.88,9.61
1989,267,19.53,11.21
1989,268,20.52,9.7
1989,269,19.03,11.11
1989,270,18.65,10.91
1989,271,16.72,7.82
1989,272,17.72,9.01
1989,273,19.03,9.58
1989,274,15.47,9.55
1989,275,15.92,8.29
1989,276,16.63,5.84
1989,277,18.02,8.91
1989,278,20.38,6.99
1989,279,16.29,5.86
1989,280,13.69,9.0
1989,281,15.22,7.19
1989,282,15.21,6.84
1989,283,14.84,6.31
1989,284,15.94,8.61
1989,285,18.62,8.06
1989,286,14.82,7.37
1989,287,12.89,5.59
1989,288,13.83,5.51
1989,289,17.52,7.53
1989,290,19.16,6.68
1989,291,19.81,7.81
1989,292,17.99,11.14
1989,293,15.75,10.14
1989,294,18.27,12.56
1989,295,18.37,11.46
1989,296,15.77,9.74
1989,297,14.57,6.29
1989,298,17.32,7.68
1989,299,13.36,9.57
1989,300,17.26,10.11
1989,301,14.3,11.06
1989,302,14.85,9.24
1989,303,14.39,8.98
1989,304,16.45,8.16
1989,305,13.23,7.23
1989,306,13.29,7.29
1989,307,12.13,3.94
1989,308,11.57,4.46
1989,309,9.4,2.94
1989,310,9.07,1.47
1989,311,11.02,0.68
1989,312,13.54,3.94
1989,313,10.5,2.78
1989,314,12.73,7.96
1989,315,14.98,8.37
1989,316,14.02,5.54
1989,317,10.15,5.55
1989,318,10.63,5.22
1989,319,10.83,6.92
1989,320,9.56,3.29
1989,321,7.42,1.46
1989,322,11.93,5.59
1989,323,13.29,6.0
1989,324,12.12,6.13
1989,325,10.79,5.82
1989,326,8.36,1.76
1989,327,6.1,-2.79
1989,328,4.21,-1.68
1989,329,4.5,-1.48
1989,330,4.74,-3.76
1989,331,3.5,-1.63
1989,332,5.35,-0.62
1989,333,6.76,-1.13
1989,334,6.51,-2.37
1989,335,4.28,-2.52
1989,336,6.64,0.89
1989,337,2.01,0.03
1989,338,7.58,2.26
1989,339,7.36,3.4
1989,340,6.72,2.77
1989,341,6.73,2.25
1989,342,6.46,1.02
1989,343,6.05,0.32
1989,344,2.9,-0.04
1989,345,3.99,-2.13
1989,346,8.07,0.96
1989,347,8.34,2.24
1989,348,12.34,7.18
1989,349,8.86,4.4
1989,350,12.1,6.39
1989,351,11.7,6.65
1989,352,9.48,6.63
1989,353,5.72,1.78
1989,354,12.92,5.48
1989,355,12.62,9.11
1989,356,8.92,1.71
1989,357,8.89,1.83
1989,358,11.08,7.99
1989,359,10.03,6.22
1989,360,6.96,5.37
1989,361,8.68,5.4
1989,362,6.69,2.14
1989,363,4.28,0.17
1989,364,3.41,-0.09
1989,365,3.21,-1.02
1990,1,4.77,-0.33
1990,2,7.88,2.94
1990,3,4.41,1.42
1990,4,5.05,1.11
1990,5,8.27,4.45
1990,6,10.27,6.31
1990,7,7.07,2.35
1990,8,7.93,3.12
1990,9,9.1,4.07
1990,10,9.91,6.32
1990,11,10.95,6.41
1990,12,8.68,5.15
1990,13,6.81,0.02
1990,14,7.2,0.11
1990,15,11.18,5.2
1990,16,11.05,8.07
1990,17,9.37,0.14
1990,18,7.81,0.21
1990,19,9.14,4.11
1990,20,9.52,3.12
1990,21,11.62,7.65
1990,22,11.85,6.63
1990,23,10.71,4.29
1990,24,6.29,2.03
1990,25,11.39,4.03
1990,26,5.06,1.76
1990,27,8.12,1.7
1990,28,7.85,2.19
1990,29,8.65,2.51
1990,30,9.54,7.17
1990,31,9.48,6.74
1990,32,8.65,5.55
1990,33,8.29,4.7
1990,34,6.03,2.33
1990,35,9.37,3.38
1990,36,11.89,6.74
1990,37,11.4,6.41
1990,38,13.07,9.02
1990,39,12.88,3.24
1990,40,10.4,3.21
1990,41,10.72,4.5
1990,42,6.76,1.52
1990,43,6.09,1.98
1990,44,9.5,2.08
1990,45,6.31,2.4
1990,46,6.21,0.53
1990,47,7.49,-2.3
1990,48,12.73,2.5
1990,49,9.98,4.79
1990,50,11.87,6.4
1990,51,14.43,10.41
1990,52,10.86,5.59
1990,53,14.43,5.51
1990,54,16.47,5.91
1990,55,13.39,7.44
1990,56,10.4,6.26
1990,57,10.78,5.35
1990,58,7.06,2.56
1990,59,11.64,2.18
1990,60,6.15,0.7
1990,61,6.06,-2.74
1990,62,8.58,0.65
1990,63,10.59,1.83
1990,64,10.32,2.41
1990,65,11.2,6.18
1990,66,11.78,5.89
1990,67,12.99,3.89
1990,68,10.07,5.5
1990,69,15.4,7.67
1990,70,14.28,7.42
1990,71,13.56,3.18
1990,72,12.56,2.92
1990,73,12.2,4.3
1990,74,13.06,4.1
1990,75,16.3,3.75
1990,76,19.54,5.38
1990,77,18.04,7.72
1990,78,13.66,7.74
1990,79,12.31,5.62
1990,80,14.92,8.13
1990,81,12.28,4.21
1990,82,11.32,4.25
1990,83,10.96,3.11
1990,84,8.08,1.12
1990,85,9.13,-0.74
1990,86,10.63,-2.1
1990,87,11.09,1.33
1990,88,11.87,1.31
1990,89,15.78,4.38
1990,90,15.87,3.46
1990,91,18.39,6.67
1990,92,15.76,4.56
1990,93,7.65,-0.67
1990,94,5.68,-3.42
1990,95,9.45,-2.67
1990,96,9.6,-2.5
1990,97,11.35,0.68
1990,98,9.36,-0.13
1990,99,10.85,-1.81
1990,100,13.42,1.59
1990,101,14.69,3.74
1990,102,14.73,7.07
1990,103,8.86,1.79
1990,104,9.89,-1.05
1990,105,10.34,3.46
1990,106,9.56,3.45
1990,107,10.01,1.79
1990,108,9.85,1.68
1990,109,9.25,2.95
1990,110,12.15,2.48
1990,111,17.03,6.43
1990,112,16.12,7.04
1990,113,16.32,6.31
1990,114,16.83,4.93
1990,115,17.88,4.41
1990,116,13.49,5.98
1990,117,13.34,2.91
1990,118,15.98,3.6
1990,119,20.32,5.24
1990,120,20.65,6.43
1990,121,20.37,8.67
1990,122,21.88,7.75
1990,123,23.79,9.95
1990,124,23.13,8.24
1990,125,24.54,7.23
1990,126,24.28,10.97
1990,127,17.16,6.74
1990,128,18.26,5.12
1990,129,16.44,5.62
1990,130,12.71,6.37
1990,131,13.52,5.36
1990,132,14.81,6.73
1990,133,17.0,6.47
1990,134,17.25,6.6
1990,135,19.1,9.55
1990,136,18.65,9.35
1990,137,19.69,6.11
1990,138,15.33,6.27
1990,139,15.63,5.07
1990,140,18.2,4.39
1990,141,17.49,7.01
1990,142,17.82,6.74
1990,143,20.74,6.16
1990,144,18.1,6.08
1990,145,15.74,4.06
1990,146,16.65,3.03
1990,147,19.01,4.41
1990,148,19.01,6.18
1990,149,19.64,9.32
1990,150,17.53,10.16
1990,151,21.96,9.87
1990,152,23.79,10.72
1990,153,17.35,8.36
1990,154,16.16,8.63
1990,155,17.5,7.71
1990,156,17.25,5.97
1990,157,16.76,9.04
1990,158,16.03,7.06
1990,159,13.18,6.01
1990,160,16.6,8.13
1990,161,20.43,10.53
1990,162,17.55,9.04
1990,163,15.11,8.58
1990,164,15.61,8.35
1990,165,15.15,9.95
1990,166,19.2,10.72
1990,167,21.35,9.96
1990,168,21.14,10.68
1990,169,17.02,10.65
1990,170,20.45,9.28
1990,171,19.1,7.49
1990,172,15.1,9.87
1990,173,18.72,10.85
1990,174,18.05,9.91
1990,175,20.04,7.82
1990,176,23.69,13.8
1990,177,24.82,12.83
1990,178,24.63,13.36
1990,179,20.54,9.33
1990,180,21.15,11.11
1990,181,21.23,12.82
1990,182,18.71,10.91
1990,183,18.83,8.77
1990,184,19.57,7.02
1990,185,18.02,10.58
1990,186,19.13,10.96
1990,187,18.68,8.79
1990,188,22.92,11.49
1990,189,24.82,12.99
1990,190,21.04,12.03
1990,191,20.46,10.55
1990,192,26.28,9.26
1990,193,27.23,14.09
1990,194,24.49,12.87
1990,195,22.61,12.12
1990,196,28.29,11.09
1990,197,25.84,14.08
1990,198,25.25,12.14
1990,199,25.77,11.8
1990,200,27.63,12.06
1990,201,29.35,14.15
1990,202,29.3,13.92
1990,203,23.33,12.89
1990,204,22.63,11.39
1990,205,23.26,10.37
1990,206,24.35,9.11
1990,207,22.86,10.16
1990,208,26.03,14.61
1990,209,22.19,13.16
1990,210,25.35,10.82
1990,211,25.24,14.72
1990,212,28.56,13.79
1990,213,30.73,15.37
1990,214,31.49,15.92
1990,215,34.01,15.26
1990,216,33.15,18.6
1990,217,23.38,13.17
1990,218,20.97,10.82
1990,219,21.79,10.07
1990,220,25.08,9.72
1990,221,27.61,14.0
1990,222,28.29,14.03
1990,223,28.03,14.03
1990,224,29.3,14.79
1990,225,27.08,12.77
1990,226,23.09,13.54
1990,227,23.24,14.45
1990,228,19.56,11.44
1990,229,21.2,9.64
1990,230,21.3,13.54
1990,231,22.21,15.09
1990,232,21.1,11.38
1990,233,23.06,11.19
1990,234,27.63,12.87
1990,235,27.18,17.12
1990,236,27.48,16.25
1990,237,27.48,16.83
1990,238,26.38,15.35
1990,239,24.94,14.21
1990,240,27.31,13.32
1990,241,29.07,15.92
1990,242,21.41,11.33
1990,243,21.69,9.44
1990,244,24.04,12.39
1990,245,25.79,13.61
1990,246,24.6,12.27
1990,247,19.67,9.69
1990,248,19.85,8.22
1990,249,18.77,11.34
1990,250,19.07,9.47
1990,251,19.43,9.45
1990,252,21.59,8.13
1990,253,21.31,8.63
1990,254,21.54,11.15
1990,255,20.25,9.7
1990,256,21.56,9.46
1990,257,20.85,9.72
1990,258,19.41,10.57
1990,259,18.41,9.58
1990,260,17.02,8.53
1990,261,19.67,8.09
1990,262,17.43,8.22
1990,263,13.1,6.34
1990,264,15.48,8.17
1990,265,16.84,8.87
1990,266,14.25,7.06
1990,267,14.68,6.21
1990,268,16.68,7.09
1990,269,17.06,5.75
1990,270,15.59,6.34
1990,271,20.32,6.17
1990,272,18.71,8.67
1990,273,21.69,10.39
1990,274,17.05,6.66
1990,275,17.95,10.19
1990,276,15.42,5.7
1990,277,15.86,5.37
1990,278,18.72,8.51
1990,279,17.68,8.76
1990,280,13.58,3.97
1990,281,13.9,1.83
1990,282,15.68,5.08
1990,283,18.86,9.27
1990,284,17.67,7.82
1990,285,23.4,8.2
1990,286,22.72,12.43
1990,287,18.75,13.34
1990,288,19.35,13.19
1990,289,17.54,11.44
1990,290,17.56,10.7
1990,291,15.6,10.02
1990,292,16.89,9.48
1990,293,18.28,8.45
1990,294,15.1,8.97
1990,295,13.23,6.47
1990,296,17.66,6.32
1990,297,15.7,10.05
1990,298,14.98,8.87
1990,299,12.47,10.02
1990,300,13.19,7.22
1990,301,12.11,6.04
1990,302,10.72,3.61
1990,303,12.61,4.25
1990,304,11.51,7.04
1990,305,11.71,4.76
1990,306,9.56,4.45
1990,307,8.66,2.49
1990,308,8.44,4.03
1990,309,9.97,2.48
1990,310,9.8,2.33
1990,311,10.05,2.53
1990,312,9.06,2.31
1990,313,9.73,2.79
1990,314,13.89,7.53
1990,315,12.96,6.95
1990,316,13.98,7.52
1990,317,14.51,10.03
1990,318,13.08,8.58
1990,319,11.18,5.25
1990,320,14.71,10.13
1990,321,15.84,9.24
1990,322,10.27,5.68
1990,323,8.45,4.3
1990,324,7.44,1.82
1990,325,5.95,0.28
1990,326,6.37,-0.39
1990,327,6.25,0.0
1990,328,6.53,2.5
1990,329,6.77,2.93
1990,330,6.49,4.88
1990,331,7.51,2.38
1990,332,7.12,2.14
1990,333,5.22,1.83
1990,334,7.46,2.81
1990,335,6.59,0.38
1990,336,6.43,-0.34
1990,337,7.33,-0.27
1990,338,7.19,1.6
1990,339,7.35,0.74
1990,340,6.05,-1.06
1990,341,7.05,1.91
1990,342,3.15,-0.12
1990,343,3.82,-0.05
1990,344,4.92,1.71
1990,345,7.83,2.63
1990,346,8.21,0.68
1990,347,6.05,0.66
1990,348,5.01,-1.22
1990,349,3.88,-1.51
1990,350,2.78,-0.69
1990,351,2.89,-2.08
1990,352,1.22,-2.51
1990,353,2.55,-2.59
1990,354,5.8,-0.59
1990,355,8.72,5.25
1990,356,8.99,7.72
1990,357,8.1,7.26
1990,358,8.41,3.18
1990,359,8.43,2.93
1990,360,11.08,2.19
1990,361,6.11,0.99
1990,362,9.95,1.39
1990,363,9.2,4.45
1990,364,7.58,3.3
1990,365,7.43,1.9
1991,1,9.82,2.17
1991,2,11.21,5.97
1991,3,7.5,3.1
1991,4,6.01,1.27
1991,5,8.56,1.77
1991,6,7.64,4.47
1991,7,7.36,3.27
1991,8,10.28,3.24
1991,9,10.72,1.96
1991,10,10.86,4.22
1991,11,7.23,3.09
1991,12,3.57,0.67
1991,13,4.7,-2.07
1991,14,4.98,-0.49
1991,15,3.54,-2.2
1991,16,5.11,-2.27
1991,17,7.15,2.08
1991,18,7.99,4.78
1991,19,7.2,2.03
1991,20,9.22,3.0
1991,21,7.59,0.78
1991,22,5.75,0.26
1991,23,4.45,0.24
1991,24,4.38,-1.29
1991,25,2.91,-1.84
1991,26,3.9,-1.02
1991,27,3.98,-0.74
1991,28,4.54,-1.88
1991,29,2.23,-2.16
1991,30,1.37,-2.62
1991,31,2.84,-2.62
1991,32,4.6,-1.2
1991,33,3.7,-3.14
1991,34,3.18,-3.86
1991,35,2.74,-3.21
1991,36,2.47,-2.8
1991,37,-0.88,-6.73
1991,38,-4.85,-8.13
1991,39,-2.53,-6.72
1991,40,-2.09,-7.48
1991,41,0.36,-6.78
1991,42,1.32,-3.21
1991,43,1.26,-4.84
1991,44,1.39,-5.34
1991,45,2.07,-5.91
1991,46,5.26,-1.06
1991,47,4.92,-1.93
1991,48,4.63,-1.6
1991,49,4.84,-2.72
1991,50,5.21,-2.66
1991,51,7.4,-1.2
1991,52,5.93,1.99
1991,53,8.63,0.64
1991,54,11.37,7.52
1991,55,11.71,6.38
1991,56,12.77,5.29
1991,57,10.59,4.99
1991,58,8.54,3.66
1991,59,8.79,1.92
1991,60,7.02,-0.21
1991,61,6.0,-0.68
1991,62,10.45,1.05
1991,63,8.75,0.99
1991,64,10.94,6.62
1991,65,14.89,7.21
1991,66,14.73,7.01
1991,67,13.99,7.01
1991,68,11.74,5.97
1991,69,9.76,6.89
1991,70,11.62,6.91
1991,71,14.19,6.76
1991,72,17.32,4.3
1991,73,15.94,4.35
1991,74,10.94,5.39
1991,75,14.57,6.59
1991,76,10.84,6.66
1991,77,11.87,5.38
1991,78,15.12,9.74
1991,79,12.62,8.52
1991,80,12.2,3.41
1991,81,9.16,2.24
1991,82,7.29,0.41
1991,83,10.65,-0.84
1991,84,10.55,2.16
1991,85,9.99,2.91
1991,86,11.93,1.99
1991,87,13.31,1.92
1991,88,11.62,-0.47
1991,89,14.16,-0.82
1991,90,14.7,5.01
1991,91,11.22,6.53
1991,92,11.04,7.87
1991,93,11.13,4.79
1991,94,10.55,4.6
1991,95,11.47,3.92
1991,96,9.6,2.57
1991,97,12.49,6.1
1991,98,14.87,6.4
1991,99,15.22,5.81
1991,100,17.04,5.41
1991,101,18.69,7.08
1991,102,20.28,5.76
1991,103,19.57,6.75
1991,104,14.07,3.6
1991,105,17.35,4.87
1991,106,12.04,2.01
1991,107,8.8,0.07
1991,108,9.65,-1.26
1991,109,7.95,1.1
1991,110,6.43,0.02
1991,111,10.53,-1.11
1991,112,10.46,2.2
1991,113,12.83,0.02
1991,114,12.3,4.51
1991,115,11.03,4.84
1991,116,14.48,4.59
1991,117,14.25,2.62
1991,118,13.79,1.48
1991,119,9.82,2.29
1991,120,9.44,4.77
1991,121,11.03,3.85
1991,122,12.34,1.08
1991,123,11.55,1.94
1991,124,11.79,3.27
1991,125,9.59,4.12
1991,126,13.55,4.42
1991,127,11.66,3.54
1991,128,13.38,2.25
1991,129,13.96,0.25
1991,130,16.06,1.46
1991,131,15.01,4.68
1991,132,17.61,4.69
1991,133,18.86,9.16
1991,134,14.81,7.48
1991,135,14.51,5.94
1991,136,12.58,5.97
1991,137,14.02,5.34
1991,138,12.9,4.8
1991,139,16.34,8.15
1991,140,21.0,8.26
1991,141,22.13,10.04
1991,142,20.67,9.17
1991,143,18.53,7.67
1991,144,17.58,8.33
1991,145,20.1,9.11
1991,146,16.28,8.2
1991,147,18.78,6.24
1991,148,15.76,8.51
1991,149,17.53,7.74
1991,150,18.57,8.07
1991,151,18.31,6.66
1991,152,15.63,5.82
1991,153,14.91,4.87
1991,154,13.5,4.57
1991,155,13.69,1.68
1991,156,13.73,3.77
1991,157,17.33,8.89
1991,158,16.49,8.84
1991,159,15.41,8.49
1991,160,17.97,10.81
1991,161,17.78,9.45
1991,162,14.89,7.21
1991,163,18.4,10.46
1991,164,16.5,9.06
1991,165,18.3,8.06
1991,166,16.5,8.45
1991,167,14.52,7.02
1991,168,16.06,7.77
1991,169,14.47,6.87
1991,170,16.28,8.18
1991,171,18.22,6.64
1991,172,19.6,9.78
1991,173,18.65,10.35
1991,174,15.33,10.61
1991,175,18.84,11.96
1991,176,21.21,12.53
1991,177,18.78,11.33
1991,178,17.65,9.96
1991,179,17.77,8.81
1991,180,20.43,7.53
1991,181,21.82,11.25
1991,182,19.83,11.58
1991,183,20.7,9.17
1991,184,22.35,13.1
1991,185,24.47,13.41
1991,186,25.22,14.09
1991,187,22.7,14.65
1991,188,25.07,12.74
1991,189,22.6,13.39
1991,190,22.76,12.76
1991,191,23.44,11.8
1991,192,26.85,13.97
1991,193,20.65,11.65
1991,194,21.1,13.81
1991,195,23.37,12.57
1991,196,23.1,12.41
1991,197,20.79,11.3
1991,198,20.73,10.9
1991,199,23.49,12.31
1991,200,21.2,12.43
1991,201,22.6,11.86
1991,202,21.73,11.77
1991,203,22.75,13.07
1991,204,24.61,13.78
1991,205,18.7,12.46
1991,206,21.25,10.88
1991,207,22.96,11.99
1991,208,24.67,12.75
1991,209,23.98,10.98
1991,210,26.14,13.85
1991,211,21.25,14.36
1991,212,22.31,13.98
1991,213,23.92,13.29
1991,214,23.7,12.09
1991,215,24.2,12.54
1991,216,24.88,13.79
1991,217,23.55,13.18
1991,218,23.19,15.02
1991,219,21.12,13.94
1991,220,22.93,12.54
1991,221,24.73,10.43
1991,222,27.96,15.29
1991,223,22.53,14.54
1991,224,23.44,12.07
1991,225,23.91,13.28
1991,226,24.73,13.91
1991,227,25.99,12.56
1991,228,24.31,13.16
1991,229,23.56,11.76
1991,230,22.44,8.81
1991,231,25.05,8.39
1991,232,25.28,14.17
1991,233,26.82,12.03
1991,234,24.08,12.77
1991,235,19.64,12.37
1991,236,23.29,12.01
1991,237,25.63,12.17
1991,238,26.47,13.63
1991,239,25.95,14.31
1991,240,23.8,12.62
1991,241,22.06,10.3
1991,242,23.77,11.51
1991,243,25.36,13.57
1991,244,27.36,12.8
1991,245,27.02,15.26
1991,246,26.49,13.82
1991,247,26.63,13.47
1991,248,25.03,12.61
1991,249,20.54,9.72
1991,250,21.12,7.35
1991,251,23.75,9.19
1991,252,22.73,10.73
1991,253,22.74,11.3
1991,254,20.01,10.02
1991,255,20.59,8.59
1991,256,23.14,8.47
1991,257,24.11,12.25
1991,258,22.44,14.93
1991,259,23.51,12.52
1991,260,22.34,10.76
1991,261,22.76,9.39
1991,262,19.14,6.82
1991,263,20.14,7.09
1991,264,24.15,9.18
1991,265,19.0,10.67
1991,266,21.17,10.64
1991,267,19.47,11.4
1991,268,17.92,10.06
1991,269,16.62,10.47
1991,270,14.31,8.85
1991,271,14.1,8.39
1991,272,16.3,9.78
1991,273,14.63,5.69
1991,274,16.66,9.6
1991,275,17.17,6.9
1991,276,17.99,7.32
1991,277,15.37,6.07
1991,278,14.79,5.45
1991,279,14.1,4.96
1991,280,15.09,4.97
1991,281,15.33,7.95
1991,282,16.57,9.38
1991,283,20.95,9.52
1991,284,20.44,12.1
1991,285,15.24,10.53
1991,286,17.61,8.86
1991,287,17.25,8.97
1991,288,14.52,8.02
1991,289,16.15,8.4
1991,290,9.97,6.71
1991,291,9.48,2.69
1991,292,8.85,2.6
1991,293,7.27,1.37
1991,294,10.73,1.75
1991,295,11.75,1.71
1991,296,10.89,1.75
1991,297,10.77,6.25
1991,298,11.18,6.6
1991,299,11.99,6.31
1991,300,12.07,4.12
1991,301,13.53,7.26
1991,302,13.83,8.1
1991,303,11.75,5.47
1991,304,12.87,6.1
1991,305,15.57,11.27
1991,306,14.38,9.03
1991,307,11.32,3.78
1991,308,8.79,3.7
1991,309,6.82,-1.01
1991,310,8.88,-0.7
1991,311,12.57,9.26
1991,312,10.82,3.8
1991,313,8.73,2.13
1991,314,8.18,1.38
1991,315,9.86,-0.28
1991,316,9.54,-0.65
1991,317,6.45,2.88
1991,318,6.3,2.94
1991,319,8.29,2.2
1991,320,6.62,2.94
1991,321,5.85,1.23
1991,322,9.88,5.93
1991,323,6.9,4.36
1991,324,6.99,-0.34
1991,325,4.71,-1.39
1991,326,8.73,3.87
1991,327,8.27,5.1
1991,328,8.31,2.32
1991,329,7.89,2.62
1991,330,10.81,6.16
1991,331,10.35,5.4
1991,332,11.77,6.65
1991,333,10.7,5.96
1991,334,7.48,5.49
1991,335,9.64,6.15
1991,336,7.54,4.56
1991,337,6.87,2.39
1991,338,5.11,2.36
1991,339,6.84,0.95
1991,340,6.32,-1.66
1991,341,4.52,-2.1
1991,342,4.9,-1.95
1991,343,4.62,-1.35
1991,344,2.78,-3.73
1991,345,0.28,-4.02
1991,346,0.44,-5.69
1991,347,5.02,-3.12
1991,348,4.36,-0.55
1991,349,4.55,0.91
1991,350,6.35,2.61
1991,351,10.51,4.55
1991,352,7.61,2.76
1991,353,11.3,3.88
1991,354,4.62,2.08
1991,355,11.89,4.09
1991,356,12.79,9.49
1991,357,11.36,4.01
1991,358,5.88,0.46
1991,359,4.8,0.63
1991,360,9.24,3.65
1991,361,5.76,2.81
1991,362,5.31,1.91
1991,363,6.16,2.51
1991,364,6.16,2.83
1991,365,6.04,2.38
1992,1,9.27,5.38
1992,2,9.71,7.3
1992,3,9.73,7.32
1992,4,10.13,4.66
1992,5,10.97,5.42
1992,6,10.52,4.73
1992,7,8.22,4.91
1992,8,10.29,5.52
1992,9,8.34,2.42
1992,10,5.81,0.3
1992,11,2.5,-2.63
1992,12,2.8,-1.8
1992,13,4.09,-0.4
1992,14,3.14,-1.21
1992,15,4.26,0.41
1992,16,4.83,-0.81
1992,17,4.69,0.25
1992,18,6.71,0.31
1992,19,6.49,1.11
1992,20,6.15,-2.55
1992,21,2.39,-3.52
1992,22,2.82,-3.55
1992,23,1.96,-3.26
1992,24,2.34,-3.29
1992,25,3.94,-4.05
1992,26,4.68,-0.59
1992,27,4.43,-1.22
1992,28,4.15,-2.05
1992,29,5.89,-0.3
1992,30,4.53,-1.29
1992,31,3.84,0.3
1992,32,3.86,-2.53
1992,33,3.83,-2.99
1992,34,7.31,1.55
1992,35,10.15,3.23
1992,36,9.18,4.78
1992,37,8.61,1.55
1992,38,8.64,0.68
1992,39,8.96,2.03
1992,40,9.31,3.43
1992,41,7.48,1.5
1992,42,9.45,5.86
1992,43,10.99,4.23
1992,44,7.95,2.59
1992,45,9.19,2.62
1992,46,8.92,2.11
1992,47,5.48,-0.24
1992,48,3.95,-2.01
1992,49,4.92,-3.4
1992,50,4.55,-3.59
1992,51,5.06,-3.5
1992,52,7.58,-2.58
1992,53,7.71,-1.14
1992,54,11.32,6.32
1992,55,7.5,-0.16
1992,56,5.92,-0.65
1992,57,11.07,2.97
1992,58,12.21,5.34
1992,59,7.52,4.66
1992,60,13.34,4.9
1992,61,10.23,4.72
1992,62,8.3,0.8
1992,63,11.77,4.56
1992,64,13.24,3.22
1992,65,12.41,3.28
1992,66,12.93,3.98
1992,67,11.81,5.03
1992,68,9.6,2.79
1992,69,11.07,0.24
1992,70,10.57,1.66
1992,71,9.09,0.79
1992,72,11.32,7.32
1992,73,11.92,3.9
1992,74,9.15,1.77
1992,75,8.79,3.86
1992,76,14.45,5.44
1992,77,11.92,5.37
1992,78,13.72,6.9
1992,79,14.25,2.37
1992,80,15.21,8.27
1992,81,10.7,6.2
1992,82,13.81,4.18
1992,83,7.67,3.57
1992,84,8.71,1.6
1992,85,8.92,1.91
1992,86,6.78,2.99
1992,87,8.01,0.33
1992,88,9.29,0.18
1992,89,7.71,3.27
1992,90,7.43,1.57
1992,91,8.99,1.38
1992,92,10.49,0.15
1992,93,9.21,0.7
1992,94,8.75,0.44
1992,95,9.73,-0.37
1992,96,11.72,-0.48
1992,97,6.85,3.69
1992,98,11.23,4.61
1992,99,15.43,3.65
1992,100,15.87,3.26
1992,101,16.16,1.88
1992,102,16.78,4.81
1992,103,13.86,3.51
1992,104,12.25,3.12
1992,105,9.1,4.56
1992,106,7.71,3.01
1992,107,9.78,1.05
1992,108,14.26,2.72
1992,109,18.97,8.3
1992,110,15.21,8.7
1992,111,14.79,7.61
1992,112,14.79,7.09
1992,113,15.37,6.71
1992,114,14.92,6.87
1992,115,14.11,6.81
1992,116,14.01,6.5
1992,117,14.85,7.47
1992,118,13.72,6.43
1992,119,11.66,4.6
1992,120,12.98,3.69
1992,121,12.9,4.13
1992,122,13.35,5.5
1992,123,12.36,4.01
1992,124,15.29,1.94
1992,125,16.98,3.87
1992,126,13.87,6.16
1992,127,19.54,3.88
1992,128,20.35,8.59
1992,129,13.42,7.6
1992,130,14.1,4.97
1992,131,11.43,3.23
1992,132,14.25,5.67
1992,133,16.3,8.5
1992,134,20.31,8.08
1992,135,23.57,10.47
1992,136,21.61,10.82
1992,137,19.64,6.95
1992,138,16.87,5.45
1992,139,19.32,6.06
1992,140,23.41,8.88
1992,141,23.28,8.67
1992,142,24.2,8.13
1992,143,23.91,9.27
1992,144,24.78,10.12
1992,145,24.56,10.93
1992,146,25.1,13.27
1992,147,24.02,11.67
1992,148,21.07,10.41
1992,149,23.05,13.21
1992,150,17.68,12.94
1992,151,19.19,11.31
1992,152,21.83,9.58
1992,153,20.19,12.21
1992,154,19.95,10.2
1992,155,19.12,10.23
1992,156,16.69,7.94
1992,157,17.55,7.67
1992,158,22.01,10.48
1992,159,19.23,12.42
1992,160,20.82,11.63
1992,161,21.62,11.26
1992,162,22.09,10.6
1992,163,20.08,10.26
1992,164,22.97,9.58
1992,165,23.84,8.45
1992,166,25.04,10.52
1992,167,24.66,11.38
1992,168,20.19,10.59
1992,169,20.08,8.98
1992,170,17.71,7.09
1992,171,14.8,6.73
1992,172,21.31,10.07
1992,173,21.94,8.22
1992,174,21.05,8.99
1992,175,21.38,8.72
1992,176,21.17,9.73
1992,177,22.78,11.46
1992,178,24.56,11.77
1992,179,24.5,12.49
1992,180,26.01,11.14
1992,181,27.82,12.9
1992,182,24.33,15.98
1992,183,21.63,12.92
1992,184,18.06,11.39
1992,185,16.95,10.72
1992,186,19.27,9.92
1992,187,21.09,11.2
1992,188,22.77,11.62
1992,189,21.33,10.2
1992,190,19.71,11.89
1992,191,21.25,11.98
1992,192,20.28,12.68
1992,193,18.33,11.4
1992,194,21.68,13.56
1992,195,21.81,13.12
1992,196,21.98,15.53
1992,197,24.77,14.71
1992,198,25.81,14.33
1992,199,24.26,13.73
1992,200,23.17,13.68
1992,201,25.49,13.98
1992,202,24.7,13.81
1992,203,22.15,12.19
1992,204,22.65,10.06
1992,205,22.95,10.23
1992,206,23.23,13.79
1992,207,22.71,11.19
1992,208,22.09,13.52
1992,209,20.75,11.13
1992,210,21.36,9.1
1992,211,24.61,9.7
1992,212,26.27,13.23
1992,213,26.3,13.83
1992,214,26.7,12.32
1992,215,23.34,12.58
1992,216,22.76,13.36
1992,217,22.48,11.28
1992,218,25.04,13.31
1992,219,24.34,13.84
1992,220,23.7,12.61
1992,221,27.38,16.28
1992,222,23.58,16.08
1992,223,21.91,13.51
1992,224,20.1,10.8
1992,225,18.41,12.22
1992,226,17.29,12.04
1992,227,19.99,8.98
1992,228,21.14,7.87
1992,229,21.55,11.74
1992,230,20.98,10.07
1992,231,19.28,10.27
1992,232,22.61,12.03
1992,233,18.99,13.2
1992,234,23.28,11.47
1992,235,21.1,10.8
1992,236,18.42,8.39
1992,237,20.89,13.37
1992,238,23.42,14.68
1992,239,18.95,12.34
1992,240,21.13,12.05
1992,241,20.21,12.47
1992,242,18.59,10.82
1992,243,17.79,10.54
1992,244,15.77,8.87
1992,245,15.9,7.82
1992,246,20.53,10.98
1992,247,17.0,10.09
1992,248,15.48,7.42
1992,249,16.48,6.78
1992,250,19.12,7.53
1992,251,17.2,8.24
1992,252,16.29,7.46
1992,253,18.48,8.29
1992,254,19.96,8.19
1992,255,17.35,7.93
1992,256,17.35,6.97
1992,257,14.89,8.13
1992,258,18.38,5.25
1992,259,20.63,8.42
1992,260,19.22,7.83
1992,261,20.87,10.41
1992,262,18.86,12.79
1992,263,18.08,9.17
1992,264,18.83,9.62
1992,265,18.06,11.29
1992,266,18.12,12.01
1992,267,15.43,9.47
1992,268,18.59,9.75
1992,269,16.68,9.33
1992,270,21.98,10.84
1992,271,22.61,12.21
1992,272,22.65,12.16
1992,273,19.71,10.08
1992,274,17.86,10.23
1992,275,15.81,7.19
1992,276,17.46,8.93
1992,277,13.86,9.83
1992,278,16.63,9.72
1992,279,13.92,10.19
1992,280,13.6,9.36
1992,281,14.42,9.32
1992,282,13.22,6.57
1992,283,13.53,5.06
1992,284,13.28,6.84
1992,285,12.36,7.04
1992,286,14.16,4.98
1992,287,12.77,2.59
1992,288,10.9,1.72
1992,289,8.69,2.36
1992,290,8.39,1.58
1992,291,8.88,1.48
1992,292,10.11,2.89
1992,293,7.81,4.04
1992,294,10.96,4.33
1992,295,8.68,2.47
1992,296,9.84,3.68
1992,297,9.06,3.0
1992,298,9.26,2.6
1992,299,11.47,5.03
1992,300,8.9,2.54
1992,301,9.68,3.49
1992,302,8.1,3.19
1992,303,8.82,2.08
1992,304,8.46,-0.37
1992,305,6.62,-1.17
1992,306,11.05,2.68
1992,307,13.75,6.21
1992,308,10.85,3.88
1992,309,11.34,3.78
1992,310,15.08,6.09
1992,311,15.65,6.24
1992,312,13.6,8.36
1992,313,11.2,5.67
1992,314,10.67,8.52
1992,315,9.69,4.73
1992,316,12.16,4.23
1992,317,8.19,2.91
1992,318,6.48,-0.54
1992,319,6.32,-0.77
1992,320,7.81,3.89
1992,321,7.11,2.43
1992,322,6.38,1.89
1992,323,11.26,1.58
1992,324,8.38,1.67
1992,325,5.74,-0.39
1992,326,12.23,2.92
1992,327,13.59,10.27
1992,328,12.82,8.29
1992,329,11.48,4.66
1992,330,11.49,6.78
1992,331,8.7,3.7
1992,332,11.61,3.52
1992,333,7.11,3.37
1992,334,11.66,3.22
1992,335,11.6,5.63
1992,336,10.89,4.36
1992,337,12.93,5.26
1992,338,6.65,3.68
1992,339,4.34,0.76
1992,340,4.05,0.98
1992,341,7.75,1.34
1992,342,7.47,2.9
1992,343,5.02,2.62
1992,344,4.58,1.25
1992,345,5.6,-1.5
1992,346,9.12,-0.63
1992,347,9.11,2.68
1992,348,8.59,1.78
1992,349,8.21,6.39
1992,350,7.48,4.99
1992,351,9.37,1.67
1992,352,8.27,-0.45
1992,353,10.19,3.66
1992,354,3.4,1.76
1992,355,5.14,-0.9
1992,356,4.22,-1.15
1992,357,3.84,-1.04
1992,358,2.44,-1.25
1992,359,2.54,-2.13
1992,360,5.66,1.46
1992,361,5.23,1.33
1992,362,5.17,-0.3
1992,363,3.21,-2.82
1992,364,2.31,-3.19
1992,365,2.53,-3.21
1992,366,3.1,-1.1
1993,1,0.99,-1.31
1993,2,0.68,-5.28
1993,3,0.55,-6.16
1993,4,3.37,-2.38
1993,5,9.1,3.49
1993,6,11.11,5.03
1993,7,9.61,2.95
1993,8,8.12,0.49
1993,9,10.43,2.19
1993,10,11.31,5.81
1993,11,9.57,5.4
1993,12,5.69,1.35
1993,13,12.06,3.99
1993,14,7.45,2.9
1993,15,11.4,7.49
1993,16,12.4,7.55
1993,17,9.7,3.5
1993,18,6.8,0.98
1993,19,9.75,2.88
1993,20,10.79,5.98
1993,21,11.48,5.72
1993,22,11.6,3.81
1993,23,10.65,3.62
1993,24,10.9,4.02
1993,25,4.76,-4.23
1993,26,8.13,-4.1
1993,27,7.43,4.82
1993,28,10.02,4.97
1993,29,8.93,3.16
1993,30,7.05,2.12
1993,31,6.81,2.61
1993,32,4.98,-0.16
1993,33,8.36,2.17
1993,34,4.97,2.05
1993,35,4.98,-0.04
1993,36,4.36,-1.76
1993,37,8.78,-0.94
1993,38,9.8,5.78
1993,39,8.63,5.2
1993,40,7.01,2.84
1993,41,4.47,0.13
1993,42,5.41,0.17
1993,43,5.7,2.95
1993,44,6.55,1.26
1993,45,5.42,-1.67
1993,46,6.52,-0.57
1993,47,7.99,0.91
1993,48,9.6,6.04
1993,49,9.4,4.28
1993,50,9.08,1.89
1993,51,8.95,1.86
1993,52,5.56,-1.29
1993,53,5.13,-2.63
1993,54,6.22,-2.49
1993,55,8.08,-1.46
1993,56,8.73,-0.18
1993,57,4.4,1.13
1993,58,3.0,-2.76
1993,59,2.47,-3.49
1993,60,4.85,-1.31
1993,61,5.5,-0.13
1993,62,4.49,-2.09
1993,63,5.65,-3.34
1993,64,7.58,-3.61
1993,65,11.17,3.65
1993,66,9.39,1.93
1993,67,10.48,0.52
1993,68,7.88,-1.9
1993,69,11.0,-0.08
1993,70,12.98,3.49
1993,71,14.09,2.1
1993,72,14.8,3.27
1993,73,15.24,5.07
1993,74,17.14,4.63
1993,75,10.79,6.72
1993,76,14.98,7.41
1993,77,13.9,1.6
1993,78,11.23,-1.3
1993,79,11.9,-0.77
1993,80,12.17,3.31
1993,81,12.06,3.08
1993,82,9.91,0.73
1993,83,9.56,-0.21
1993,84,9.67,-1.31
1993,85,9.21,-3.22
1993,86,9.45,-2.43
1993,87,9.37,0.39
1993,88,11.34,2.14
1993,89,13.11,6.23
1993,90,10.86,4.78
1993,91,8.9,2.42
1993,92,10.7,1.13
1993,93,10.55,2.23
1993,94,10.73,2.14
1993,95,12.56,4.3
1993,96,11.91,4.41
1993,97,9.41,4.21
1993,98,11.91,5.46
1993,99,10.0,4.87
1993,100,13.56,2.42
1993,101,12.3,4.63
1993,102,12.76,3.57
1993,103,12.46,3.43
1993,104,12.52,3.26
1993,105,13.87,2.87
1993,106,14.88,3.04
1993,107,14.06,7.43
1993,108,14.47,7.44
1993,109,14.16,7.9
1993,110,18.12,7.73
1993,111,16.45,6.17
1993,112,14.66,6.23
1993,113,13.48,8.72
1993,114,13.89,7.33
1993,115,14.99,7.17
1993,116,15.24,7.16
1993,117,18.56,5.89
1993,118,16.67,5.36
1993,119,21.16,6.46
1993,120,23.09,6.9
1993,121,20.58,9.09
1993,122,12.56,5.76
1993,123,13.16,3.1
1993,124,14.57,3.31
1993,125,13.8,2.14
1993,126,13.85,2.24
1993,127,14.73,4.26
1993,128,16.09,5.75
1993,129,17.73,6.58
1993,130,19.63,8.15
1993,131,21.3,8.87
1993,132,18.98,7.62
1993,133,17.06,6.85
1993,134,15.88,5.93
1993,135,12.41,3.89
1993,136,13.73,5.18
1993,137,20.43,10.2
1993,138,17.26,8.44
1993,139,17.59,8.81
1993,140,12.73,8.5
1993,141,15.97,6.39
1993,142,17.85,5.74
1993,143,20.4,9.88
1993,144,21.86,10.99
1993,145,19.34,9.65
1993,146,18.08,10.35
1993,147,15.28,8.36
1993,148,15.26,7.67
1993,149,18.37,7.72
1993,150,16.33,10.31
1993,151,16.08,9.05
1993,152,19.0,9.89
1993,153,17.56,10.49
1993,154,18.46,9.54
1993,155,20.18,7.52
1993,156,22.37,10.04
1993,157,23.23,10.3
1993,158,23.65,11.89
1993,159,25.13,12.33
1993,160,25.12,12.75
1993,161,22.22,15.88
1993,162,18.12,12.96
1993,163,18.77,11.53
1993,164,18.04,10.18
1993,165,18.81,9.71
1993,166,19.46,7.94
1993,167,18.5,11.33
1993,168,19.76,10.64
1993,169,19.58,11.84
1993,170,18.27,10.42
1993,171,19.49,8.41
1993,172,19.04,7.25
1993,173,19.02,10.67
1993,174,17.32,10.33
1993,175,19.62,7.6
1993,176,20.54,7.89
1993,177,23.1,11.76
1993,178,22.35,12.59
1993,179,20.39,10.26
1993,180,21.65,9.84
1993,181,24.25,11.01
1993,182,22.58,10.27
1993,183,23.91,10.5
1993,184,24.64,12.93
1993,185,25.82,13.66
1993,186,19.29,9.57
1993,187,22.06,8.03
1993,188,21.65,10.46
1993,189,22.13,12.37
1993,190,17.3,9.08
1993,191,16.31,7.16
1993,192,17.53,6.65
1993,193,17.58,6.46
1993,194,16.44,9.2
1993,195,23.27,14.22
1993,196,23.1,13.93
1993,197,22.98,14.47
1993,198,21.38,11.55
1993,199,18.07,8.74
1993,200,18.41,10.74
1993,201,18.5,10.66
1993,202,19.06,9.91
1993,203,21.36,10.56
1993,204,24.25,14.21
1993,205,18.57,10.81
1993,206,18.56,10.02
1993,207,18.66,9.79
1993,208,21.08,14.1
1993,209,23.52,14.15
1993,210,20.22,15.57
1993,211,21.45,11.85
1993,212,19.88,10.4
1993,213,21.24,9.36
1993,214,21.2,10.98
1993,215,20.96,12.06
1993,216,19.75,10.22
1993,217,19.72,10.75
1993,218,21.93,8.89
1993,219,23.02,12.65
1993,220,21.16,12.31
1993,221,23.36,13.44
1993,222,19.29,11.16
1993,223,22.92,10.19
1993,224,19.4,9.18
1993,225,20.21,6.39
1993,226,23.58,10.17
1993,227,22.97,13.24
1993,228,21.54,11.05
1993,229,21.26,8.95
1993,230,20.67,10.76
1993,231,24.17,11.34
1993,232,25.94,13.74
1993,233,22.69,11.91
1993,234,16.6,9.87
1993,235,16.44,7.24
1993,236,17.13,7.56
1993,237,18.39,5.65
1993,238,18.19,7.58
1993,239,17.05,8.72
1993,240,19.46,10.12
1993,241,21.52,9.56
1993,242,21.98,10.53
1993,243,18.3,9.14
1993,244,21.46,9.19
1993,245,19.62,11.5
1993,246,18.5,8.41
1993,247,17.35,6.94
1993,248,17.54,6.01
1993,249,17.6,7.16
1993,250,20.72,10.32
1993,251,19.19,14.26
1993,252,19.73,13.86
1993,253,18.32,9.75
1993,254,15.67,8.11
1993,255,15.84,8.07
1993,256,16.48,11.29
1993,257,16.12,7.59
1993,258,15.98,6.82
1993,259,16.36,8.61
1993,260,16.08,7.47
1993,261,16.21,6.39
1993,262,19.11,7.29
1993,263,17.95,12.09
1993,264,18.17,10.35
1993,265,17.04,10.52
1993,266,17.3,7.88
1993,267,17.5,6.55
1993,268,13.4,6.77
1993,269,13.64,5.89
1993,270,10.67,6.11
1993,271,12.07,6.19
1993,272,14.56,6.24
1993,273,14.72,5.7
1993,274,13.94,7.65
1993,275,14.01,8.2
1993,276,16.35,6.38
1993,277,15.77,8.09
1993,278,15.87,9.91
1993,279,15.29,10.31
1993,280,14.79,8.74
1993,281,15.38,8.79
1993,282,13.26,7.9
1993,283,15.79,7.18
1993,284,17.04,11.08
1993,285,13.79,9.11
1993,286,15.02,7.0
1993,287,10.72,3.21
1993,288,9.65,0.18
1993,289,8.19,-1.64
1993,290,10.37,-1.28
1993,291,11.54,1.24
1993,292,10.27,-0.64
1993,293,10.44,-0.45
1993,294,10.34,1.2
1993,295,11.17,4.98
1993,296,10.79,5.33
1993,297,10.79,4.64
1993,298,11.7,5.52
1993,299,11.45,5.69
1993,300,10.21,6.4
1993,301,10.92,6.3
1993,302,12.89,6.07
1993,303,11.13,6.61
1993,304,8.79,5.15
1993,305,8.15,3.33
1993,306,7.11,3.04
1993,307,14.88,6.65
1993,308,16.15,7.66
1993,309,15.55,7.14
1993,310,10.45,6.31
1993,311,10.62,5.46
1993,312,9.91,5.21
1993,313,9.58,3.98
1993,314,11.24,4.0
1993,315,8.89,1.62
1993,316,9.43,2.32
1993,317,11.75,6.42
1993,318,12.02,2.55
1993,319,8.37,0.42
1993,320,7.31,0.28
1993,321,5.39,-1.16
1993,322,4.78,-1.9
1993,323,4.75,-2.46
1993,324,4.41,-2.07
1993,325,1.31,-4.19
1993,326,2.26,-3.76
1993,327,-0.04,-3.3
1993,328,3.1,-3.22
1993,329,6.5,0.86
1993,330,4.51,1.74
1993,331,6.4,-0.14
1993,332,1.39,-3.15
1993,333,2.12,-3.3
1993,334,7.29,1.16
1993,335,6.88,3.73
1993,336,11.34,6.66
1993,337,10.13,7.67
1993,338,11.35,2.11
1993,339,9.13,2.57
1993,340,9.13,5.02
1993,341,8.02,2.49
1993,342,10.99,2.53
1993,343,8.08,4.42
1993,344,8.6,2.6
1993,345,5.45,1.98
1993,346,9.84,1.7
1993,347,10.01,2.53
1993,348,3.79,-2.1
1993,349,5.38,3.5
1993,350,6.81,2.76
1993,351,8.74,2.59
1993,352,11.23,7.87
1993,353,13.1,5.62
1993,354,6.29,2.71
1993,355,4.8,1.37
1993,356,6.7,1.79
1993,357,5.06,0.91
1993,358,3.45,-0.95
1993,359,2.28,-0.85
1993,360,2.59,-2.96
1993,361,2.29,-2.51
1993,362,4.62,-1.29
1993,363,10.49,4.69
1993,364,8.89,5.04
1993,365,6.24,0.23
1994,1,4.18,-1.01
1994,2,8.5,2.7
1994,3,7.5,3.48
1994,4,6.13,-0.4
1994,5,7.3,0.76
1994,6,5.49,0.08
1994,7,4.28,-1.24
1994,8,5.72,-0.38
1994,9,7.5,4.33
1994,10,7.72,5.61
1994,11,8.27,4.87
1994,12,11.26,5.92
1994,13,9.74,4.99
1994,14,7.11,2.73
1994,15,6.09,2.13
1994,16,4.32,-0.68
1994,17,3.42,-3.5
1994,18,5.52,-2.59
1994,19,5.8,-1.95
1994,20,6.32,-1.31
1994,21,7.95,4.44
1994,22,10.06,5.75
1994,23,9.99,0.95
1994,24,7.84,1.97
1994,25,11.25,5.02
1994,26,7.75,4.47
1994,27,10.48,2.84
1994,28,6.04,-1.78
1994,29,8.97,-1.76
1994,30,8.06,0.99
1994,31,6.64,0.71
1994,32,8.28,1.62
1994,33,5.07,-1.36
1994,34,8.63,1.13
1994,35,8.0,4.05
1994,36,9.28,2.07
1994,37,9.04,2.45
1994,38,8.02,0.88
1994,39,7.54,0.47
1994,40,7.89,0.61
1994,41,6.75,0.53
1994,42,4.48,-0.32
1994,43,5.56,-1.94
1994,44,2.89,-3.38
1994,45,-0.83,-4.55
1994,46,4.48,-1.25
1994,47,7.14,1.6
1994,48,6.96,0.03
1994,49,6.39,-2.37
1994,50,6.65,-2.37
1994,51,1.93,-3.73
1994,52,2.49,-3.67
1994,53,3.2,-2.14
1994,54,3.37,0.13
1994,55,4.57,-1.8
1994,56,6.32,-2.48
1994,57,9.73,6.03
1994,58,11.16,6.18
1994,59,11.11,3.96
1994,60,7.13,2.56
1994,61,10.59,2.55
1994,62,10.29,1.53
1994,63,9.77,1.44
1994,64,12.66,2.63
1994,65,7.92,2.4
1994,66,12.41,6.65
1994,67,13.48,7.74
1994,68,11.17,5.91
1994,69,11.02,1.88
1994,70,9.19,1.74
1994,71,8.74,1.82
1994,72,11.45,3.56
1994,73,14.62,3.57
1994,74,11.89,3.27
1994,75,8.22,2.43
1994,76,7.87,1.18
1994,77,10.23,3.1
1994,78,9.17,0.19
1994,79,9.15,-1.53
1994,80,9.59,1.02
1994,81,9.06,2.33
1994,82,14.98,8.77
1994,83,12.11,6.29
1994,84,13.58,3.06
1994,85,10.01,0.59
1994,86,8.37,-0.23
1994,87,12.96,6.6
1994,88,13.94,7.79
1994,89,15.07,7.5
1994,90,10.82,4.92
1994,91,10.15,3.13
1994,92,6.71,0.38
1994,93,8.01,0.0
1994,94,9.49,1.89
1994,95,8.77,1.51
1994,96,9.5,1.49
1994,97,9.0,1.55
1994,98,8.93,1.59
1994,99,6.25,0.18
1994,100,8.96,0.78
1994,101,12.81,1.86
1994,102,11.6,2.06
1994,103,10.5,1.17
1994,104,6.64,0.57
1994,105,8.02,2.48
1994,106,11.63,3.7
1994,107,10.15,1.92
1994,108,10.79,1.75
1994,109,11.73,1.94
1994,110,11.46,3.57
1994,111,11.92,2.8
1994,112,14.61,5.29
1994,113,16.02,8.79
1994,114,15.04,5.52
1994,115,12.94,3.74
1994,116,17.18,9.91
1994,117,18.53,9.43
1994,118,18.24,9.37
1994,119,20.7,6.51
1994,120,18.24,6.62
1994,121,15.77,4.98
1994,122,14.91,3.74
1994,123,17.24,6.43
1994,124,13.18,5.74
1994,125,11.7,4.67
1994,126,15.47,8.94
1994,127,13.72,7.5
1994,128,15.06,5.01
1994,129,15.02,3.99
1994,130,15.93,5.2
1994,131,16.92,7.73
1994,132,16.51,8.16
1994,133,18.5,8.37
1994,134,15.85,9.83
1994,135,18.92,8.1
1994,136,15.53,7.67
1994,137,10.18,6.33
1994,138,13.48,4.13
1994,139,14.44,2.34
1994,140,15.19,6.84
1994,141,14.59,9.16
1994,142,15.66,8.23
1994,143,16.05,7.66
1994,144,13.67,8.27
1994,145,15.11,7.61
1994,146,13.21,5.07
1994,147,14.14,3.18
1994,148,12.82,4.6
1994,149,14.92,1.75
1994,150,16.21,3.0
1994,151,19.34,4.75
1994,152,22.6,6.44
1994,153,17.9,10.87
1994,154,15.15,10.02
1994,155,12.33,6.78
1994,156,16.34,5.37
1994,157,21.13,10.48
1994,158,20.31,9.73
1994,159,14.95,6.32
1994,160,16.01,4.95
1994,161,15.71,8.19
1994,162,17.36,7.41
1994,163,19.84,7.11
1994,164,21.85,9.19
1994,165,21.79,9.24
1994,166,20.44,6.26
1994,167,20.64,9.9
1994,168,21.24,9.11
1994,169,20.83,11.13
1994,170,20.57,11.73
1994,171,18.2,10.64
1994,172,18.15,11.38
1994,173,19.02,9.78
1994,174,20.93,7.75
1994,175,25.45,11.96
1994,176,21.18,14.25
1994,177,20.71,11.12
1994,178,23.34,12.1
1994,179,24.92,11.47
1994,180,20.17,10.36
1994,181,21.4,8.19
1994,182,22.96,10.92
1994,183,25.5,15.01
1994,184,24.93,12.92
1994,185,23.42,12.68
1994,186,20.54,10.69
1994,187,17.91,11.31
1994,188,19.21,9.78
1994,189,20.12,10.29
1994,190,22.69,11.33
1994,191,23.32,9.66
1994,192,26.58,11.18
1994,193,28.84,13.9
1994,194,23.42,14.68
1994,195,24.3,12.39
1994,196,23.08,11.61
1994,197,22.54,12.52
1994,198,20.96,12.4
1994,199,21.89,12.49
1994,200,23.6,12.12
1994,201,24.79,11.49
1994,202,25.74,13.64
1994,203,25.23,14.16
1994,204,24.75,13.24
1994,205,26.45,14.7
1994,206,27.49,15.01
1994,207,23.39,14.79
1994,208,26.36,15.51
1994,209,21.03,12.9
1994,210,23.62,11.54
1994,211,27.12,14.28
1994,212,25.86,16.46
1994,213,22.4,12.83
1994,214,21.53,10.6
1994,215,26.58,15.32
1994,216,23.29,16.78
1994,217,25.23,15.54
1994,218,24.17,14.12
1994,219,22.55,14.45
1994,220,22.27,13.26
1994,221,21.42,12.88
1994,222,20.05,15.12
1994,223,17.46,13.77
1994,224,19.8,11.52
1994,225,19.96,10.08
1994,226,19.26,8.07
1994,227,21.97,8.34
1994,228,22.64,11.07
1994,229,18.54,11.02
1994,230,21.44,9.45
1994,231,21.39,11.53
1994,232,20.06,10.14
1994,233,22.02,10.99
1994,234,21.05,14.13
1994,235,22.9,11.76
1994,236,20.16,11.02
1994,237,19.73,10.91
1994,238,22.49,12.3
1994,239,20.58,11.25
1994,240,18.8,9.48
1994,241,19.66,9.05
1994,242,18.25,9.09
1994,243,19.83,11.59
1994,244,18.67,11.63
1994,245,20.32,8.08
1994,246,18.64,7.87
1994,247,20.31,13.98
1994,248,18.5,9.65
1994,249,16.41,9.29
1994,250,17.72,8.56
1994,251,16.08,9.88
1994,252,17.6,8.86
1994,253,16.27,8.24
1994,254,18.29,7.86
1994,255,17.52,10.25
1994,256,17.81,9.0
1994,257,15.25,9.56
1994,258,13.39,8.84
1994,259,13.47,5.81
1994,260,12.81,5.17
1994,261,14.25,6.45
1994,262,11.83,8.56
1994,263,15.69,7.86
1994,264,18.31,7.55
1994,265,18.41,10.19
1994,266,18.01,10.68
1994,267,20.6,12.34
1994,268,19.56,11.65
1994,269,17.9,11.01
1994,270,18.93,7.45
1994,271,17.72,6.87
1994,272,17.42,7.13
1994,273,16.52,9.41
1994,274,15.64,9.3
1994,275,16.06,8.37
1994,276,11.66,2.85
1994,277,10.2,0.46
1994,278,13.32,2.48
1994,279,15.07,3.16
1994,280,15.96,4.94
1994,281,14.94,5.25
1994,282,16.05,5.84
1994,283,16.77,3.98
1994,284,18.47,7.14
1994,285,16.77,6.39
1994,286,16.62,6.16
1994,287,17.45,5.7
1994,288,16.42,5.7
1994,289,13.2,7.02
1994,290,11.9,4.0
1994,291,11.28,1.82
1994,292,15.14,6.34
1994,293,13.96,10.03
1994,294,15.5,10.32
1994,295,17.07,11.15
1994,296,13.61,6.54
1994,297,11.95,6.79
1994,298,11.78,5.84
1994,299,12.06,6.24
1994,300,11.12,4.42
1994,301,11.39,4.91
1994,302,13.39,6.24
1994,303,15.32,12.26
1994,304,13.96,8.69
1994,305,12.05,4.38
1994,306,11.99,3.01
1994,307,15.87,10.48
1994,308,13.7,10.93
1994,309,12.75,8.88
1994,310,12.87,6.41
1994,311,12.65,5.91
1994,312,14.22,7.23
1994,313,11.36,9.22
1994,314,12.8,7.32
1994,315,12.48,7.1
1994,316,11.41,8.74
1994,317,13.81,7.31
1994,318,14.98,11.48
1994,319,12.91,7.21
1994,320,9.5,6.66
1994,321,10.02,5.86
1994,322,12.79,7.16
1994,323,15.31,11.14
1994,324,14.5,8.69
1994,325,9.71,6.24
1994,326,12.7,6.26
1994,327,13.26,9.37
1994,328,12.38,7.24
1994,329,12.17,7.17
1994,330,11.97,8.0
1994,331,10.46,7.36
1994,332,8.01,4.91
1994,333,8.81,5.96
1994,334,8.47,5.1
1994,335,9.48,4.27
1994,336,8.96,4.56
1994,337,12.25,6.3
1994,338,12.25,7.96
1994,339,10.42,3.83
1994,340,8.67,3.99
1994,341,10.71,6.15
1994,342,11.87,5.63
1994,343,5.92,2.52
1994,344,12.68,3.32
1994,345,12.87,10.07
1994,346,13.28,10.13
1994,347,11.43,5.32
1994,348,5.38,-1.01
1994,349,7.35,-0.61
1994,350,7.95,0.98
1994,351,10.77,1.72
1994,352,9.51,2.16
1994,353,6.08,0.89
1994,354,3.82,1.21
1994,355,2.48,0.88
1994,356,5.41,-0.28
1994,357,3.13,-1.0
1994,358,0.83,-3.45
1994,359,7.89,1.22
1994,360,9.51,3.73
1994,361,11.92,9.6
1994,362,12.79,11.4
1994,363,12.26,5.96
1994,364,7.39,4.37
1994,365,5.85,-0.1
1995,1,2.3,-3.51
1995,2,1.4,-3.4
1995,3,1.46,-2.54
1995,4,3.83,-0.38
1995,5,3.85,0.97
1995,6,6.26,1.19
1995,7,6.18,0.48
1995,8,8.53,0.97
1995,9,8.45,0.91
1995,10,9.34,3.74
1995,11,7.28,-2.07
1995,12,4.12,-2.09
1995,13,4.98,-1.05
1995,14,8.21,4.59
1995,15,9.99,6.25
1995,16,7.52,4.97
1995,17,8.95,6.83
1995,18,6.33,2.81
1995,19,9.71,1.8
1995,20,7.85,3.7
1995,21,9.01,2.87
1995,22,9.17,3.0
1995,23,7.34,3.18
1995,24,6.55,3.22
1995,25,10.66,3.36
1995,26,10.19,-1.11
1995,27,9.58,-2.28
1995,28,9.23,6.01
1995,29,10.89,4.81
1995,30,5.48,-1.42
1995,31,11.19,1.93
1995,32,11.3,5.45
1995,33,7.36,0.26
1995,34,9.16,5.08
1995,35,10.25,4.66
1995,36,9.39,4.61
1995,37,11.2,6.83
1995,38,9.06,7.02
1995,39,7.97,1.32
1995,40,5.88,-0.49
1995,41,10.39,2.71
1995,42,10.83,5.49
1995,43,10.85,4.65
1995,44,11.22,5.71
1995,45,10.89,4.08
1995,46,10.94,6.52
1995,47,9.2,5.34
1995,48,7.84,2.04
1995,49,8.55,1.97
1995,50,10.39,5.96
1995,51,9.49,3.81
1995,52,7.57,1.51
1995,53,8.74,1.62
1995,54,7.13,1.69
1995,55,6.41,3.35
1995,56,7.2,0.73
1995,57,5.82,-3.17
1995,58,8.03,-3.5
1995,59,10.93,6.5
1995,60,8.62,1.61
1995,61,5.01,-0.38
1995,62,4.5,-2.73
1995,63,5.52,-3.68
1995,64,6.36,2.75
1995,65,6.02,-0.14
1995,66,6.35,-0.86
1995,67,6.59,-0.62
1995,68,7.68,-0.5
1995,69,10.86,2.88
1995,70,15.0,4.94
1995,71,11.8,0.7
1995,72,11.61,0.28
1995,73,11.18,2.27
1995,74,5.84,0.86
1995,75,8.58,-0.32
1995,76,10.58,5.3
1995,77,7.95,3.58
1995,78,8.22,0.28
1995,79,7.27,-0.77
1995,80,9.56,-1.34
1995,81,10.82,-1.13
1995,82,13.14,-0.8
1995,83,12.83,4.9
1995,84,11.47,6.14
1995,85,11.63,6.8
1995,86,8.2,-2.13
1995,87,8.96,-2.69
1995,88,7.74,-2.41
1995,89,10.81,-2.12
1995,90,16.25,6.61
1995,91,18.5,7.63
1995,92,16.21,5.83
1995,93,15.37,7.25
1995,94,14.42,6.04
1995,95,14.73,6.99
1995,96,17.58,7.96
1995,97,17.25,5.95
1995,98,11.54,1.12
1995,99,12.63,0.26
1995,100,14.83,6.13
1995,101,17.0,4.6
1995,102,14.27,3.01
1995,103,14.06,3.04
1995,104,16.46,4.94
1995,105,12.86,4.81
1995,106,11.67,4.64
1995,107,11.95,7.12
1995,108,8.78,-0.07
1995,109,8.76,-2.53
1995,110,9.27,-1.19
1995,111,11.62,0.12
1995,112,12.18,4.06
1995,113,12.86,5.8
1995,114,14.13,5.73
1995,115,18.57,7.22
1995,116,16.0,4.01
1995,117,13.72,2.64
1995,118,11.52,0.1
1995,119,11.11,3.45
1995,120,15.48,5.5
1995,121,16.07,5.29
1995,122,20.52,7.52
1995,123,21.4,7.05
1995,124,22.54,5.91
1995,125,23.83,7.58
1995,126,23.85,10.25
1995,127,23.48,10.93
1995,128,15.97,6.83
1995,129,14.44,5.4
1995,130,14.41,2.94
1995,131,10.2,3.98
1995,132,8.93,3.45
1995,133,10.57,2.5
1995,134,12.37,-0.66
1995,135,14.19,1.26
1995,136,13.28,5.55
1995,137,11.0,3.27
1995,138,11.68,2.64
1995,139,14.0,3.82
1995,140,14.73,5.77
1995,141,15.62,6.56
1995,142,16.72,6.19
1995,143,18.37,7.93
1995,144,19.4,8.36
1995,145,17.16,7.99
1995,146,17.98,7.17
1995,147,18.52,10.5
1995,148,18.05,9.76
1995,149,17.02,8.1
1995,150,16.68,7.51
1995,151,18.27,7.94
1995,152,17.1,7.05
1995,153,16.95,5.78
1995,154,14.52,8.37
1995,155,15.49,9.18
1995,156,16.25,8.99
1995,157,16.09,8.1
1995,158,16.63,8.06
1995,159,15.11,6.26
1995,160,16.76,7.81
1995,161,14.09,6.43
1995,162,15.18,7.86
1995,163,13.61,6.77
1995,164,14.3,6.8
1995,165,15.88,7.92
1995,166,14.87,6.69
1995,167,19.57,9.41
1995,168,15.92,9.95
1995,169,19.42,10.24
1995,170,21.93,8.39
1995,171,23.49,10.13
1995,172,19.33,9.23
1995,173,19.98,6.86
1995,174,19.76,7.94
1995,175,19.78,9.11
1995,176,22.18,9.26
1995,177,23.75,9.53
1995,178,23.92,9.68
1995,179,26.08,11.39
1995,180,24.49,11.41
1995,181,28.07,9.7
1995,182,20.73,11.45
1995,183,17.51,11.08
1995,184,18.31,10.96
1995,185,21.29,9.92
1995,186,21.58,12.06
1995,187,24.25,10.73
1995,188,24.92,11.79
1995,189,24.31,14.17
1995,190,25.24,13.4
1995,191,27.44,13.57
1995,192,26.53,16.08
1995,193,24.01,13.87
1995,194,24.51,14.05
1995,195,22.0,13.88
1995,196,20.64,13.66
1995,197,21.79,12.13
1995,198,20.69,13.06
1995,199,25.63,14.71
1995,200,27.4,16.36
1995,201,28.47,14.45
1995,202,27.82,15.49
1995,203,21.18,11.09
1995,204,23.74,11.55
1995,205,25.18,10.35
1995,206,24.84,12.67
1995,207,25.05,15.64
1995,208,22.67,14.28
1995,209,26.93,15.23
1995,210,27.99,16.5
1995,211,27.43,15.52
1995,212,29.21,15.86
1995,213,30.64,16.78
1995,214,28.5,17.63
1995,215,27.58,16.01
1995,216,24.68,13.54
1995,217,24.54,11.48
1995,218,24.79,12.24
1995,219,21.51,13.82
1995,220,19.96,11.47
1995,221,23.9,10.12
1995,222,26.11,12.59
1995,223,28.35,14.4
1995,224,29.12,14.05
1995,225,24.84,15.01
1995,226,23.76,11.54
1995,227,27.85,12.27
1995,228,28.5,15.16
1995,229,25.87,14.55
1995,230,27.41,15.32
1995,231,28.99,15.44
1995,232,27.52,15.31
1995,233,27.84,13.19
1995,234,27.66,13.48
1995,235,24.74,13.49
1995,236,24.69,12.0
1995,237,24.23,14.72
1995,238,23.47,12.95
1995,239,20.37,10.66
1995,240,18.98,9.31
1995,241,18.25,8.97
1995,242,20.49,8.7
1995,243,19.81,12.3
1995,244,19.62,11.62
1995,245,19.34,9.99
1995,246,18.01,7.84
1995,247,20.16,7.82
1995,248,18.56,10.51
1995,249,20.32,10.01
1995,250,19.57,14.21
1995,251,20.96,13.25
1995,252,20.9,11.88
1995,253,18.26,11.14
1995,254,19.77,11.24
1995,255,17.6,9.9
1995,256,18.64,7.9
1995,257,18.56,8.37
1995,258,18.14,9.51
1995,259,16.67,10.8
1995,260,17.89,11.1
1995,261,18.93,11.38
1995,262,19.78,11.51
1995,263,17.88,8.35
1995,264,19.31,6.79
1995,265,19.56,11.67
1995,266,17.67,8.57
1995,267,15.8,7.93
1995,268,17.29,5.7
1995,269,18.34,12.32
1995,270,14.89,6.51
1995,271,12.82,4.67
1995,272,15.29,4.74
1995,273,15.4,5.57
1995,274,19.13,7.52
1995,275,16.84,6.86
1995,276,16.56,11.05
1995,277,16.69,10.37
1995,278,16.62,8.84
1995,279,15.81,10.74
1995,280,19.61,14.0
1995,281,22.81,12.77
1995,282,22.51,12.23
1995,283,20.53,9.92
1995,284,21.37,11.39
1995,285,21.71,11.35
1995,286,20.85,10.6
1995,287,21.29,11.33
1995,288,19.57,10.64
1995,289,18.58,9.68
1995,290,18.13,11.88
1995,291,14.84,6.88
1995,292,16.66,7.05
1995,293,14.65,6.08
1995,294,14.16,4.0
1995,295,13.88,5.02
1995,296,14.64,8.26
1995,297,18.02,11.96
1995,298,15.44,8.84
1995,299,16.43,11.21
1995,300,14.95,4.53
1995,301,12.45,3.11
1995,302,13.87,3.45
1995,303,14.72,5.57
1995,304,15.66,4.7
1995,305,14.24,5.6
1995,306,10.73,4.4
1995,307,10.12,2.55
1995,308,10.0,0.58
1995,309,7.73,-0.46
1995,310,10.72,-0.34
1995,311,10.53,2.44
1995,312,14.09,6.82
1995,313,12.29,7.34
1995,314,10.28,7.68
1995,315,13.78,8.82
1995,316,14.45,9.79
1995,317,13.72,7.91
1995,318,12.23,8.19
1995,319,12.7,8.95
1995,320,10.76,3.23
1995,321,4.69,-0.17
1995,322,6.48,-1.27
1995,323,7.27,-0.8
1995,324,7.47,3.03
1995,325,8.43,5.99
1995,326,11.38,4.64
1995,327,11.9,4.31
1995,328,11.42,9.63
1995,329,11.54,10.16
1995,330,10.23,7.31
1995,331,10.34,5.15
1995,332,9.83,5.0
1995,333,9.31,4.24
1995,334,6.48,3.92
1995,335,9.32,4.18
1995,336,11.07,7.43
1995,337,10.25,7.44
1995,338,8.83,2.14
1995,339,1.92,-2.3
1995,340,0.47,-2.18
1995,341,0.64,-2.4
1995,342,3.2,-2.39
1995,343,4.18,-2.02
1995,344,4.73,-1.03
1995,345,5.54,0.23
1995,346,6.33,1.3
1995,347,6.27,2.23
1995,348,4.82,0.99
1995,349,2.15,-1.46
1995,350,4.68,-1.2
1995,351,4.81,1.2
1995,352,3.11,0.29
1995,353,3.85,1.47
1995,354,3.62,-1.6
1995,355,3.86,0.05
1995,356,11.29,4.58
1995,357,8.53,1.48
1995,358,4.11,-0.42
1995,359,2.16,-3.36
1995,360,0.79,-4.85
1995,361,0.83,-4.51
1995,362,0.45,-4.5
1995,363,0.84,-5.42
1995,364,0.7,-3.89
1995,365,3.53,0.77
1996,1,3.94,1.23
1996,2,4.04,1.17
1996,3,4.85,1.08
1996,4,5.59,2.32
1996,5,6.84,4.63
1996,6,6.77,4.72
1996,7,9.61,5.4
1996,8,9.7,6.53
1996,9,9.94,7.67
1996,10,9.51,5.75
1996,11,8.17,6.14
1996,12,10.22,8.21
1996,13,10.62,6.9
1996,14,10.5,5.35
1996,15,9.12,5.26
1996,16,8.57,5.25
1996,17,9.31,3.98
1996,18,5.96,3.03
1996,19,6.32,3.18
1996,20,4.57,1.14
1996,21,2.74,0.23
1996,22,5.9,0.89
1996,23,3.27,0.65
1996,24,5.19,-0.02
1996,25,-0.08,-3.71
1996,26,-2.49,-4.78
1996,27,0.14,-4.78
1996,28,1.89,-1.64
1996,29,1.76,-1.78
1996,30,2.99,-1.25
1996,31,3.67,-1.6
1996,32,3.55,-4.42
1996,33,2.16,-3.27
1996,34,3.63,-2.75
1996,35,2.38,-3.95
1996,36,1.42,-5.28
1996,37,-0.45,-3.79
1996,38,0.64,-5.85
1996,39,4.34,-3.88
1996,40,4.05,-0.38
1996,41,7.19,2.84
1996,42,7.73,3.22
1996,43,6.57,0.89
1996,44,5.07,1.6
1996,45,5.61,-2.94
1996,46,4.55,-2.42
1996,47,11.15,2.44
1996,48,8.57,3.61
1996,49,7.76,2.79
1996,50,2.7,-2.28
1996,51,0.65,-2.57
1996,52,2.21,-3.95
1996,53,2.52,-3.91
1996,54,5.85,-1.8
1996,55,8.07,5.02
1996,56,6.93,3.51
1996,57,7.26,0.31
1996,58,8.84,-1.36
1996,59,8.16,-1.95
1996,60,8.93,-3.35
1996,61,7.38,1.21
1996,62,6.94,1.53
1996,63,6.93,0.23
1996,64,8.38,0.3
1996,65,8.28,1.55
1996,66,9.23,0.19
1996,67,4.54,0.98
1996,68,6.51,0.82
1996,69,9.42,0.77
1996,70,9.52,-3.32
1996,71,6.85,-3.29
1996,72,3.74,-1.54
1996,73,2.3,-3.1
1996,74,5.12,-2.19
1996,75,11.6,-0.25
1996,76,7.06,2.57
1996,77,10.77,1.91
1996,78,10.22,0.65
1996,79,9.83,1.13
1996,80,6.11,0.91
1996,81,8.76,4.44
1996,82,11.84,4.17
1996,83,14.98,5.96
1996,84,9.9,3.92
1996,85,10.69,4.1
1996,86,6.79,0.27
1996,87,6.84,-3.45
1996,88,8.87,-3.44
1996,89,8.11,-0.34
1996,90,7.91,-1.24
1996,91,7.45,-1.17
1996,92,6.51,-3.68
1996,93,8.15,-4.11
1996,94,8.06,-3.75
1996,95,10.46,-3.63
1996,96,11.43,1.85
1996,97,10.63,2.61
1996,98,11.4,2.96
1996,99,13.89,4.24
1996,100,14.83,4.82
1996,101,11.85,4.55
1996,102,14.53,5.03
1996,103,6.54,1.4
1996,104,9.95,0.93
1996,105,10.48,2.16
1996,106,15.49,0.88
1996,107,16.27,7.61
1996,108,14.91,5.93
1996,109,13.03,6.14
1996,110,12.91,7.89
1996,111,18.85,7.47
1996,112,19.29,6.76
1996,113,11.0,6.95
1996,114,13.0,6.79
1996,115,13.43,6.3
1996,116,15.59,5.17
1996,117,18.6,7.03
1996,118,18.95,5.14
1996,119,14.46,3.79
1996,120,11.7,1.93
1996,121,12.13,2.55
1996,122,12.8,5.66
1996,123,12.88,5.66
1996,124,10.29,1.59
1996,125,10.4,-0.65
1996,126,12.37,2.19
1996,127,13.89,2.22
1996,128,13.58,1.91
1996,129,12.59,1.17
1996,130,11.91,1.29
1996,131,10.53,1.93
1996,132,12.54,1.75
1996,133,13.97,2.82
1996,134,15.72,2.55
1996,135,15.69,3.66
1996,136,14.88,2.79
1996,137,9.57,1.64
1996,138,10.35,3.1
1996,139,7.49,2.81
1996,140,11.0,5.3
1996,141,13.87,4.0
1996,142,14.21,6.02
1996,143,11.74,7.64
1996,144,16.3,9.8
1996,145,13.84,9.33
1996,146,16.23,5.27
1996,147,15.81,6.92
1996,148,15.46,7.39
1996,149,14.57,3.57
1996,150,19.63,9.34
1996,151,22.3,10.1
1996,152,17.85,8.72
1996,153,15.98,7.38
1996,154,16.5,5.42
1996,155,17.95,5.92
1996,156,20.36,10.13
1996,157,23.62,8.98
1996,158,26.37,11.57
1996,159,27.44,13.8
1996,160,19.12,11.42
1996,161,20.54,8.37
1996,162,21.39,9.2
1996,163,21.21,9.68
1996,164,19.79,9.14
1996,165,20.01,6.25
1996,166,19.29,6.84
1996,167,20.66,6.84
1996,168,22.29,6.81
1996,169,24.6,8.6
1996,170,20.33,9.52
1996,171,20.86,9.17
1996,172,15.44,9.24
1996,173,16.43,7.63
1996,174,17.36,6.16
1996,175,18.9,6.81
1996,176,18.98,8.66
1996,177,23.6,9.56
1996,178,23.51,12.2
1996,179,22.94,13.72
1996,180,20.84,12.38
1996,181,15.49,9.51
1996,182,18.88,9.98
1996,183,17.16,9.41
1996,184,19.24,8.65
1996,185,19.89,10.7
1996,186,18.88,9.91
1996,187,17.73,10.16
1996,188,16.49,8.94
1996,189,17.78,7.38
1996,190,20.02,8.83
1996,191,20.69,8.77
1996,192,24.63,10.61
1996,193,25.67,11.88
1996,194,22.91,14.05
1996,195,26.15,13.77
1996,196,26.33,14.53
1996,197,24.44,11.07
1996,198,20.35,9.56
1996,199,22.49,9.06
1996,200,24.79,9.72
1996,201,21.85,11.04
1996,202,26.06,10.28
1996,203,26.96,11.43
1996,204,28.59,13.22
1996,205,26.01,15.73
1996,206,20.81,11.79
1996,207,24.08,9.7
1996,208,27.77,12.02
1996,209,23.71,14.83
1996,210,22.34,14.3
1996,211,22.05,13.8
1996,212,24.11,13.01
1996,213,23.2,13.17
1996,214,21.96,11.72
1996,215,22.2,9.63
1996,216,23.28,9.94
1996,217,23.4,10.15
1996,218,24.26,12.58
1996,219,21.66,12.89
1996,220,22.93,12.44
1996,221,22.52,11.2
1996,222,19.94,13.19
1996,223,22.46,13.99
1996,224,18.98,13.42
1996,225,20.19,13.66
1996,226,22.89,12.96
1996,227,23.59,12.42
1996,228,23.03,11.63
1996,229,24.76,12.18
1996,230,26.98,11.8
1996,231,27.42,13.16
1996,232,28.14,13.95
1996,233,26.64,15.04
1996,234,23.75,12.63
1996,235,22.6,10.33
1996,236,21.29,14.11
1996,237,19.09,13.27
1996,238,19.78,11.72
1996,239,19.27,9.93
1996,240,19.18,8.54
1996,241,19.64,9.0
1996,242,15.92,11.19
1996,243,18.29,8.99
1996,244,18.45,8.32
1996,245,18.85,8.41
1996,246,21.54,11.32
1996,247,20.99,11.22
1996,248,20.27,11.17
1996,249,21.22,10.91
1996,250,20.68,8.4
1996,251,20.01,10.2
1996,252,18.47,11.53
1996,253,17.2,11.18
1996,254,17.54,8.98
1996,255,18.71,8.8
1996,256,17.03,8.29
1996,257,16.83,6.38
1996,258,18.36,6.81
1996,259,21.8,8.53
1996,260,19.92,8.64
1996,261,17.69,8.87
1996,262,15.68,8.23
1996,263,13.79,9.26
1996,264,17.02,10.22
1996,265,15.61,9.29
1996,266,15.0,8.27
1996,267,15.35,7.51
1996,268,18.06,7.1
1996,269,18.23,10.35
1996,270,18.39,8.05
1996,271,18.7,9.58
1996,272,19.27,9.52
1996,273,21.47,14.07
1996,274,15.7,9.55
1996,275,15.46,7.64
1996,276,16.13,5.89
1996,277,17.63,8.2
1996,278,14.65,6.49
1996,279,13.29,5.59
1996,280,14.87,5.93
1996,281,16.89,10.11
1996,282,17.05,10.45
1996,283,15.58,8.62
1996,284,14.84,6.27
1996,285,14.15,5.92
1996,286,15.94,10.07
1996,287,18.64,10.69
1996,288,18.63,11.62
1996,289,15.04,7.65
1996,290,14.15,5.87
1996,291,13.35,5.81
1996,292,15.97,6.29
1996,293,15.73,6.87
1996,294,14.72,11.09
1996,295,15.55,7.91
1996,296,17.23,7.28
1996,297,16.55,8.72
1996,298,18.22,8.79
1996,299,16.52,11.08
1996,300,13.74,6.82
1996,301,15.76,11.1
1996,302,15.13,11.38
1996,303,11.18,3.72
1996,304,12.47,4.07
1996,305,14.65,8.78
1996,306,16.04,9.01
1996,307,17.6,11.81
1996,308,15.86,11.52
1996,309,14.72,8.93
1996,310,11.38,7.56
1996,311,13.93,9.3
1996,312,10.79,2.93
1996,313,9.28,1.23
1996,314,10.05,4.83
1996,315,5.7,0.58
1996,316,5.37,0.89
1996,317,8.29,3.02
1996,318,7.53,0.07
1996,319,8.33,0.09
1996,320,8.85,0.08
1996,321,6.08,0.56
1996,322,6.8,1.16
1996,323,5.08,-3.21
1996,324,5.61,-3.63
1996,325,4.99,-1.15
1996,326,4.66,-3.5
1996,327,5.16,-3.53
1996,328,4.29,-1.4
1996,329,8.81,-0.18
1996,330,8.65,4.42
1996,331,6.61,1.13
1996,332,5.33,-0.57
1996,333,2.57,-1.52
1996,334,8.96,3.0
1996,335,7.75,2.21
1996,336,10.53,2.47
1996,337,8.11,3.45
1996,338,11.36,3.55
1996,339,8.42,1.53
1996,340,7.9,1.7
1996,341,3.78,0.6
1996,342,6.86,3.69
1996,343,6.06,4.6
1996,344,4.59,2.15
1996,345,3.73,0.43
1996,346,4.35,0.54
1996,347,2.39,-1.23
1996,348,3.85,-2.83
1996,349,2.19,-3.12
1996,350,7.13,2.78
1996,351,7.17,2.43
1996,352,6.4,1.28
1996,353,9.49,4.4
1996,354,7.23,4.19
1996,355,6.76,1.3
1996,356,3.4,-0.17
1996,357,4.58,-0.2
1996,358,3.31,-1.3
1996,359,1.13,-2.28
1996,360,3.23,-2.15
1996,361,0.35,-3.29
1996,362,1.3,-2.47
1996,363,0.59,-4.35
1996,364,1.17,-4.48
1996,365,1.77,-2.14
1996,366,-1.55,-4.54
1997,1,-2.45,-5.87
1997,2,-1.38,-8.32
1997,3,-1.17,-7.33
1997,4,0.03,-2.3
1997,5,1.25,-4.65
1997,6,0.56,-4.21
1997,7,-1.15,-5.38
1997,8,-0.57,-5.3
1997,9,0.91,-3.93
1997,10,0.05,-4.53
1997,11,2.67,-2.54
1997,12,4.16,2.44
1997,13,6.92,0.04
1997,14,5.08,-2.08
1997,15,3.47,-0.18
1997,16,6.7,0.45
1997,17,5.96,2.06
1997,18,6.57,2.98
1997,19,6.49,1.34
1997,20,3.35,-1.2
1997,21,3.94,-0.24
1997,22,7.68,1.26
1997,23,6.56,0.52
1997,24,7.84,0.59
1997,25,8.9,-0.33
1997,26,6.99,-1.04
1997,27,6.34,-0.56
1997,28,5.27,0.72
1997,29,5.69,1.67
1997,30,4.83,-0.66
1997,31,5.36,-1.32
1997,32,5.7,1.99
1997,33,5.97,-2.39
1997,34,6.04,-2.4
1997,35,8.25,4.6
1997,36,7.32,1.88
1997,37,7.97,3.46
1997,38,9.82,0.14
1997,39,6.97,-1.07
1997,40,9.91,5.88
1997,41,10.06,3.17
1997,42,9.24,3.44
1997,43,10.88,7.19
1997,44,7.65,1.5
1997,45,6.37,-1.24
1997,46,8.51,-0.78
1997,47,5.82,1.22
1997,48,9.17,5.0
1997,49,9.37,1.24
1997,50,10.36,0.83
1997,51,10.81,3.36
1997,52,12.25,6.78
1997,53,11.08,5.91
1997,54,11.92,5.92
1997,55,11.28,5.7
1997,56,12.04,6.87
1997,57,9.77,4.64
1997,58,9.61,1.99
1997,59,12.57,4.8
1997,60,11.18,3.26
1997,61,11.42,2.62
1997,62,9.26,1.03
1997,63,9.41,4.25
1997,64,11.42,4.17
1997,65,10.79,2.05
1997,66,11.95,6.03
1997,67,12.24,7.17
1997,68,14.31,4.37
1997,69,15.23,3.18
1997,70,15.77,2.89
1997,71,15.96,5.09
1997,72,11.77,6.18
1997,73,14.3,6.23
1997,74,16.06,6.25
1997,75,15.28,7.25
1997,76,15.84,6.76
1997,77,12.09,5.89
1997,78,11.71,4.45
1997,79,12.6,2.89
1997,80,11.58,1.46
1997,81,12.29,0.22
1997,82,12.83,5.41
1997,83,10.21,5.48
1997,84,13.56,3.37
1997,85,12.79,7.01
1997,86,15.36,5.65
1997,87,10.99,2.89
1997,88,12.34,2.21
1997,89,13.71,1.32
1997,90,14.78,2.58
1997,91,16.31,1.08
1997,92,16.36,4.22
1997,93,13.14,3.4
1997,94,12.52,2.23
1997,95,16.07,7.54
1997,96,12.89,2.66
1997,97,13.11,0.99
1997,98,14.42,1.01
1997,99,18.62,4.35
1997,100,19.07,4.11
1997,101,15.09,0.84
1997,102,12.78,-0.21
1997,103,14.64,3.06
1997,104,15.4,5.03
1997,105,13.04,1.86
1997,106,12.68,-0.14
1997,107,12.79,1.5
1997,108,13.55,0.14
1997,109,10.97,1.78
1997,110,10.24,-0.43
1997,111,12.9,-1.43
1997,112,11.74,0.38
1997,113,13.08,3.48
1997,114,15.48,4.6
1997,115,12.04,5.77
1997,116,12.37,7.69
1997,117,16.86,7.84
1997,118,17.02,10.03
1997,119,16.28,7.03
1997,120,18.73,6.37
1997,121,20.61,6.06
1997,122,22.12,6.52
1997,123,21.96,7.77
1997,124,17.74,9.67
1997,125,16.24,4.22
1997,126,8.06,2.0
1997,127,9.31,-0.24
1997,128,11.18,4.34
1997,129,11.84,5.23
1997,130,13.29,5.12
1997,131,14.26,6.73
1997,132,14.37,6.72
1997,133,16.03,6.85
1997,134,18.13,6.06
1997,135,13.56,5.62
1997,136,18.83,9.34
1997,137,22.61,10.91
1997,138,19.32,10.28
1997,139,18.26,8.53
1997,140,15.78,8.02
1997,141,13.31,5.88
1997,142,13.41,4.54
1997,143,15.16,5.08
1997,144,14.72,3.36
1997,145,17.22,4.25
1997,146,20.88,5.37
1997,147,18.3,7.54
1997,148,16.1,5.74
1997,149,20.64,5.53
1997,150,21.38,6.49
1997,151,20.27,8.32
1997,152,16.95,9.11
1997,153,18.84,10.65
1997,154,21.15,9.0
1997,155,21.13,7.76
1997,156,23.65,10.24
1997,157,24.18,12.25
1997,158,21.62,13.52
1997,159,20.83,11.41
1997,160,20.57,8.61
1997,161,22.87,10.54
1997,162,22.55,14.8
1997,163,19.16,12.72
1997,164,21.04,12.21
1997,165,18.8,11.71
1997,166,18.07,10.8
1997,167,17.02,9.34
1997,168,18.65,9.18
1997,169,18.75,8.23
1997,170,14.03,9.37
1997,171,14.56,6.98
1997,172,16.24,10.64
1997,173,16.45,10.6
1997,174,17.09,9.92
1997,175,18.43,7.28
1997,176,15.11,10.79
1997,177,17.15,10.23
1997,178,14.32,11.04
1997,179,16.24,9.79
1997,180,17.76,9.73
1997,181,15.8,9.91
1997,182,17.21,9.36
1997,183,17.43,8.15
1997,184,16.14,10.0
1997,185,18.14,9.42
1997,186,19.74,10.02
1997,187,23.11,11.68
1997,188,25.0,13.33
1997,189,24.25,14.51
1997,190,23.73,11.99
1997,191,21.81,11.62
1997,192,23.72,11.23
1997,193,22.93,11.44
1997,194,23.35,12.83
1997,195,22.07,12.87
1997,196,23.45,12.5
1997,197,22.14,13.35
1997,198,21.86,12.63
1997,199,19.29,11.1
1997,200,23.86,10.91
1997,201,23.19,9.89
1997,202,23.21,10.36
1997,203,24.63,10.41
1997,204,25.41,14.05
1997,205,24.25,14.68
1997,206,23.03,13.3
1997,207,21.84,11.65
1997,208,23.67,13.1
1997,209,22.94,12.57
1997,210,25.63,13.99
1997,211,23.92,14.47
1997,212,18.19,12.95
1997,213,25.95,14.38
1997,214,22.6,12.63
1997,215,19.72,12.91
1997,216,22.13,13.8
1997,217,22.93,14.54
1997,218,25.35,15.48
1997,219,25.81,16.2
1997,220,28.38,16.23
1997,221,29.38,16.05
1997,222,29.42,16.29
1997,223,29.02,17.99
1997,224,28.42,18.68
1997,225,25.84,17.09
1997,226,25.69,13.18
1997,227,27.27,14.98
1997,228,27.55,13.74
1997,229,25.62,15.53
1997,230,27.53,15.8
1997,231,28.18,15.36
1997,232,28.5,14.8
1997,233,27.31,16.79
1997,234,24.49,17.56
1997,235,26.5,17.7
1997,236,24.64,16.93
1997,237,21.56,13.65
1997,238,22.04,10.38
1997,239,18.61,10.73
1997,240,18.44,10.26
1997,241,20.29,12.68
1997,242,21.72,12.77
1997,243,24.08,12.8
1997,244,20.39,12.22
1997,245,21.01,9.33
1997,246,19.66,13.53
1997,247,21.42,12.5
1997,248,19.1,10.7
1997,249,20.28,8.56
1997,250,21.65,11.67
1997,251,22.05,9.12
1997,252,20.56,9.61
1997,253,20.35,8.47
1997,254,18.95,10.6
1997,255,18.89,8.63
1997,256,16.03,7.46
1997,257,18.39,6.19
1997,258,17.1,8.24
1997,259,21.56,10.08
1997,260,21.6,9.83
1997,261,24.17,10.35
1997,262,17.1,13.45
1997,263,17.93,9.91
1997,264,17.86,7.97
1997,265,19.9,8.1
1997,266,19.75,8.82
1997,267,19.48,11.06
1997,268,19.9,11.34
1997,269,21.22,11.32
1997,270,19.8,11.23
1997,271,18.61,11.84
1997,272,20.98,10.57
1997,273,21.67,14.02
1997,274,24.29,13.34
1997,275,18.63,9.77
1997,276,17.95,9.7
1997,277,20.1,8.81
1997,278,18.61,9.1
1997,279,20.23,9.88
1997,280,15.14,11.34
1997,281,17.5,11.03
1997,282,17.47,14.51
1997,283,16.46,9.56
1997,284,13.34,8.2
1997,285,11.49,5.09
1997,286,11.11,3.63
1997,287,9.55,2.15
1997,288,13.36,8.48
1997,289,15.1,8.1
1997,290,18.17,11.41
1997,291,20.47,9.81
1997,292,20.71,9.07
1997,293,13.12,9.06
1997,294,11.65,3.51
1997,295,12.68,1.22
1997,296,12.63,3.64
1997,297,11.0,1.43
1997,298,10.78,0.21
1997,299,10.96,0.92
1997,300,11.55,2.42
1997,301,8.19,-0.48
1997,302,9.73,-2.52
1997,303,9.02,-0.29
1997,304,12.07,-1.29
1997,305,11.28,0.8
1997,306,10.32,1.78
1997,307,11.15,4.99
1997,308,11.61,4.89
1997,309,13.83,10.76
1997,310,14.16,9.19
1997,311,11.88,6.66
1997,312,12.03,8.18
1997,313,9.73,5.19
1997,314,10.58,5.35
1997,315,10.29,3.37
1997,316,10.43,2.1
1997,317,9.45,2.34
1997,318,11.68,3.13
1997,319,13.82,11.49
1997,320,14.47,10.81
1997,321,12.84,9.67
1997,322,11.7,6.99
1997,323,12.57,9.62
1997,324,10.58,7.4
1997,325,9.58,5.03
1997,326,9.89,3.81
1997,327,9.72,5.26
1997,328,7.24,4.57
1997,329,9.43,4.08
1997,330,8.94,6.85
1997,331,11.73,7.86
1997,332,12.36,9.0
1997,333,10.5,7.78
1997,334,8.19,2.74
1997,335,4.17,1.51
1997,336,1.89,-1.2
1997,337,3.86,0.09
1997,338,5.3,0.89
1997,339,4.08,0.17
1997,340,9.53,2.33
1997,341,9.23,6.39
1997,342,11.65,6.97
1997,343,11.35,6.25
1997,344,13.44,9.5
1997,345,12.23,7.41
1997,346,7.35,1.23
1997,347,7.19,2.18
1997,348,5.88,2.27
1997,349,5.09,1.94
1997,350,1.71,-2.19
1997,351,3.46,-1.77
1997,352,7.99,3.72
1997,353,6.59,4.49
1997,354,8.53,6.02
1997,355,6.19,4.42
1997,356,7.4,3.88
1997,357,11.5,4.85
1997,358,12.53,8.41
1997,359,12.47,7.18
1997,360,8.1,4.8
1997,361,6.27,2.68
1997,362,5.32,1.64
1997,363,6.58,2.76
1997,364,9.67,6.13
1997,365,10.02,3.06
1998,1,9.27,2.81
1998,2,9.59,5.01
1998,3,11.47,2.6
1998,4,7.96,3.16
1998,5,6.3,1.36
1998,6,10.26,0.98
1998,7,8.64,5.52
1998,8,11.31,6.54
1998,9,13.14,7.66
1998,10,11.47,6.86
1998,11,10.88,6.45
1998,12,10.71,7.84
1998,13,11.06,7.4
1998,14,9.4,2.87
1998,15,10.59,5.88
1998,16,8.06,3.06
1998,17,8.06,2.37
1998,18,8.36,5.04
1998,19,6.03,-0.38
1998,20,5.09,-2.68
1998,21,4.28,-2.21
1998,22,4.99,-3.53
1998,23,4.67,-3.54
1998,24,6.13,0.51
1998,25,4.29,0.09
1998,26,4.51,-2.15
1998,27,4.18,-1.56
1998,28,3.14,-3.0
1998,29,3.36,-2.08
1998,30,5.97,-0.12
1998,31,5.85,-3.37
1998,32,2.33,-3.65
1998,33,5.09,-3.23
1998,34,4.46,-2.69
1998,35,7.0,-2.39
1998,36,7.82,-0.17
1998,37,9.06,2.66
1998,38,7.56,-1.17
1998,39,9.93,-1.15
1998,40,9.78,5.06
1998,41,9.39,5.06
1998,42,12.51,6.09
1998,43,13.71,6.94
1998,44,15.63,4.88
1998,45,14.21,4.08
1998,46,14.32,4.22
1998,47,11.55,6.27
1998,48,11.3,1.97
1998,49,10.61,2.54
1998,50,12.08,3.75
1998,51,11.57,6.72
1998,52,9.9,5.01
1998,53,8.95,1.51
1998,54,10.63,0.84
1998,55,12.22,5.4
1998,56,11.43,4.35
1998,57,9.75,3.92
1998,58,9.68,6.26
1998,59,6.48,0.33
1998,60,8.23,-0.07
1998,61,10.4,4.94
1998,62,13.62,8.18
1998,63,11.43,5.43
1998,64,8.51,3.56
1998,65,11.37,5.88
1998,66,12.13,7.07
1998,67,9.76,-0.54
1998,68,8.64,-1.76
1998,69,6.25,-0.64
1998,70,8.89,2.81
1998,71,5.72,0.18
1998,72,11.14,4.8
1998,73,11.65,4.17
1998,74,10.46,4.72
1998,75,11.16,4.34
1998,76,12.62,4.94
1998,77,13.6,5.5
1998,78,11.71,2.63
1998,79,12.19,1.85
1998,80,11.3,3.52
1998,81,11.82,4.35
1998,82,9.84,1.14
1998,83,8.09,-0.3
1998,84,6.53,2.33
1998,85,10.56,6.6
1998,86,14.28,7.77
1998,87,13.73,7.91
1998,88,18.5,7.72
1998,89,16.25,8.46
1998,90,14.05,5.98
1998,91,12.71,6.29
1998,92,14.12,7.25
1998,93,11.17,7.91
1998,94,12.93,7.83
1998,95,11.08,6.94
1998,96,10.94,6.01
1998,97,11.17,4.73
1998,98,10.56,4.39
1998,99,8.92,5.36
1998,100,8.14,1.97
1998,101,8.62,0.47
1998,102,6.72,-0.88
1998,103,6.9,-0.73
1998,104,5.78,0.22
1998,105,6.46,0.6
1998,106,7.74,0.23
1998,107,9.71,2.32
1998,108,8.99,2.41
1998,109,10.85,5.25
1998,110,12.48,4.23
1998,111,12.36,4.16
1998,112,19.08,8.42
1998,113,14.85,8.65
1998,114,14.42,8.01
1998,115,15.1,6.68
1998,116,13.54,6.23
1998,117,12.21,5.01
1998,118,12.5,4.91
1998,119,14.93,5.97
1998,120,13.4,7.03
1998,121,9.04,6.58
1998,122,14.38,5.83
1998,123,12.92,4.05
1998,124,15.06,2.68
1998,125,12.81,6.17
1998,126,16.03,8.91
1998,127,13.84,8.69
1998,128,20.73,7.08
1998,129,19.92,11.66
1998,130,20.51,10.0
1998,131,20.9,9.59
1998,132,22.54,9.17
1998,133,24.06,9.52
1998,134,21.13,12.51
1998,135,23.23,9.59
1998,136,21.57,8.45
1998,137,19.34,7.87
1998,138,21.2,6.45
1998,139,20.28,7.03
1998,140,21.55,8.2
1998,141,16.17,6.79
1998,142,16.27,5.86
1998,143,16.3,8.16
1998,144,17.43,9.51
1998,145,17.19,9.22
1998,146,13.93,8.9
1998,147,13.15,7.35
1998,148,15.68,7.36
1998,149,17.51,9.15
1998,150,20.0,6.38
1998,151,18.38,9.86
1998,152,19.29,7.74
1998,153,18.4,11.0
1998,154,17.54,9.56
1998,155,16.49,9.29
1998,156,16.41,8.98
1998,157,21.87,11.71
1998,158,18.34,10.62
1998,159,16.65,9.76
1998,160,19.83,11.85
1998,161,16.99,10.35
1998,162,12.02,5.29
1998,163,15.41,5.11
1998,164,14.16,8.1
1998,165,17.1,8.26
1998,166,16.36,9.38
1998,167,17.48,9.05
1998,168,16.07,8.19
1998,169,18.05,11.64
1998,170,23.29,11.55
1998,171,24.6,13.62
1998,172,24.02,12.77
1998,173,19.24,9.9
1998,174,20.52,12.16
1998,175,21.65,13.48
1998,176,18.42,11.22
1998,177,17.21,10.84
1998,178,18.56,11.18
1998,179,18.47,9.76
1998,180,17.17,9.67
1998,181,19.7,11.21
1998,182,18.7,9.56
1998,183,18.95,9.67
1998,184,18.93,10.06
1998,185,19.88,10.93
1998,186,22.43,12.49
1998,187,18.24,12.06
1998,188,17.28,10.16
1998,189,20.47,8.73
1998,190,20.86,12.99
1998,191,20.95,13.38
1998,192,19.43,12.75
1998,193,19.81,12.99
1998,194,17.49,10.46
1998,195,19.03,9.7
1998,196,19.11,11.77
1998,197,20.9,11.97
1998,198,20.83,11.43
1998,199,19.64,10.72
1998,200,22.09,9.92
1998,201,24.53,13.0
1998,202,20.24,12.68
1998,203,20.54,11.91
1998,204,21.9,12.64
1998,205,19.48,10.7
1998,206,20.95,8.95
1998,207,19.5,9.84
1998,208,20.71,11.83
1998,209,20.93,12.17
1998,210,20.49,12.49
1998,211,19.83,10.79
1998,212,19.55,11.0
1998,213,18.76,11.4
1998,214,19.48,10.66
1998,215,20.16,11.5
1998,216,21.81,12.56
1998,217,23.89,11.19
1998,218,25.67,8.79
1998,219,26.73,11.47
1998,220,27.36,12.0
1998,221,24.49,14.14
1998,222,27.81,14.4
1998,223,28.41,15.27
1998,224,22.15,12.26
1998,225,21.65,10.16
1998,226,24.78,12.64
1998,227,21.68,13.9
1998,228,22.41,11.62
1998,229,24.7,12.1
1998,230,21.46,12.65
1998,231,23.25,10.94
1998,232,20.96,11.13
1998,233,21.29,12.21
1998,234,19.42,11.14
1998,235,18.5,8.84
1998,236,18.94,10.77
1998,237,21.31,7.85
1998,238,19.04,8.6
1998,239,18.25,6.47
1998,240,17.69,6.88
1998,241,20.46,9.46
1998,242,20.64,9.92
1998,243,20.26,9.8
1998,244,23.46,14.05
1998,245,22.52,11.93
1998,246,20.83,12.47
1998,247,18.88,10.79
1998,248,19.31,13.12
1998,249,20.71,10.88
1998,250,21.51,14.94
1998,251,21.73,13.94
1998,252,20.39,14.25
1998,253,19.69,11.85
1998,254,15.44,9.29
1998,255,13.21,7.11
1998,256,14.94,6.63
1998,257,17.01,6.46
1998,258,19.57,7.46
1998,259,17.16,7.8
1998,260,18.4,7.47
1998,261,21.35,9.45
1998,262,22.34,12.81
1998,263,20.83,12.02
1998,264,20.34,11.95
1998,265,19.07,11.75
1998,266,20.23,10.22
1998,267,21.3,10.76
1998,268,21.63,11.41
1998,269,19.1,12.22
1998,270,20.16,11.93
1998,271,18.82,11.94
1998,272,16.71,11.28
1998,273,17.48,12.03
1998,274,16.82,11.56
1998,275,13.5,5.18
1998,276,11.5,4.39
1998,277,12.21,6.78
1998,278,11.75,6.63
1998,279,12.09,8.77
1998,280,13.23,7.95
1998,281,12.14,8.56
1998,282,15.11,7.64
1998,283,13.85,7.88
1998,284,16.04,8.22
1998,285,14.88,7.32
1998,286,17.06,6.85
1998,287,18.36,6.23
1998,288,15.08,5.15
1998,289,16.45,6.07
1998,290,14.09,4.31
1998,291,11.25,1.86
1998,292,11.78,5.27
1998,293,12.78,5.63
1998,294,18.14,11.19
1998,295,18.59,13.3
1998,296,16.54,7.68
1998,297,15.17,6.51
1998,298,12.44,5.34
1998,299,11.09,5.12
1998,300,14.62,7.63
1998,301,14.26,9.46
1998,302,11.61,6.28
1998,303,10.27,5.45
1998,304,10.79,4.75
1998,305,9.62,2.71
1998,306,9.29,4.08
1998,307,8.53,4.76
1998,308,7.11,0.0
1998,309,10.48,0.18
1998,310,11.07,4.35
1998,311,12.49,4.62
1998,312,14.82,7.28
1998,313,14.7,8.44
1998,314,10.53,2.88
1998,315,9.67,2.71
1998,316,10.46,4.94
1998,317,8.58,4.22
1998,318,7.18,0.98
1998,319,7.07,1.04
1998,320,5.94,-0.02
1998,321,6.41,0.13
1998,322,6.86,0.16
1998,323,6.94,0.12
1998,324,4.77,-0.61
1998,325,5.95,-0.85
1998,326,4.49,-1.18
1998,327,4.78,-2.32
1998,328,5.1,-1.18
1998,329,5.59,3.13
1998,330,8.84,3.5
1998,331,8.45,4.95
1998,332,11.11,3.9
1998,333,6.74,2.81
1998,334,6.48,0.88
1998,335,5.35,0.86
1998,336,3.07,-0.72
1998,337,2.36,-2.16
1998,338,3.06,-1.57
1998,339,2.76,-2.88
1998,340,2.25,-3.31
1998,341,3.36,-1.92
1998,342,8.69,3.9
1998,343,10.25,6.24
1998,344,9.49,5.64
1998,345,9.04,5.02
1998,346,12.42,9.28
1998,347,9.72,5.79
1998,348,12.83,9.75
1998,349,11.07,5.97
1998,350,8.86,5.2
1998,351,8.51,5.28
1998,352,9.15,5.8
1998,353,6.72,3.01
1998,354,4.17,-0.9
1998,355,3.48,-3.66
1998,356,7.15,1.91
1998,357,8.12,2.93
1998,358,9.18,-0.96
1998,359,10.98,6.38
1998,360,12.14,5.03
1998,361,10.17,4.9
1998,362,6.97,1.06
1998,363,7.86,2.45
1998,364,10.33,8.04
1998,365,9.08,6.95
1999,1,8.77,6.38
1999,2,8.18,4.1
1999,3,9.25,3.52
1999,4,12.12,7.97
1999,5,12.61,8.23
1999,6,11.82,6.25
1999,7,7.76,3.52
1999,8,6.53,2.67
1999,9,3.68,0.3
1999,10,2.46,-0.93
1999,11,2.69,-1.85
1999,12,4.35,-2.97
1999,13,7.49,0.56
1999,14,7.3,2.23
1999,15,9.81,5.45
1999,16,10.48,4.47
1999,17,6.99,2.47
1999,18,8.59,2.57
1999,19,11.37,8.78
1999,20,10.69,7.19
1999,21,8.02,3.12
1999,22,5.92,-0.83
1999,23,8.09,-0.61
1999,24,10.26,5.0
1999,25,11.57,2.39
1999,26,8.18,1.97
1999,27,7.44,2.39
1999,28,9.35,3.43
1999,29,6.74,1.74
1999,30,3.88,0.56
1999,31,5.67,0.42
1999,32,9.14,2.76
1999,33,8.37,0.6
1999,34,9.21,4.03
1999,35,10.85,6.17
1999,36,8.08,4.6
1999,37,7.71,4.55
1999,38,3.54,-2.07
1999,39,2.78,-2.79
1999,40,2.49,-3.3
1999,41,3.31,-2.73
1999,42,4.79,-2.58
1999,43,6.2,-1.09
1999,44,5.01,-2.99
1999,45,5.34,-3.66
1999,46,7.38,2.52
1999,47,7.64,3.2
1999,48,7.02,1.99
1999,49,10.28,7.35
1999,50,12.69,6.45
1999,51,8.6,2.71
1999,52,10.18,2.94
1999,53,6.04,1.34
1999,54,6.94,-0.36
1999,55,7.31,-1.28
1999,56,7.61,-2.45
1999,57,9.58,6.11
1999,58,9.0,4.41
1999,59,11.09,3.59
1999,60,12.9,8.89
1999,61,12.51,6.47
1999,62,9.52,5.65
1999,63,6.7,0.9
1999,64,6.21,0.86
1999,65,5.2,-0.13
1999,66,4.0,2.28
1999,67,7.47,1.46
1999,68,7.35,1.08
1999,69,7.56,-1.01
1999,70,9.42,-0.75
1999,71,14.91,5.61
1999,72,12.8,3.97
1999,73,12.19,0.95
1999,74,13.33,4.81
1999,75,14.36,3.3
1999,76,17.56,5.74
1999,77,12.88,3.69
1999,78,11.42,2.92
1999,79,10.86,2.97
1999,80,9.86,2.97
1999,81,8.7,3.44
1999,82,14.43,6.86
1999,83,11.47,3.57
1999,84,12.04,2.76
1999,85,9.54,3.97
1999,86,12.67,2.22
1999,87,13.58,2.37
1999,88,14.03,6.37
1999,89,12.1,8.26
1999,90,17.54,7.46
1999,91,17.3,6.44
1999,92,14.75,6.2
1999,93,13.4,6.08
1999,94,15.85,6.51
1999,95,15.4,9.02
1999,96,16.17,8.56
1999,97,12.63,6.17
1999,98,15.9,5.5
1999,99,14.33,8.03
1999,100,14.31,5.57
1999,101,12.99,4.11
1999,102,10.66,5.61
1999,103,8.37,0.51
1999,104,7.78,-1.32
1999,105,8.39,-1.19
1999,106,9.0,1.54
1999,107,9.56,-0.09
1999,108,9.64,2.65
1999,109,10.08,0.95
1999,110,11.07,4.86
1999,111,13.64,8.19
1999,112,13.4,7.14
1999,113,11.71,6.89
1999,114,14.28,6.32
1999,115,14.94,5.46
1999,116,16.27,8.28
1999,117,16.87,7.18
1999,118,16.7,5.69
1999,119,14.96,4.79
1999,120,18.82,4.12
1999,121,18.77,6.33
1999,122,18.85,8.09
1999,123,20.06,6.25
1999,124,15.02,8.75
1999,125,17.9,7.67
1999,126,16.65,7.75
1999,127,17.68,6.91
1999,128,15.81,7.47
1999,129,18.78,9.99
1999,130,16.7,9.97
1999,131,16.62,9.06
1999,132,15.74,8.18
1999,133,15.16,7.77
1999,134,15.81,7.43
1999,135,14.59,5.3
1999,136,15.33,4.2
1999,137,14.65,6.42
1999,138,14.49,9.65
1999,139,20.4,8.91
1999,140,20.43,10.64
1999,141,18.16,8.52
1999,142,16.24,7.23
1999,143,18.03,8.1
1999,144,17.93,10.12
1999,145,16.81,7.4
1999,146,19.93,6.17
1999,147,21.88,8.22
1999,148,19.87,10.49
1999,149,21.13,10.38
1999,150,14.2,8.77
1999,151,16.81,6.7
1999,152,20.76,7.16
1999,153,20.73,11.73
1999,154,16.69,10.68
1999,155,17.0,9.94
1999,156,14.98,8.53
1999,157,16.17,8.15
1999,158,16.24,8.33
1999,159,16.18,5.2
1999,160,17.86,4.9
1999,161,15.72,6.66
1999,162,15.88,7.93
1999,163,14.82,9.79
1999,164,18.39,7.68
1999,165,22.1,11.21
1999,166,23.06,12.03
1999,167,23.86,12.04
1999,168,20.15,11.07
1999,169,21.58,8.34
1999,170,21.56,10.52
1999,171,18.62,9.49
1999,172,16.22,8.08
1999,173,18.01,5.64
1999,174,20.1,9.89
1999,175,19.97,11.13
1999,176,19.98,8.57
1999,177,22.97,10.09
1999,178,18.65,10.56
1999,179,16.73,9.82
1999,180,20.3,13.22
1999,181,20.13,11.15
1999,182,21.52,12.47
1999,183,24.29,12.82
1999,184,22.74,13.94
1999,185,21.2,13.61
1999,186,21.58,12.83
1999,187,23.21,13.0
1999,188,22.77,14.64
1999,189,25.16,15.58
1999,190,23.69,12.91
1999,191,24.83,12.3
1999,192,25.86,13.39
1999,193,24.92,13.49
1999,194,24.74,10.91
1999,195,19.15,11.56
1999,196,20.84,9.77
1999,197,22.82,10.88
1999,198,24.53,14.05
1999,199,26.09,12.18
1999,200,24.53,15.18
1999,201,22.97,13.47
1999,202,20.12,12.16
1999,203,18.12,10.21
1999,204,23.07,9.16
1999,205,26.83,13.6
1999,206,26.3,14.32
1999,207,21.14,11.25
1999,208,20.39,9.83
1999,209,22.52,12.33
1999,210,25.24,11.97
1999,211,27.17,12.18
1999,212,27.63,14.94
1999,213,28.55,15.28
1999,214,27.95,15.91
1999,215,23.12,15.54
1999,216,25.82,13.73
1999,217,24.46,14.95
1999,218,24.2,14.15
1999,219,22.91,14.18
1999,220,20.74,13.72
1999,221,20.75,14.89
1999,222,18.55,9.77
1999,223,20.06,8.13
1999,224,19.74,11.56
1999,225,20.63,11.9
1999,226,21.03,12.25
1999,227,18.84,10.79
1999,228,18.42,7.89
1999,229,16.85,8.83
1999,230,17.68,10.96
1999,231,19.68,10.15
1999,232,19.93,8.06
1999,233,18.44,7.32
1999,234,17.88,8.05
1999,235,20.05,12.03
1999,236,19.48,13.5
1999,237,25.65,15.17
1999,238,22.26,14.04
1999,239,21.25,12.3
1999,240,23.8,10.66
1999,241,22.92,12.89
1999,242,21.9,12.63
1999,243,22.83,11.12
1999,244,23.78,13.33
1999,245,24.65,13.02
1999,246,24.1,13.16
1999,247,25.02,12.11
1999,248,25.47,13.36
1999,249,25.21,14.15
1999,250,22.49,11.76
1999,251,22.91,9.66
1999,252,20.65,11.11
1999,253,24.04,9.74
1999,254,27.08,16.0
1999,255,22.16,11.31
1999,256,17.04,10.49
1999,257,15.52,10.89
1999,258,14.58,9.55
1999,259,18.79,9.83
1999,260,18.4,9.06
1999,261,17.78,11.75
1999,262,17.68,14.25
1999,263,17.83,12.97
1999,264,18.94,11.74
1999,265,20.82,10.75
1999,266,19.34,14.12
1999,267,19.67,13.74
1999,268,18.97,12.19
1999,269,16.95,10.67
1999,270,17.87,12.48
1999,271,18.02,10.85
1999,272,18.45,12.84
1999,273,17.82,11.37
1999,274,16.09,9.71
1999,275,14.46,9.05
1999,276,14.49,6.63
1999,277,12.7,4.63
1999,278,12.87,2.11
1999,279,13.62,3.03
1999,280,13.7,4.18
1999,281,17.94,10.15
1999,282,17.98,10.97
1999,283,19.43,11.92
1999,284,14.56,5.84
1999,285,14.53,3.18
1999,286,14.9,4.36
1999,287,15.67,3.55
1999,288,14.88,7.57
1999,289,16.2,6.13
1999,290,13.5,5.92
1999,291,11.69,4.41
1999,292,11.11,3.31
1999,293,9.79,4.03
1999,294,12.99,7.6
1999,295,14.89,10.88
1999,296,14.64,10.77
1999,297,13.24,9.75
1999,298,15.2,7.27
1999,299,15.23,6.33
1999,300,15.14,6.5
1999,301,15.99,7.82
1999,302,14.86,7.61
1999,303,17.64,9.8
1999,304,14.81,8.51
1999,305,16.45,10.13
1999,306,12.51,4.38
1999,307,14.52,4.19
1999,308,12.89,7.1
1999,309,12.17,7.62
1999,310,9.97,3.92
1999,311,11.23,3.28
1999,312,12.23,6.1
1999,313,11.58,6.79
1999,314,11.29,6.05
1999,315,10.42,6.39
1999,316,9.49,2.73
1999,317,9.76,1.82
1999,318,10.16,4.61
1999,319,8.95,2.59
1999,320,7.13,1.91
1999,321,5.37,-0.85
1999,322,4.98,0.37
1999,323,6.11,1.71
1999,324,6.11,2.03
1999,325,6.19,1.61
1999,326,6.82,1.37
1999,327,7.63,3.09
1999,328,11.97,6.73
1999,329,12.38,9.26
1999,330,9.91,8.46
1999,331,9.08,6.0
1999,332,11.68,8.82
1999,333,10.05,2.86
1999,334,10.05,1.76
1999,335,10.8,5.13
1999,336,8.17,3.52
1999,337,11.11,2.45
1999,338,5.62,0.64
1999,339,4.98,-0.08
1999,340,10.33,5.53
1999,341,10.19,3.61
1999,342,10.36,3.52
1999,343,7.65,4.89
1999,344,7.2,2.99
1999,345,11.21,7.59
1999,346,9.15,3.74
1999,347,5.84,2.36
1999,348,2.67,-1.91
1999,349,3.26,-1.7
1999,350,4.9,-1.73
1999,351,10.42,2.81
1999,352,2.61,-0.78
1999,353,0.22,-4.16
1999,354,1.18,-4.54
1999,355,3.16,1.36
1999,356,9.8,2.8
1999,357,9.43,4.4
1999,358,11.98,8.29
1999,359,9.85,3.06
1999,360,7.06,3.22
1999,361,4.02,1.54
1999,362,2.84,-0.72
1999,363,4.34,-0.63
1999,364,5.3,0.85
1999,365,6.73,2.34
2000,1,7.7,3.72
2000,2,9.38,4.8
2000,3,10.03,2.48
2000,4,7.19,-0.41
2000,5,8.74,2.08
2000,6,9.3,2.04
2000,7,9.56,2.71
2000,8,8.77,3.01
2000,9,5.5,-1.2
2000,10,5.84,-0.27
2000,11,8.69,4.85
2000,12,6.95,2.57
2000,13,4.35,0.01
2000,14,4.01,-0.89
2000,15,5.57,0.05
2000,16,5.0,-0.47
2000,17,5.02,-1.05
2000,18,7.25,1.79
2000,19,5.56,-0.34
2000,20,4.12,-0.45
2000,21,6.79,0.59
2000,22,5.9,-0.04
2000,23,5.79,-0.47
2000,24,3.43,-0.69
2000,25,4.3,-1.46
2000,26,4.8,-2.46
2000,27,4.04,-2.75
2000,28,6.06,-1.83
2000,29,11.06,6.65
2000,30,11.38,8.65
2000,31,12.08,7.65
2000,32,9.3,6.62
2000,33,8.93,3.02
2000,34,8.26,3.12
2000,35,9.27,6.04
2000,36,10.52,5.71
2000,37,11.73,6.51
2000,38,10.1,3.59
2000,39,12.82,3.51
2000,40,9.5,2.8
2000,41,9.03,-0.14
2000,42,9.34,-0.61
2000,43,8.44,3.99
2000,44,8.49,0.36
2000,45,8.28,-2.38
2000,46,6.62,2.69
2000,47,5.69,0.81
2000,48,7.26,1.41
2000,49,9.77,6.32
2000,50,7.25,-1.26
2000,51,7.61,-1.25
2000,52,8.98,-1.24
2000,53,8.4,-1.37
2000,54,10.05,4.59
2000,55,9.55,6.59
2000,56,8.97,-0.05
2000,57,8.88,-1.45
2000,58,9.9,7.36
2000,59,9.47,3.42
2000,60,10.17,3.71
2000,61,7.38,0.27
2000,62,9.16,0.2
2000,63,9.81,0.83
2000,64,6.52,-2.39
2000,65,8.89,-1.57
2000,66,9.84,2.07
2000,67,13.4,6.21
2000,68,15.6,8.6
2000,69,15.01,6.81
2000,70,12.93,5.53
2000,71,12.77,5.6
2000,72,13.05,1.73
2000,73,14.47,3.4
2000,74,11.14,3.14
2000,75,11.55,1.12
2000,76,10.95,3.79
2000,77,12.25,3.7
2000,78,10.67,1.34
2000,79,11.89,1.24
2000,80,12.52,1.59
2000,81,12.98,2.16
2000,82,14.89,3.48
2000,83,13.75,4.81
2000,84,12.98,5.87
2000,85,9.31,2.51
2000,86,9.82,1.61
2000,87,8.75,1.73
2000,88,7.83,1.71
2000,89,8.1,3.09
2000,90,9.52,2.86
2000,91,9.06,1.71
2000,92,10.16,2.16
2000,93,12.55,6.62
2000,94,11.46,3.62
2000,95,3.54,1.16
2000,96,9.15,-0.45
2000,97,10.07,-2.02
2000,98,13.87,0.43
2000,99,15.24,1.49
2000,100,13.17,3.71
2000,101,11.23,1.27
2000,102,6.51,0.74
2000,103,6.48,1.38
2000,104,8.01,2.58
2000,105,9.96,2.18
2000,106,7.8,2.4
2000,107,11.76,-0.12
2000,108,10.69,5.89
2000,109,11.28,5.8
2000,110,15.25,7.06
2000,111,14.45,7.7
2000,112,13.89,7.61
2000,113,15.87,7.18
2000,114,14.63,5.75
2000,115,13.63,6.27
2000,116,15.7,9.69
2000,117,13.79,8.49
2000,118,15.96,6.92
2000,119,15.08,8.81
2000,120,17.28,7.59
2000,121,14.56,6.86
2000,122,15.42,7.11
2000,123,15.47,6.79
2000,124,11.93,7.05
2000,125,14.41,5.76
2000,126,19.58,5.92
2000,127,22.59,9.03
2000,128,21.42,10.06
2000,129,21.14,8.13
2000,130,21.58,9.9
2000,131,19.83,10.76
2000,132,17.85,9.63
2000,133,19.67,8.46
2000,134,21.58,10.67
2000,135,23.05,11.58
2000,136,23.94,11.86
2000,137,21.39,9.61
2000,138,14.86,9.11
2000,139,13.74,7.62
2000,140,13.15,5.69
2000,141,16.17,4.51
2000,142,13.37,7.01
2000,143,17.07,6.29
2000,144,15.05,9.96
2000,145,17.03,7.97
2000,146,14.66,7.51
2000,147,12.96,8.6
2000,148,12.45,6.28
2000,149,13.26,5.24
2000,150,14.85,6.11
2000,151,13.88,7.27
2000,152,16.56,5.79
2000,153,18.74,10.11
2000,154,19.66,9.13
2000,155,21.93,10.63
2000,156,18.44,10.31
2000,157,14.3,10.15
2000,158,16.95,8.15
2000,159,18.82,7.4
2000,160,19.34,9.85
2000,161,21.18,10.64
2000,162,18.92,8.19
2000,163,18.37,9.32
2000,164,23.03,10.39
2000,165,21.87,11.44
2000,166,20.83,12.13
2000,167,19.5,12.04
2000,168,20.97,11.82
2000,169,23.1,11.23
2000,170,25.42,11.94
2000,171,27.15,15.48
2000,172,22.48,14.68
2000,173,18.55,11.89
2000,174,17.97,10.79
2000,175,17.36,9.03
2000,176,16.02,7.91
2000,177,17.22,6.66
2000,178,15.82,9.16
2000,179,19.15,9.19
2000,180,18.84,11.32
2000,181,19.15,10.31
2000,182,18.73,11.93
2000,183,21.34,12.33
2000,184,20.02,10.66
2000,185,21.73,11.4
2000,186,20.34,13.04
2000,187,17.62,13.05
2000,188,20.17,12.28
2000,189,17.8,10.43
2000,190,18.55,8.84
2000,191,18.89,12.41
2000,192,16.52,10.01
2000,193,15.1,7.69
2000,194,17.67,6.6
2000,195,19.54,12.32
2000,196,17.49,9.81
2000,197,17.76,8.65
2000,198,16.79,6.91
2000,199,20.23,9.53
2000,200,22.36,9.96
2000,201,23.36,10.82
2000,202,23.32,10.87
2000,203,23.69,11.77
2000,204,20.14,10.26
2000,205,20.19,11.76
2000,206,18.54,11.09
2000,207,19.74,10.01
2000,208,21.33,10.86
2000,209,20.2,11.86
2000,210,20.67,12.23
2000,211,21.81,12.65
2000,212,22.57,11.76
2000,213,23.33,13.54
2000,214,23.18,13.99
2000,215,21.19,12.02
2000,216,17.87,12.46
2000,217,20.86,11.5
2000,218,22.4,12.2
2000,219,24.7,13.33
2000,220,23.06,14.4
2000,221,21.35,14.21
2000,222,22.78,13.01
2000,223,23.5,14.44
2000,224,23.56,12.57
2000,225,25.14,11.53
2000,226,23.41,13.49
2000,227,23.21,16.58
2000,228,22.83,14.17
2000,229,21.26,14.16
2000,230,20.77,13.06
2000,231,18.25,12.14
2000,232,21.48,11.93
2000,233,20.28,9.96
2000,234,18.7,9.47
2000,235,19.95,9.81
2000,236,21.8,11.1
2000,237,24.62,11.62
2000,238,23.34,13.14
2000,239,22.64,14.01
2000,240,21.08,12.02
2000,241,18.82,9.89
2000,242,20.53,9.55
2000,243,20.26,9.99
2000,244,19.94,9.19
2000,245,17.6,11.06
2000,246,19.1,10.18
2000,247,17.25,7.74
2000,248,18.58,6.14
2000,249,19.66,10.11
2000,250,18.81,10.74
2000,251,20.59,8.8
2000,252,22.95,14.74
2000,253,22.05,12.91
2000,254,24.34,12.65
2000,255,25.49,14.26
2000,256,21.68,13.66
2000,257,20.06,10.89
2000,258,20.56,11.41
2000,259,18.9,12.65
2000,260,17.39,11.06
2000,261,19.45,10.2
2000,262,17.14,12.42
2000,263,15.75,10.97
2000,264,16.65,9.55
2000,265,17.57,7.28
2000,266,21.35,13.46
2000,267,22.57,13.53
2000,268,18.63,11.98
2000,269,18.0,9.61
2000,270,20.7,11.92
2000,271,16.39,10.72
2000,272,17.65,11.21
2000,273,16.95,11.61
2000,274,17.55,9.26
2000,275,17.82,8.16
2000,276,15.55,7.21
2000,277,17.12,6.63
2000,278,16.13,10.32
2000,279,13.33,6.44
2000,280,13.7,6.27
2000,281,11.73,6.83
2000,282,14.17,5.95
2000,283,11.66,5.4
2000,284,12.23,5.68
2000,285,11.78,5.92
2000,286,13.62,6.4
2000,287,14.43,4.99
2000,288,11.81,5.77
2000,289,13.87,6.88
2000,290,12.1,6.87
2000,291,13.69,5.51
2000,292,15.83,9.52
2000,293,13.53,5.86
2000,294,13.38,5.93
2000,295,13.21,7.31
2000,296,14.98,6.17
2000,297,15.55,9.77
2000,298,12.73,8.21
2000,299,14.22,8.47
2000,300,12.76,6.34
2000,301,14.51,8.82
2000,302,15.25,7.87
2000,303,12.12,7.15
2000,304,12.85,7.95
2000,305,11.82,7.1
2000,306,9.58,4.84
2000,307,9.97,4.87
2000,308,9.94,3.9
2000,309,10.17,3.43
2000,310,9.08,4.66
2000,311,9.86,5.24
2000,312,8.67,5.06
2000,313,8.38,5.23
2000,314,8.91,4.3
2000,315,8.83,3.3
2000,316,11.03,9.14
2000,317,10.09,3.27
2000,318,9.17,3.65
2000,319,7.31,3.12
2000,320,6.96,1.09
2000,321,8.85,3.18
2000,322,7.19,2.88
2000,323,10.59,3.79
2000,324,10.39,3.98
2000,325,6.32,2.83
2000,326,8.57,4.01
2000,327,8.86,5.38
2000,328,7.9,4.33
2000,329,7.98,3.11
2000,330,10.41,6.73
2000,331,9.14,5.17
2000,332,11.7,4.69
2000,333,13.2,9.98
2000,334,12.42,8.74
2000,335,10.31,6.13
2000,336,11.7,9.08
2000,337,10.98,5.76
2000,338,9.61,5.16
2000,339,12.87,8.4
2000,340,11.22,9.74
2000,341,11.56,8.19
2000,342,11.96,7.36
2000,343,12.2,7.28
2000,344,9.81,6.91
2000,345,10.49,7.73
2000,346,12.54,10.14
2000,347,12.46,10.61
2000,348,10.38,6.25
2000,349,7.8,3.06
2000,350,4.84,-0.56
2000,351,3.93,-1.35
2000,352,3.57,-0.04
2000,353,6.49,2.52
2000,354,9.58,6.29
2000,355,8.24,6.27
2000,356,6.91,4.36
2000,357,4.25,2.96
2000,358,4.1,2.47
2000,359,5.12,3.12
2000,360,3.35,-0.69
2000,361,1.87,-1.36
2000,362,1.96,-2.79
2000,363,1.55,-2.75
2000,364,1.06,-2.79
2000,365,1.62,-2.75
2000,366,2.33,-2.27
2001,1,9.51,2.63
2001,2,9.84,6.51
2001,3,8.4,2.33
2001,4,9.3,6.1
2001,5,6.64,4.0
2001,6,7.06,2.72
2001,7,5.96,2.15
2001,8,5.99,0.16
2001,9,4.54,-0.72
2001,10,4.59,3.02
2001,11,4.49,1.5
2001,12,5.61,1.15
2001,13,5.41,-0.56
2001,14,5.69,-0.95
2001,15,3.29,-3.59
2001,16,2.4,-3.53
2001,17,3.4,-2.18
2001,18,1.81,-2.41
2001,19,1.31,-4.25
2001,20,1.22,-3.82
2001,21,2.22,-3.13
2001,22,6.03,1.71
2001,23,10.55,3.46
2001,24,9.32,5.24
2001,25,7.2,3.04
2001,26,7.19,1.89
2001,27,5.57,0.61
2001,28,5.23,-0.83
2001,29,3.69,-0.06
2001,30,4.46,-0.19
2001,31,4.05,-1.45
2001,32,4.1,-1.57
2001,33,5.76,1.28
2001,34,9.09,3.38
2001,35,9.52,2.97
2001,36,9.47,6.5
2001,37,10.91,7.68
2001,38,10.42,6.41
2001,39,6.78,0.85
2001,40,5.78,-1.06
2001,41,9.32,-0.62
2001,42,11.93,8.9
2001,43,10.87,3.42
2001,44,8.44,0.86
2001,45,9.12,-0.51
2001,46,6.58,0.56
2001,47,7.73,0.24
2001,48,7.09,-0.1
2001,49,6.39,-0.21
2001,50,4.51,-1.26
2001,51,7.22,1.41
2001,52,9.63,3.1
2001,53,8.68,3.27
2001,54,4.97,0.52
2001,55,3.09,-2.18
2001,56,3.48,-3.82
2001,57,5.37,-2.44
2001,58,5.47,-1.05
2001,59,3.18,-0.84
2001,60,2.22,-1.8
2001,61,2.3,-3.65
2001,62,2.68,-1.73
2001,63,4.37,-3.09
2001,64,5.93,-3.08
2001,65,9.41,-0.94
2001,66,13.33,7.47
2001,67,9.63,5.34
2001,68,12.26,5.84
2001,69,12.82,7.81
2001,70,11.64,7.4
2001,71,9.15,2.78
2001,72,8.54,1.41
2001,73,9.44,0.95
2001,74,10.02,3.87
2001,75,7.88,4.42
2001,76,5.07,1.47
2001,77,5.9,0.83
2001,78,5.86,-1.44
2001,79,2.41,-0.5
2001,80,4.92,0.8
2001,81,11.7,3.9
2001,82,10.26,6.02
2001,83,10.34,5.08
2001,84,7.67,1.37
2001,85,7.06,0.3
2001,86,8.95,2.75
2001,87,7.95,4.92
2001,88,9.07,3.46
2001,89,11.28,3.34
2001,90,13.81,5.6
2001,91,13.71,8.02
2001,92,16.98,7.06
2001,93,12.37,6.18
2001,94,9.29,3.4
2001,95,10.72,3.02
2001,96,13.11,5.71
2001,97,9.71,4.78
2001,98,11.32,2.03
2001,99,14.32,7.61
2001,100,11.01,5.14
2001,101,12.14,3.2
2001,102,12.03,2.84
2001,103,9.4,0.22
2001,104,9.94,-0.31
2001,105,11.73,3.97
2001,106,9.38,0.73
2001,107,9.28,-1.46
2001,108,7.01,0.57
2001,109,6.79,-0.45
2001,110,7.78,0.84
2001,111,9.45,1.01
2001,112,9.79,2.89
2001,113,11.67,4.06
2001,114,10.98,3.56
2001,115,11.52,5.95
2001,116,12.86,5.24
2001,117,13.41,5.74
2001,118,12.52,4.71
2001,119,10.0,4.96
2001,120,12.42,4.05
2001,121,9.42,3.86
2001,122,10.43,6.25
2001,123,15.75,5.5
2001,124,11.64,2.76
2001,125,12.14,1.5
2001,126,12.11,2.84
2001,127,14.53,3.14
2001,128,15.03,4.07
2001,129,16.09,3.9
2001,130,21.42,9.27
2001,131,23.29,9.67
2001,132,21.26,7.38
2001,133,22.7,8.89
2001,134,15.52,8.94
2001,135,18.09,9.37
2001,136,15.58,8.95
2001,137,10.02,7.64
2001,138,15.39,6.7
2001,139,16.76,6.2
2001,140,18.52,7.97
2001,141,16.22,5.93
2001,142,17.76,7.48
2001,143,19.97,7.27
2001,144,20.59,6.83
2001,145,18.89,7.6
2001,146,21.7,8.84
2001,147,21.03,11.6
2001,148,22.55,13.12
2001,149,20.6,10.4
2001,150,20.98,10.56
2001,151,16.88,8.31
2001,152,16.43,7.26
2001,153,15.78,7.46
2001,154,15.41,4.48
2001,155,17.34,5.3
2001,156,18.92,9.15
2001,157,17.2,8.62
2001,158,14.75,6.97
2001,159,14.78,4.04
2001,160,15.09,3.97
2001,161,13.75,5.52
2001,162,17.66,3.69
2001,163,18.15,9.56
2001,164,19.37,8.99
2001,165,18.27,8.24
2001,166,17.74,10.25
2001,167,16.59,11.98
2001,168,16.18,8.11
2001,169,17.17,6.56
2001,170,19.73,8.86
2001,171,21.88,10.18
2001,172,19.11,8.85
2001,173,20.39,7.4
2001,174,20.74,9.02
2001,175,24.93,10.42
2001,176,24.83,11.87
2001,177,26.07,13.87
2001,178,23.06,14.18
2001,179,20.62,11.65
2001,180,21.25,13.81
2001,181,21.77,13.13
2001,182,23.79,11.18
2001,183,26.17,16.24
2001,184,24.85,14.16
2001,185,25.53,15.66
2001,186,26.18,15.51
2001,187,23.5,15.82
2001,188,21.41,14.92
2001,189,21.23,13.61
2001,190,20.11,11.0
2001,191,19.66,11.76
2001,192,18.95,11.42
2001,193,18.14,10.17
2001,194,18.46,10.46
2001,195,15.66,10.19
2001,196,18.75,8.54
2001,197,19.71,10.61
2001,198,18.87,10.32
2001,199,18.45,12.26
2001,200,17.23,10.8
2001,201,19.52,8.86
2001,202,20.99,13.32
2001,203,20.93,12.64
2001,204,24.16,13.45
2001,205,22.41,11.11
2001,206,23.43,11.96
2001,207,25.88,11.56
2001,208,26.48,14.84
2001,209,27.37,15.87
2001,210,28.01,16.67
2001,211,26.72,15.78
2001,212,25.13,14.76
2001,213,23.22,12.98
2001,214,21.29,12.73
2001,215,22.25,12.62
2001,216,20.36,10.42
2001,217,20.91,11.2
2001,218,23.09,13.4
2001,219,20.89,13.26
2001,220,19.56,12.46
2001,221,16.63,11.1
2001,222,19.01,8.59
2001,223,21.19,9.44
2001,224,19.44,14.42
2001,225,25.16,15.0
2001,226,25.55,12.96
2001,227,27.9,16.45
2001,228,21.88,13.1
2001,229,21.2,10.62
2001,230,23.68,13.87
2001,231,21.76,14.8
2001,232,21.33,12.99
2001,233,22.51,11.18
2001,234,24.49,13.83
2001,235,25.14,14.7
2001,236,27.01,15.78
2001,237,28.05,13.97
2001,238,20.56,15.17
2001,239,20.75,11.86
2001,240,20.95,10.5
2001,241,20.72,9.69
2001,242,19.13,13.43
2001,243,17.38,9.95
2001,244,19.4,9.92
2001,245,20.39,13.29
2001,246,18.67,12.07
2001,247,16.98,9.03
2001,248,17.24,7.01
2001,249,18.91,10.92
2001,250,19.56,10.16
2001,251,17.37,9.06
2001,252,15.38,7.25
2001,253,15.91,7.28
2001,254,18.25,7.78
2001,255,18.27,8.53
2001,256,15.32,8.33
2001,257,17.74,8.76
2001,258,16.69,8.6
2001,259,15.82,7.14
2001,260,14.95,7.18
2001,261,16.82,10.83
2001,262,17.1,11.2
2001,263,17.2,9.27
2001,264,16.38,7.2
2001,265,16.8,7.27
2001,266,16.41,7.43
2001,267,16.22,8.72
2001,268,16.42,8.54
2001,269,15.21,8.4
2001,270,18.95,12.11
2001,271,21.29,12.3
2001,272,18.65,10.96
2001,273,16.37,10.74
2001,274,18.03,13.06
2001,275,17.77,12.36
2001,276,17.97,10.38
2001,277,17.43,10.4
2001,278,19.07,12.52
2001,279,17.09,12.16
2001,280,15.87,11.61
2001,281,14.55,10.66
2001,282,16.41,7.93
2001,283,16.1,7.66
2001,284,19.12,10.75
2001,285,20.8,9.88
2001,286,21.5,12.79
2001,287,18.41,12.32
2001,288,18.31,8.34
2001,289,15.23,8.13
2001,290,18.16,10.5
2001,291,17.24,8.79
2001,292,17.33,8.93
2001,293,17.2,12.52
2001,294,12.87,8.49
2001,295,15.94,7.15
2001,296,16.79,11.29
2001,297,15.79,10.38
2001,298,16.6,9.62
2001,299,15.32,10.45
2001,300,15.57,9.15
2001,301,14.99,7.09
2001,302,14.62,6.12
2001,303,17.95,11.27
2001,304,12.6,5.11
2001,305,12.52,5.1
2001,306,13.43,3.68
2001,307,12.43,4.64
2001,308,10.84,6.09
2001,309,10.14,3.13
2001,310,12.64,8.1
2001,311,12.88,8.78
2001,312,10.4,0.23
2001,313,5.93,0.85
2001,314,8.28,-1.85
2001,315,12.71,5.41
2001,316,10.83,6.3
2001,317,6.56,1.57
2001,318,7.19,-1.03
2001,319,8.44,-1.24
2001,320,10.49,3.75
2001,321,9.66,6.36
2001,322,8.47,4.67
2001,323,9.16,4.21
2001,324,9.31,1.82
2001,325,10.92,5.37
2001,326,10.21,1.06
2001,327,5.65,-1.89
2001,328,11.99,5.97
2001,329,12.86,4.1
2001,330,7.17,-0.03
2001,331,8.94,1.34
2001,332,7.72,3.08
2001,333,12.4,7.62
2001,334,13.96,10.67
2001,335,12.19,2.03
2001,336,6.66,1.7
2001,337,8.46,4.59
2001,338,10.5,4.69
2001,339,12.95,4.96
2001,340,7.64,1.65
2001,341,9.02,1.81
2001,342,6.31,-0.29
2001,343,5.69,0.09
2001,344,6.93,-0.15
2001,345,5.44,-0.22
2001,346,6.24,-0.02
2001,347,6.34,1.05
2001,348,2.98,-3.57
2001,349,4.04,-2.31
2001,350,3.5,-1.53
2001,351,4.27,-1.94
2001,352,5.39,0.44
2001,353,4.34,0.9
2001,354,3.51,-2.03
2001,355,5.93,-1.48
2001,356,1.57,-2.93
2001,357,1.04,-3.13
2001,358,7.08,0.19
2001,359,7.07,-1.27
2001,360,2.0,-2.83
2001,361,6.81,-0.45
2001,362,7.56,1.21
2001,363,1.62,-3.46
2001,364,2.57,-2.48
2001,365,2.04,-3.98
2002,1,2.49,-3.89
2002,2,2.14,-2.62
2002,3,2.06,-4.25
2002,4,3.17,-6.24
2002,5,5.22,3.05
2002,6,3.42,0.93
2002,7,4.28,0.27
2002,8,3.32,-1.85
2002,9,5.05,-1.39
2002,10,6.17,3.4
2002,11,3.98,0.55
2002,12,6.36,2.99
2002,13,9.68,5.6
2002,14,9.8,7.12
2002,15,8.42,0.03
2002,16,7.39,0.05
2002,17,8.55,3.11
2002,18,7.76,1.8
2002,19,7.82,4.25
2002,20,11.01,5.96
2002,21,10.88,6.56
2002,22,8.97,5.73
2002,23,9.99,5.94
2002,24,9.2,0.75
2002,25,10.42,-1.09
2002,26,10.94,7.73
2002,27,12.26,4.73
2002,28,11.84,7.82
2002,29,12.06,7.72
2002,30,11.65,8.13
2002,31,10.39,3.53
2002,32,11.42,6.02
2002,33,11.91,8.03
2002,34,10.58,5.09
2002,35,11.27,4.47
2002,36,11.31,5.38
2002,37,8.32,1.9
2002,38,9.64,1.44
2002,39,12.04,7.29
2002,40,10.55,6.62
2002,41,10.1,4.81
2002,42,12.48,9.85
2002,43,12.85,6.82
2002,44,9.05,4.11
2002,45,7.42,-1.61
2002,46,7.54,-2.32
2002,47,8.43,-0.44
2002,48,7.16,-1.12
2002,49,7.97,2.31
2002,50,10.31,3.98
2002,51,9.78,3.03
2002,52,7.39,-0.86
2002,53,12.16,4.0
2002,54,5.81,1.36
2002,55,7.97,0.04
2002,56,10.55,7.81
2002,57,10.66,4.21
2002,58,6.78,2.12
2002,59,8.37,2.56
2002,60,6.94,-0.62
2002,61,7.53,-0.13
2002,62,9.44,1.49
2002,63,10.07,2.41
2002,64,11.12,2.86
2002,65,11.19,2.96
2002,66,13.13,3.58
2002,67,12.13,3.51
2002,68,10.4,1.15
2002,69,9.96,0.55
2002,70,12.11,5.95
2002,71,12.6,5.29
2002,72,7.68,3.56
2002,73,5.81,2.11
2002,74,7.54,4.71
2002,75,12.49,6.49
2002,76,12.84,6.71
2002,77,11.02,6.23
2002,78,11.82,5.61
2002,79,12.72,7.2
2002,80,13.54,8.03
2002,81,13.91,7.21
2002,82,11.82,1.76
2002,83,11.24,-0.04
2002,84,13.28,1.76
2002,85,11.2,1.63
2002,86,12.06,1.61
2002,87,12.48,-0.96
2002,88,14.62,1.08
2002,89,15.08,2.45
2002,90,13.13,5.1
2002,91,14.13,6.49
2002,92,15.46,6.09
2002,93,18.24,6.94
2002,94,18.06,4.76
2002,95,15.97,5.21
2002,96,9.93,3.37
2002,97,11.78,2.43
2002,98,13.08,2.98
2002,99,10.19,3.07
2002,100,11.14,3.08
2002,101,11.87,1.69
2002,102,12.13,2.25
2002,103,10.07,0.84
2002,104,11.49,-0.56
2002,105,11.6,2.86
2002,106,14.44,2.14
2002,107,13.86,2.16
2002,108,11.37,4.45
2002,109,12.98,3.63
2002,110,15.88,3.06
2002,111,17.45,5.22
2002,112,18.89,6.68
2002,113,20.45,7.54
2002,114,19.69,7.52
2002,115,16.55,7.54
2002,116,13.82,6.12
2002,117,12.37,4.16
2002,118,14.69,5.66
2002,119,13.22,5.59
2002,120,11.58,6.56
2002,121,13.59,4.45
2002,122,13.16,3.88
2002,123,13.69,3.15
2002,124,12.97,3.67
2002,125,11.95,2.71
2002,126,14.78,5.51
2002,127,15.65,7.36
2002,128,16.85,6.87
2002,129,14.73,8.06
2002,130,17.01,9.45
2002,131,15.33,9.77
2002,132,15.51,9.27
2002,133,15.05,9.15
2002,134,15.9,9.32
2002,135,18.06,8.5
2002,136,22.58,6.98
2002,137,20.5,11.75
2002,138,17.46,10.06
2002,139,18.68,9.73
2002,140,17.2,10.62
2002,141,16.53,10.72
2002,142,16.93,10.06
2002,143,16.54,9.55
2002,144,16.23,9.18
2002,145,15.37,7.85
2002,146,13.17,7.18
2002,147,15.98,6.57
2002,148,14.69,7.96
2002,149,15.26,8.56
2002,150,16.1,8.77
2002,151,18.85,7.58
2002,152,19.84,8.01
2002,153,22.59,9.52
2002,154,18.06,9.76
2002,155,14.2,6.73
2002,156,14.25,9.46
2002,157,19.04,11.94
2002,158,16.39,8.05
2002,159,17.32,7.72
2002,160,14.34,8.98
2002,161,15.61,9.29
2002,162,16.28,8.29
2002,163,17.16,10.23
2002,164,19.16,10.57
2002,165,20.78,13.01
2002,166,19.57,10.86
2002,167,21.23,13.58
2002,168,25.29,13.59
2002,169,21.31,12.69
2002,170,20.44,10.78
2002,171,19.32,12.0
2002,172,20.21,9.29
2002,173,20.27,12.09
2002,174,18.75,9.8
2002,175,20.62,8.32
2002,176,21.0,8.69
2002,177,22.14,11.02
2002,178,17.7,9.38
2002,179,17.76,7.24
2002,180,19.0,6.64
2002,181,19.01,10.4
2002,182,17.51,10.23
2002,183,17.83,9.53
2002,184,16.52,11.57
2002,185,18.81,9.92
2002,186,19.03,11.79
2002,187,19.17,10.68
2002,188,18.97,13.4
2002,189,18.97,13.41
2002,190,20.01,10.46
2002,191,18.02,8.76
2002,192,17.88,9.1
2002,193,16.78,8.31
2002,194,20.55,9.9
2002,195,21.95,8.86
2002,196,23.98,12.07
2002,197,23.0,13.94
2002,198,22.21,13.56
2002,199,20.59,12.32
2002,200,21.69,11.15
2002,201,21.26,10.7
2002,202,19.37,9.93
2002,203,20.53,8.72
2002,204,21.65,13.25
2002,205,18.78,12.78
2002,206,22.14,9.61
2002,207,26.09,14.11
2002,208,24.55,14.58
2002,209,27.74,16.37
2002,210,28.38,17.33
2002,211,26.13,16.19
2002,212,22.29,13.46
2002,213,20.25,11.94
2002,214,20.77,11.15
2002,215,20.48,13.18
2002,216,19.47,13.81
2002,217,19.8,11.32
2002,218,22.72,14.01
2002,219,24.08,12.25
2002,220,21.27,13.97
2002,221,19.53,13.44
2002,222,20.67,12.33
2002,223,20.8,11.4
2002,224,21.57,12.17
2002,225,24.89,10.55
2002,226,24.59,14.02
2002,227,27.13,14.65
2002,228,25.46,14.74
2002,229,27.5,13.85
2002,230,25.4,16.51
2002,231,24.3,15.78
2002,232,21.27,14.15
2002,233,21.65,12.48
2002,234,19.97,13.22
2002,235,20.45,11.9
2002,236,21.54,11.82
2002,237,20.84,11.86
2002,238,19.34,11.95
2002,239,21.9,12.57
2002,240,22.48,11.77
2002,241,23.89,11.88
2002,242,23.34,14.5
2002,243,19.81,11.76
2002,244,19.53,8.25
2002,245,20.67,9.65
2002,246,21.0,12.14
2002,247,22.12,10.95
2002,248,21.5,11.91
2002,249,21.32,14.43
2002,250,19.11,11.26
2002,251,17.81,10.05
2002,252,17.61,10.03
2002,253,19.51,8.77
2002,254,20.92,8.33
2002,255,21.87,12.03
2002,256,22.14,12.83
2002,257,19.71,11.51
2002,258,17.78,11.56
2002,259,17.58,8.65
2002,260,18.48,10.57
2002,261,17.93,9.72
2002,262,19.08,11.87
2002,263,17.49,11.91
2002,264,18.02,9.69
2002,265,16.89,8.56
2002,266,17.06,8.5
2002,267,16.13,7.37
2002,268,17.6,7.64
2002,269,16.78,8.86
2002,270,17.99,7.55
2002,271,18.43,8.22
2002,272,18.77,8.93
2002,273,19.27,7.85
2002,274,21.02,10.29
2002,275,20.38,12.59
2002,276,18.9,9.1
2002,277,17.15,6.44
2002,278,18.97,7.68
2002,279,16.86,9.15
2002,280,15.72,8.22
2002,281,13.5,7.03
2002,282,14.29,7.33
2002,283,15.86,8.97
2002,284,14.01,7.31
2002,285,13.73,5.52
2002,286,12.25,4.54
2002,287,13.09,7.5
2002,288,14.44,7.78
2002,289,9.82,5.36
2002,290,10.92,4.44
2002,291,9.66,3.13
2002,292,10.52,1.97
2002,293,9.11,3.43
2002,294,16.37,8.04
2002,295,15.71,8.28
2002,296,10.6,4.44
2002,297,11.84,2.01
2002,298,15.34,10.33
2002,299,12.72,8.55
2002,300,14.9,6.57
2002,301,12.31,4.95
2002,302,12.63,6.7
2002,303,10.6,8.13
2002,304,13.74,8.08
2002,305,14.67,10.75
2002,306,14.79,7.53
2002,307,13.07,7.85
2002,308,12.2,5.12
2002,309,14.22,4.62
2002,310,13.03,6.78
2002,311,9.55,4.17
2002,312,12.25,4.67
2002,313,11.2,5.46
2002,314,14.77,6.12
2002,315,12.6,5.52
2002,316,11.64,7.81
2002,317,11.44,7.87
2002,318,11.85,7.36
2002,319,11.89,6.56
2002,320,11.09,5.43
2002,321,9.72,5.95
2002,322,8.69,5.47
2002,323,8.63,5.74
2002,324,9.83,5.85
2002,325,11.11,7.46
2002,326,10.11,7.19
2002,327,9.97,6.14
2002,328,9.85,5.66
2002,329,9.49,5.38
2002,330,11.89,5.01
2002,331,10.36,6.49
2002,332,11.43,6.58
2002,333,8.88,6.18
2002,334,9.86,6.47
2002,335,11.44,5.76
2002,336,9.43,6.07
2002,337,9.42,5.38
2002,338,9.6,4.23
2002,339,6.98,3.6
2002,340,7.26,3.62
2002,341,5.7,2.91
2002,342,3.28,1.23
2002,343,3.71,-1.89
2002,344,1.71,-2.08
2002,345,2.78,-0.57
2002,346,4.67,1.03
2002,347,6.44,4.37
2002,348,6.51,4.88
2002,349,6.85,4.53
2002,350,5.79,2.69
2002,351,4.98,1.01
2002,352,5.3,-0.1
2002,353,4.69,-0.13
2002,354,5.29,0.1
2002,355,9.79,3.42
2002,356,11.25,6.72
2002,357,10.43,6.77
2002,358,12.59,8.5
2002,359,10.85,7.15
2002,360,11.43,8.92
2002,361,11.31,7.41
2002,362,8.01,5.52
2002,363,11.96,5.02
2002,364,10.98,4.36
2002,365,4.33,0.57
2003,1,12.19,3.4
2003,2,10.49,6.45
2003,3,7.08,0.37
2003,4,2.75,-0.58
2003,5,2.14,-2.14
2003,6,2.13,-1.01
2003,7,0.3,-3.97
2003,8,1.07,-4.03
2003,9,1.76,-2.62
2003,10,2.95,-2.03
2003,11,2.08,-3.23
2003,12,1.99,-3.14
2003,13,7.88,1.61
2003,14,8.76,4.87
2003,15,8.37,3.17
2003,16,8.44,3.04
2003,17,6.57,3.34
2003,18,8.22,3.19
2003,19,8.07,4.55
2003,20,9.01,5.31
2003,21,8.28,5.79
2003,22,7.58,4.63
2003,23,7.05,0.76
2003,24,8.57,-1.42
2003,25,11.15,4.47
2003,26,12.57,4.15
2003,27,12.98,5.47
2003,28,7.12,3.21
2003,29,4.91,0.7
2003,30,1.18,-0.71
2003,31,1.42,-2.72
2003,32,5.23,-1.37
2003,33,6.38,0.56
2003,34,4.88,-0.27
2003,35,4.18,-1.95
2003,36,3.66,-3.12
2003,37,5.74,-3.1
2003,38,9.7,4.59
2003,39,9.67,5.44
2003,40,7.23,5.23
2003,41,6.11,3.74
2003,42,6.06,3.89
2003,43,6.63,1.12
2003,44,1.61,-2.87
2003,45,3.92,-3.52
2003,46,5.13,-2.59
2003,47,3.22,-3.73
2003,48,2.99,-3.53
2003,49,3.76,-3.38
2003,50,3.0,-2.46
2003,51,6.78,-0.42
2003,52,10.05,-0.9
2003,53,8.01,-0.95
2003,54,12.18,1.96
2003,55,11.71,4.11
2003,56,9.46,1.76
2003,57,12.16,2.99
2003,58,12.56,3.19
2003,59,10.4,6.34
2003,60,9.96,3.44
2003,61,9.87,1.74
2003,62,9.03,0.35
2003,63,11.26,5.01
2003,64,10.74,5.4
2003,65,10.21,2.77
2003,66,8.09,3.76
2003,67,9.35,3.7
2003,68,10.73,7.44
2003,69,11.06,6.88
2003,70,10.89,6.18
2003,71,8.49,2.97
2003,72,8.52,0.42
2003,73,8.77,0.39
2003,74,8.6,0.11
2003,75,11.24,0.42
2003,76,13.38,-1.21
2003,77,11.0,0.91
2003,78,13.11,0.69
2003,79,13.82,1.72
2003,80,9.6,1.08
2003,81,12.09,1.46
2003,82,16.0,-0.1
2003,83,14.98,5.54
2003,84,16.03,4.07
2003,85,15.46,3.7
2003,86,15.51,3.63
2003,87,12.35,3.9
2003,88,16.63,5.1
2003,89,14.74,4.27
2003,90,12.38,2.13
2003,91,10.24,1.88
2003,92,9.95,1.98
2003,93,11.18,0.92
2003,94,16.76,3.07
2003,95,14.62,5.51
2003,96,10.81,1.4
2003,97,8.4,-1.52
2003,98,8.68,-2.61
2003,99,7.39,-2.46
2003,100,7.27,-2.21
2003,101,10.35,-0.71
2003,102,12.84,-1.04
2003,103,14.7,3.46
2003,104,15.89,8.79
2003,105,19.88,6.96
2003,106,22.17,7.32
2003,107,18.94,6.15
2003,108,17.06,5.11
2003,109,9.51,4.41
2003,110,12.93,5.8
2003,111,14.64,5.38
2003,112,16.0,5.13
2003,113,16.12,3.51
2003,114,16.45,3.54
2003,115,17.08,7.75
2003,116,14.26,6.16
2003,117,14.96,7.85
2003,118,15.52,8.64
2003,119,15.31,7.47
2003,120,14.66,8.3
2003,121,14.5,7.32
2003,122,14.09,8.08
2003,123,14.75,5.75
2003,124,19.49,8.41
2003,125,15.24,7.02
2003,126,16.24,4.15
2003,127,17.9,5.43
2003,128,14.56,6.3
2003,129,16.35,6.59
2003,130,13.61,4.75
2003,131,14.0,5.59
2003,132,12.84,5.89
2003,133,11.62,4.77
2003,134,13.14,4.33
2003,135,14.83,2.94
2003,136,11.74,5.77
2003,137,16.11,9.54
2003,138,14.61,9.01
2003,139,15.75,7.53
2003,140,14.34,6.65
2003,141,15.23,7.56
2003,142,18.73,11.21
2003,143,16.38,9.24
2003,144,16.73,7.55
2003,145,15.79,8.12
2003,146,17.91,5.86
2003,147,17.93,8.34
2003,148,21.76,10.63
2003,149,22.65,9.07
2003,150,24.55,9.28
2003,151,24.74,11.77
2003,152,22.04,11.81
2003,153,19.69,11.28
2003,154,20.27,9.77
2003,155,20.44,11.86
2003,156,19.43,9.22
2003,157,17.18,9.89
2003,158,19.81,11.98
2003,159,19.73,11.28
2003,160,19.01,8.04
2003,161,20.87,12.59
2003,162,20.17,10.91
2003,163,20.84,9.11
2003,164,21.52,8.19
2003,165,21.13,10.48
2003,166,23.78,8.76
2003,167,24.05,12.76
2003,168,21.97,12.65
2003,169,20.54,12.0
2003,170,23.55,13.17
2003,171,20.25,9.48
2003,172,21.85,8.9
2003,173,23.88,13.27
2003,174,22.05,12.04
2003,175,22.18,8.74
2003,176,19.83,10.07
2003,177,21.17,12.61
2003,178,21.4,12.23
2003,179,21.02,9.36
2003,180,22.91,9.6
2003,181,19.66,13.63
2003,182,17.88,12.15
2003,183,18.91,11.5
2003,184,17.8,11.34
2003,185,20.88,11.36
2003,186,19.74,11.08
2003,187,20.47,14.27
2003,188,21.81,11.65
2003,189,21.91,11.74
2003,190,24.89,14.74
2003,191,26.58,13.78
2003,192,21.87,13.43
2003,193,24.0,10.82
2003,194,24.15,11.49
2003,195,26.03,13.67
2003,196,28.08,14.22
2003,197,27.12,16.39
2003,198,19.86,15.18
2003,199,23.19,14.29
2003,200,25.55,14.3
2003,201,21.82,13.48
2003,202,22.03,13.28
2003,203,22.76,12.73
2003,204,21.72,12.8
2003,205,22.16,14.44
2003,206,20.53,13.4
2003,207,20.26,10.5
2003,208,20.19,12.28
2003,209,21.45,10.03
2003,210,20.72,14.66
2003,211,22.06,14.57
2003,212,23.26,13.83
2003,213,20.63,14.54
2003,214,24.03,11.6
2003,215,26.17,12.1
2003,216,28.17,13.8
2003,217,28.22,16.2
2003,218,31.76,17.19
2003,219,27.47,15.82
2003,220,27.92,16.22
2003,221,30.92,17.05
2003,222,32.34,18.32
2003,223,29.67,18.02
2003,224,28.91,17.23
2003,225,26.25,17.2
2003,226,22.86,12.83
2003,227,22.15,10.11
2003,228,21.93,11.86
2003,229,24.23,13.91
2003,230,24.96,14.53
2003,231,21.95,10.66
2003,232,22.51,11.75
2003,233,22.81,12.55
2003,234,25.66,15.42
2003,235,26.16,14.81
2003,236,23.59,14.4
2003,237,20.02,14.32
2003,238,22.16,14.31
2003,239,21.47,13.0
2003,240,18.18,11.9
2003,241,16.31,10.27
2003,242,17.92,7.86
2003,243,18.65,6.48
2003,244,18.37,8.17
2003,245,18.99,7.87
2003,246,21.42,11.53
2003,247,22.28,9.63
2003,248,24.23,10.71
2003,249,20.65,10.47
2003,250,18.31,9.13
2003,251,20.4,9.4
2003,252,19.52,11.13
2003,253,21.15,10.39
2003,254,17.94,8.78
2003,255,19.63,10.23
2003,256,21.39,9.71
2003,257,22.59,9.58
2003,258,23.9,12.56
2003,259,24.69,11.05
2003,260,25.12,10.06
2003,261,22.02,11.6
2003,262,22.34,11.07
2003,263,25.07,10.47
2003,264,25.21,13.09
2003,265,21.44,8.07
2003,266,14.13,4.84
2003,267,16.3,2.52
2003,268,18.12,5.64
2003,269,19.41,6.39
2003,270,17.04,8.05
2003,271,15.62,6.68
2003,272,17.58,5.01
2003,273,18.21,9.81
2003,274,17.83,10.25
2003,275,19.16,10.98
2003,276,18.9,9.08
2003,277,13.48,5.89
2003,278,11.95,2.31
2003,279,14.8,7.1
2003,280,12.75,5.49
2003,281,19.56,5.2
2003,282,18.25,10.8
2003,283,19.08,8.92
2003,284,17.28,5.88
2003,285,14.33,7.68
2003,286,15.9,9.11
2003,287,14.25,8.0
2003,288,13.57,5.34
2003,289,14.0,5.34
2003,290,13.48,4.57
2003,291,14.56,4.98
2003,292,12.86,4.46
2003,293,10.85,3.98
2003,294,9.67,2.08
2003,295,7.42,3.38
2003,296,9.63,1.26
2003,297,8.92,0.48
2003,298,10.1,1.34
2003,299,10.67,3.57
2003,300,11.31,2.62
2003,301,11.02,0.57
2003,302,9.46,2.83
2003,303,8.95,3.19
2003,304,12.06,5.25
2003,305,11.12,5.08
2003,306,13.91,4.91
2003,307,13.98,5.85
2003,308,14.34,6.02
2003,309,12.99,7.55
2003,310,16.3,6.66
2003,311,11.73,5.36
2003,312,9.26,3.41
2003,313,8.35,3.02
2003,314,13.07,5.85
2003,315,12.28,5.76
2003,316,12.27,4.35
2003,317,12.34,4.69
2003,318,12.9,8.7
2003,319,12.25,5.75
2003,320,9.67,2.88
2003,321,11.57,3.61
2003,322,13.95,9.82
2003,323,13.76,9.71
2003,324,11.95,10.1
2003,325,9.87,6.75
2003,326,9.69,5.64
2003,327,6.77,5.48
2003,328,9.08,2.03
2003,329,10.74,2.23
2003,330,11.34,2.7
2003,331,7.02,-0.65
2003,332,9.07,-0.45
2003,333,10.07,5.81
2003,334,9.22,4.91
2003,335,9.99,7.33
2003,336,9.48,4.77
2003,337,10.02,6.12
2003,338,9.0,6.4
2003,339,8.37,3.81
2003,340,7.95,2.71
2003,341,4.27,-2.15
2003,342,6.05,-2.57
2003,343,7.51,1.57
2003,344,4.3,-0.38
2003,345,11.39,3.64
2003,346,11.14,3.25
2003,347,12.45,7.6
2003,348,8.32,3.92
2003,349,4.63,-2.49
2003,350,4.52,-2.75
2003,351,6.61,-0.24
2003,352,6.79,-0.61
2003,353,6.7,2.78
2003,354,11.43,2.29
2003,355,6.33,-0.3
2003,356,1.98,-1.4
2003,357,7.05,0.05
2003,358,8.83,5.28
2003,359,9.4,7.73
2003,360,9.66,6.02
2003,361,6.84,3.01
2003,362,4.73,0.89
2003,363,4.1,0.72
2003,364,2.76,0.07
2003,365,3.89,-2.59
2004,1,5.44,0.84
2004,2,3.82,-3.68
2004,3,2.71,-3.52
2004,4,5.77,1.7
2004,5,8.58,3.26
2004,6,10.51,5.42
2004,7,8.44,5.9
2004,8,10.36,5.55
2004,9,7.56,3.51
2004,10,9.84,3.53
2004,11,11.07,4.13
2004,12,6.64,3.49
2004,13,9.87,4.42
2004,14,6.65,1.04
2004,15,8.56,1.01
2004,16,7.51,2.56
2004,17,4.99,1.87
2004,18,3.84,-1.82
2004,19,9.57,2.51
2004,20,9.23,7.72
2004,21,8.36,5.44
2004,22,6.74,4.05
2004,23,7.53,3.57
2004,24,7.82,1.75
2004,25,5.01,-0.08
2004,26,4.07,1.45
2004,27,4.36,-0.88
2004,28,3.15,-3.54
2004,29,3.22,-3.82
2004,30,5.64,-2.68
2004,31,11.89,6.54
2004,32,10.98,7.32
2004,33,12.64,9.08
2004,34,13.13,10.51
2004,35,14.74,10.72
2004,36,12.4,9.02
2004,37,10.57,6.94
2004,38,8.83,4.44
2004,39,7.83,-1.34
2004,40,4.79,-3.99
2004,41,7.03,-2.23
2004,42,12.16,4.85
2004,43,9.92,4.87
2004,44,9.71,4.59
2004,45,8.39,3.54
2004,46,9.24,2.54
2004,47,7.25,1.8
2004,48,7.27,2.14
2004,49,8.04,1.96
2004,50,6.29,1.16
2004,51,4.56,-2.35
2004,52,5.72,-2.27
2004,53,7.13,-1.47
2004,54,4.53,-2.98
2004,55,5.93,-3.35
2004,56,2.78,-3.17
2004,57,2.81,-4.04
2004,58,3.68,-3.72
2004,59,4.0,-2.94
2004,60,3.97,-2.52
2004,61,5.56,-3.44
2004,62,6.96,-3.33
2004,63,8.31,-2.41
2004,64,9.47,4.69
2004,65,8.79,2.57
2004,66,8.56,2.1
2004,67,5.88,0.76
2004,68,8.65,-0.61
2004,69,6.59,-0.46
2004,70,4.36,-2.07
2004,71,4.3,-2.1
2004,72,5.64,0.02
2004,73,10.66,3.42
2004,74,9.83,5.85
2004,75,12.24,6.35
2004,76,15.03,8.14
2004,77,12.67,5.82
2004,78,12.75,6.12
2004,79,11.45,5.55
2004,80,12.02,5.65
2004,81,10.47,4.96
2004,82,8.7,1.86
2004,83,7.55,1.57
2004,84,8.91,1.59
2004,85,7.26,0.5
2004,86,8.82,0.97
2004,87,9.37,2.42
2004,88,10.02,4.62
2004,89,13.54,3.56
2004,90,13.79,4.63
2004,91,17.21,5.49
2004,92,15.27,7.34
2004,93,13.54,6.71
2004,94,12.69,6.31
2004,95,12.24,5.66
2004,96,10.4,3.8
2004,97,8.53,2.73
2004,98,9.2,2.34
2004,99,8.16,2.37
2004,100,11.95,1.46
2004,101,11.19,2.6
2004,102,11.72,-0.02
2004,103,15.09,2.43
2004,104,13.45,5.0
2004,105,15.36,3.76
2004,106,14.82,3.69
2004,107,17.08,6.15
2004,108,13.8,4.79
2004,109,11.83,4.08
2004,110,11.09,0.93
2004,111,12.92,1.59
2004,112,13.97,7.26
2004,113,16.17,6.16
2004,114,18.18,3.14
2004,115,20.4,6.25
2004,116,18.31,8.29
2004,117,19.6,5.84
2004,118,17.61,8.6
2004,119,15.15,8.87
2004,120,10.83,6.29
2004,121,14.8,6.58
2004,122,16.71,7.12
2004,123,16.8,6.05
2004,124,12.74,6.11
2004,125,11.71,6.06
2004,126,10.97,6.05
2004,127,13.92,6.14
2004,128,13.55,5.16
2004,129,14.33,8.18
2004,130,13.67,9.8
2004,131,18.36,10.02
2004,132,16.0,6.94
2004,133,15.56,5.43
2004,134,16.37,4.15
2004,135,18.72,8.41
2004,136,21.0,10.11
2004,137,21.78,10.58
2004,138,22.53,8.46
2004,139,21.76,9.09
2004,140,22.31,9.08
2004,141,19.55,9.89
2004,142,13.75,5.36
2004,143,14.61,3.19
2004,144,17.21,2.98
2004,145,19.06,6.17
2004,146,19.05,7.66
2004,147,15.37,8.55
2004,148,16.13,6.68
2004,149,18.76,5.59
2004,150,18.67,9.48
2004,151,17.67,9.87
2004,152,19.06,7.62
2004,153,18.28,11.27
2004,154,18.59,9.68
2004,155,19.49,7.66
2004,156,21.9,13.14
2004,157,21.48,11.37
2004,158,23.06,13.27
2004,159,23.99,12.66
2004,160,26.45,13.32
2004,161,22.61,14.16
2004,162,21.78,13.06
2004,163,20.08,11.54
2004,164,19.2,9.82
2004,165,21.3,8.92
2004,166,25.46,13.29
2004,167,24.4,12.91
2004,168,23.67,12.28
2004,169,19.54,12.83
2004,170,17.68,9.07
2004,171,16.37,7.13
2004,172,14.59,6.59
2004,173,16.53,6.84
2004,174,19.49,8.97
2004,175,16.25,12.11
2004,176,17.74,10.14
2004,177,19.54,8.66
2004,178,16.74,9.58
2004,179,21.9,10.98
2004,180,20.29,9.48
2004,181,21.13,10.48
2004,182,19.82,11.07
2004,183,18.38,10.45
2004,184,18.57,11.07
2004,185,18.47,10.05
2004,186,18.08,9.8
2004,187,19.25,9.05
2004,188,21.29,10.27
2004,189,19.0,11.56
2004,190,18.13,10.41
2004,191,17.42,9.56
2004,192,17.73,8.59
2004,193,17.95,9.3
2004,194,18.41,10.0
2004,195,19.95,9.36
2004,196,22.67,12.2
2004,197,23.63,14.87
2004,198,23.0,14.0
2004,199,23.34,12.89
2004,200,20.97,12.24
2004,201,20.07,9.27
2004,202,22.53,12.24
2004,203,22.38,13.69
2004,204,24.85,12.21
2004,205,23.8,13.96
2004,206,23.37,10.54
2004,207,22.49,11.81
2004,208,20.84,13.92
2004,209,23.16,14.09
2004,210,24.5,12.24
2004,211,26.62,13.03
2004,212,24.87,15.03
2004,213,25.13,15.79
2004,214,25.23,14.61
2004,215,24.69,14.68
2004,216,25.91,16.29
2004,217,26.37,14.41
2004,218,24.7,15.85
2004,219,26.71,15.56
2004,220,27.81,14.71
2004,221,27.86,16.5
2004,222,22.77,18.62
2004,223,24.35,16.18
2004,224,22.64,15.29
2004,225,22.28,14.62
2004,226,20.36,13.96
2004,227,23.7,12.24
2004,228,23.39,12.83
2004,229,21.59,13.78
2004,230,21.53,13.84
2004,231,21.86,15.42
2004,232,21.21,14.19
2004,233,20.0,12.06
2004,234,19.58,9.63
2004,235,20.08,11.08
2004,236,20.78,13.98
2004,237,20.95,12.68
2004,238,19.73,12.29
2004,239,21.29,11.66
2004,240,20.03,13.27
2004,241,20.33,8.82
2004,242,19.31,11.8
2004,243,19.07,10.59
2004,244,19.11,8.54
2004,245,21.24,9.77
2004,246,23.5,10.25
2004,247,23.76,12.34
2004,248,25.13,10.93
2004,249,25.88,13.85
2004,250,23.44,14.37
2004,251,22.52,12.59
2004,252,21.66,11.8
2004,253,23.05,13.35
2004,254,23.02,12.28
2004,255,20.5,12.36
2004,256,18.52,9.49
2004,257,18.19,11.38
2004,258,17.48,9.96
2004,259,17.2,7.99
2004,260,18.33,6.01
2004,261,18.45,12.32
2004,262,20.45,9.72
2004,263,17.35,8.33
2004,264,18.1,11.51
2004,265,16.63,8.95
2004,266,19.37,9.05
2004,267,18.17,9.19
2004,268,15.01,6.83
2004,269,14.52,4.83
2004,270,20.55,9.04
2004,271,20.47,11.96
2004,272,19.3,12.18
2004,273,16.52,9.91
2004,274,19.42,11.57
2004,275,17.8,8.75
2004,276,15.79,8.58
2004,277,15.47,8.64
2004,278,16.59,6.8
2004,279,16.34,6.17
2004,280,14.97,7.86
2004,281,14.81,6.36
2004,282,14.09,5.59
2004,283,14.0,7.4
2004,284,14.29,7.72
2004,285,12.9,6.39
2004,286,15.07,9.08
2004,287,14.0,8.04
2004,288,12.24,7.33
2004,289,10.32,5.87
2004,290,10.92,5.11
2004,291,12.06,5.65
2004,292,13.06,4.66
2004,293,13.21,3.51
2004,294,18.01,11.67
2004,295,14.19,7.34
2004,296,16.34,9.85
2004,297,16.53,13.81
2004,298,17.09,11.69
2004,299,13.81,5.67
2004,300,12.71,5.85
2004,301,11.13,6.12
2004,302,15.5,10.27
2004,303,13.69,9.31
2004,304,15.71,8.28
2004,305,13.44,6.98
2004,306,12.49,8.57
2004,307,11.36,8.45
2004,308,13.96,8.49
2004,309,12.9,4.24
2004,310,11.23,4.22
2004,311,12.57,6.79
2004,312,11.56,8.01
2004,313,11.95,7.94
2004,314,10.31,5.69
2004,315,10.08,4.77
2004,316,10.3,5.65
2004,317,12.97,3.67
2004,318,6.6,-0.38
2004,319,8.87,0.91
2004,320,9.35,1.36
2004,321,12.3,5.72
2004,322,13.47,8.85
2004,323,10.18,1.51
2004,324,5.46,-0.25
2004,325,3.5,-0.55
2004,326,8.27,0.37
2004,327,13.05,7.65
2004,328,11.02,6.48
2004,329,10.98,5.52
2004,330,9.73,4.17
2004,331,12.43,5.27
2004,332,8.65,4.67
2004,333,7.96,5.62
2004,334,7.52,3.2
2004,335,8.51,0.34
2004,336,6.39,0.19
2004,337,4.89,-0.39
2004,338,4.01,-0.26
2004,339,8.52,3.11
2004,340,9.49,4.59
2004,341,9.51,3.03
2004,342,7.93,4.29
2004,343,8.98,3.88
2004,344,6.62,1.23
2004,345,5.91,2.72
2004,346,6.11,3.02
2004,347,4.82,-0.3
2004,348,2.45,-0.37
2004,349,9.08,2.32
2004,350,10.36,8.13
2004,351,9.86,5.04
2004,352,5.76,2.75
2004,353,7.18,1.11
2004,354,5.12,-1.04
2004,355,4.19,-2.51
2004,356,3.44,1.99
2004,357,9.76,2.01
2004,358,11.61,8.54
2004,359,9.14,3.28
2004,360,4.52,-2.22
2004,361,3.22,-2.79
2004,362,6.33,0.1
2004,363,7.16,2.1
2004,364,7.08,2.06
2004,365,11.22,6.52
2004,366,10.97,4.92
2005,1,10.88,4.07
2005,2,6.4,2.49
2005,3,7.84,2.99
2005,4,10.11,2.29
2005,5,7.15,2.17
2005,6,9.48,3.58
2005,7,11.78,9.5
2005,8,10.82,3.9
2005,9,11.01,4.25
2005,10,10.79,6.58
2005,11,11.84,6.05
2005,12,8.59,3.01
2005,13,7.4,0.26
2005,14,6.69,0.18
2005,15,8.0,4.27
2005,16,10.66,2.66
2005,17,9.31,4.24
2005,18,5.5,1.64
2005,19,9.27,1.04
2005,20,11.15,8.34
2005,21,7.18,2.51
2005,22,5.56,-0.23
2005,23,5.3,-1.3
2005,24,4.44,0.24
2005,25,3.99,-1.3
2005,26,3.28,-2.12
2005,27,5.94,1.75
2005,28,6.52,3.34
2005,29,6.77,3.77
2005,30,6.73,2.97
2005,31,10.43,4.85
2005,32,8.33,4.18
2005,33,7.52,1.46
2005,34,10.12,2.41
2005,35,9.59,3.95
2005,36,6.72,2.44
2005,37,8.54,1.63
2005,38,8.04,0.71
2005,39,9.18,2.48
2005,40,8.88,5.64
2005,41,10.23,7.32
2005,42,9.94,5.29
2005,43,11.53,5.16
2005,44,5.02,2.02
2005,45,5.84,0.33
2005,46,5.61,-0.61
2005,47,5.13,-1.24
2005,48,5.82,-1.28
2005,49,7.37,2.44
2005,50,4.99,-0.75
2005,51,4.21,-2.28
2005,52,3.85,-0.37
2005,53,3.73,-2.04
2005,54,2.67,-2.27
2005,55,2.08,-1.78
2005,56,2.58,-2.71
2005,57,6.2,-1.2
2005,58,2.0,-4.4
2005,59,2.63,-4.16
2005,60,4.81,-0.54
2005,61,2.9,-0.38
2005,62,2.96,-4.7
2005,63,5.31,-3.72
2005,64,4.43,-1.42
2005,65,4.39,-2.61
2005,66,7.31,-2.42
2005,67,8.74,0.31
2005,68,8.51,1.03
2005,69,7.81,1.67
2005,70,9.79,2.05
2005,71,6.83,-0.56
2005,72,6.87,-1.22
2005,73,8.5,-0.48
2005,74,10.19,3.44
2005,75,15.81,7.46
2005,76,17.29,8.16
2005,77,17.78,6.53
2005,78,18.73,6.72
2005,79,12.51,5.76
2005,80,14.05,5.38
2005,81,13.23,8.18
2005,82,16.36,6.95
2005,83,14.29,7.32
2005,84,15.29,7.06
2005,85,14.53,5.32
2005,86,10.47,6.08
2005,87,14.82,5.03
2005,88,9.02,5.03
2005,89,12.13,6.17
2005,90,13.28,6.56
2005,91,14.55,6.3
2005,92,16.45,5.56
2005,93,17.16,7.2
2005,94,11.96,3.37
2005,95,11.39,2.61
2005,96,12.8,6.05
2005,97,11.54,4.71
2005,98,6.47,-0.09
2005,99,9.48,-2.2
2005,100,15.1,3.87
2005,101,16.46,2.72
2005,102,13.28,4.97
2005,103,12.31,6.73
2005,104,10.64,4.65
2005,105,8.42,2.51
2005,106,13.04,1.95
2005,107,13.77,1.37
2005,108,13.59,3.46
2005,109,13.11,2.77
2005,110,13.63,5.42
2005,111,14.57,3.2
2005,112,15.87,2.88
2005,113,12.02,6.92
2005,114,16.82,5.46
2005,115,13.38,7.8
2005,116,13.93,6.91
2005,117,14.01,5.7
2005,118,15.72,8.18
2005,119,18.28,7.01
2005,120,19.85,10.66
2005,121,21.71,12.19
2005,122,20.09,10.4
2005,123,16.05,8.76
2005,124,13.6,3.6
2005,125,16.65,1.35
2005,126,15.85,8.95
2005,127,13.2,5.45
2005,128,12.14,3.99
2005,129,11.62,2.05
2005,130,11.42,1.07
2005,131,13.6,0.56
2005,132,13.51,2.69
2005,133,14.44,6.32
2005,134,13.66,4.42
2005,135,16.68,5.21
2005,136,15.17,4.69
2005,137,12.05,1.9
2005,138,14.49,3.61
2005,139,14.13,8.8
2005,140,17.43,9.41
2005,141,15.52,7.23
2005,142,15.99,8.21
2005,143,15.43,6.58
2005,144,16.3,8.2
2005,145,20.57,8.78
2005,146,22.94,11.93
2005,147,26.47,12.88
2005,148,18.76,10.1
2005,149,15.55,6.4
2005,150,15.97,8.76
2005,151,18.28,6.42
2005,152,16.08,8.54
2005,153,19.61,11.76
2005,154,19.16,9.54
2005,155,17.53,9.22
2005,156,16.74,9.59
2005,157,16.71,5.84
2005,158,17.25,4.58
2005,159,19.21,5.49
2005,160,21.08,6.85
2005,161,20.19,8.83
2005,162,15.81,5.95
2005,163,17.42,7.83
2005,164,18.36,5.6
2005,165,19.76,7.35
2005,166,20.13,9.62
2005,167,22.23,11.99
2005,168,26.26,14.85
2005,169,26.27,16.07
2005,170,28.29,15.21
2005,171,25.5,17.27
2005,172,24.29,15.34
2005,173,26.39,14.18
2005,174,27.98,13.64
2005,175,27.3,17.27
2005,176,20.98,12.24
2005,177,20.87,11.27
2005,178,23.98,10.07
2005,179,22.57,11.59
2005,180,24.74,13.82
2005,181,20.2,12.07
2005,182,20.69,10.6
2005,183,23.53,12.74
2005,184,21.41,12.44
2005,185,16.84,10.43
2005,186,18.36,9.49
2005,187,19.85,11.02
2005,188,19.39,10.56
2005,189,19.4,11.13
2005,190,21.84,11.9
2005,191,26.61,12.42
2005,192,25.79,13.95
2005,193,24.94,11.61
2005,194,27.86,13.1
2005,195,28.43,15.58
2005,196,26.09,15.28
2005,197,23.77,12.01
2005,198,26.93,11.96
2005,199,24.34,13.87
2005,200,22.87,12.01
2005,201,22.55,12.82
2005,202,22.83,11.2
2005,203,20.6,12.54
2005,204,20.18,14.51
2005,205,21.24,13.5
2005,206,20.43,10.84
2005,207,18.61,10.03
2005,208,20.06,12.8
2005,209,24.01,14.52
2005,210,22.88,13.54
2005,211,20.27,11.73
2005,212,20.31,12.08
2005,213,19.79,12.99
2005,214,23.08,11.35
2005,215,22.15,12.46
2005,216,21.13,11.56
2005,217,21.83,11.88
2005,218,19.7,10.51
2005,219,20.29,9.09
2005,220,21.55,8.12
2005,221,24.16,9.66
2005,222,23.73,12.39
2005,223,24.81,12.77
2005,224,20.31,12.43
2005,225,20.29,11.4
2005,226,20.8,10.9
2005,227,22.7,9.24
2005,228,24.76,12.92
2005,229,25.19,10.88
2005,230,27.21,12.41
2005,231,19.11,13.13
2005,232,20.47,10.61
2005,233,23.85,12.97
2005,234,20.24,10.78
2005,235,21.63,10.38
2005,236,16.55,11.71
2005,237,17.95,10.06
2005,238,18.63,9.26
2005,239,20.67,10.7
2005,240,23.62,10.23
2005,241,25.27,10.55
2005,242,25.4,13.5
2005,243,29.48,14.95
2005,244,24.1,14.95
2005,245,22.82,11.34
2005,246,24.88,11.67
2005,247,26.79,14.11
2005,248,22.65,15.35
2005,249,22.29,13.88
2005,250,25.06,12.46
2005,251,24.25,12.9
2005,252,25.61,13.39
2005,253,22.48,16.2
2005,254,21.23,14.66
2005,255,21.54,11.89
2005,256,22.36,11.0
2005,257,23.43,13.74
2005,258,21.88,11.52
2005,259,15.67,6.51
2005,260,16.07,4.21
2005,261,17.17,7.91
2005,262,19.87,11.28
2005,263,20.93,9.23
2005,264,21.07,11.18
2005,265,19.84,10.77
2005,266,20.16,10.45
2005,267,18.41,6.29
2005,268,20.8,10.79
2005,269,18.11,8.92
2005,270,19.79,10.05
2005,271,14.69,7.68
2005,272,15.97,7.06
2005,273,21.99,9.89
2005,274,15.6,8.82
2005,275,14.87,6.77
2005,276,16.0,5.14
2005,277,16.56,8.25
2005,278,19.39,9.75
2005,279,19.6,10.9
2005,280,18.67,11.52
2005,281,19.21,9.5
2005,282,15.87,5.99
2005,283,21.59,8.64
2005,284,20.87,13.67
2005,285,18.66,15.55
2005,286,15.51,11.54
2005,287,17.37,11.09
2005,288,19.35,10.69
2005,289,18.27,10.5
2005,290,19.06,9.71
2005,291,13.12,9.11
2005,292,15.3,9.72
2005,293,15.69,9.08
2005,294,16.08,10.72
2005,295,15.66,7.76
2005,296,14.89,6.62
2005,297,17.14,11.67
2005,298,16.83,11.11
2005,299,18.91,11.19
2005,300,19.35,13.74
2005,301,17.12,12.58
2005,302,18.09,9.96
2005,303,19.72,12.77
2005,304,14.86,11.39
2005,305,13.17,8.53
2005,306,17.67,11.43
2005,307,15.55,10.82
2005,308,12.76,6.13
2005,309,13.83,4.91
2005,310,13.97,8.25
2005,311,13.45,7.99
2005,312,15.95,10.41
2005,313,11.72,3.17
2005,314,14.53,3.54
2005,315,13.7,7.33
2005,316,11.12,3.52
2005,317,9.51,2.21
2005,318,9.58,0.55
2005,319,11.68,2.75
2005,320,7.03,-0.28
2005,321,6.3,-2.88
2005,322,7.02,-2.99
2005,323,8.14,-1.54
2005,324,5.42,-1.34
2005,325,5.96,0.06
2005,326,9.1,1.3
2005,327,5.33,-0.11
2005,328,8.65,-0.12
2005,329,1.68,-2.11
2005,330,5.23,0.67
2005,331,3.25,1.44
2005,332,3.02,0.48
2005,333,3.57,-1.87
2005,334,7.29,-1.22
2005,335,7.94,6.33
2005,336,9.25,5.26
2005,337,8.86,5.7
2005,338,7.87,3.59
2005,339,6.81,3.54
2005,340,6.06,2.49
2005,341,5.56,1.22
2005,342,7.69,1.5
2005,343,7.26,0.52
2005,344,6.93,0.99
2005,345,6.28,1.08
2005,346,7.2,2.35
2005,347,5.56,0.92
2005,348,7.12,2.9
2005,349,9.7,3.36
2005,350,10.14,0.17
2005,351,2.89,-3.21
2005,352,5.32,-3.48
2005,353,7.76,1.5
2005,354,6.02,0.98
2005,355,7.63,3.48
2005,356,8.69,5.33
2005,357,9.26,6.1
2005,358,9.5,2.67
2005,359,5.77,0.49
2005,360,4.8,0.14
2005,361,1.71,-1.57
2005,362,1.05,-2.51
2005,363,0.22,-3.05
2005,364,6.86,0.43
2005,365,6.69,3.17
2006,1,6.09,3.77
2006,2,6.73,2.18
2006,3,6.86,1.19
2006,4,5.91,-0.01
2006,5,2.7,-1.36
2006,6,3.71,-1.67
2006,7,2.65,-1.35
2006,8,3.38,-0.34
2006,9,6.29,2.65
2006,10,7.08,4.32
2006,11,9.48,0.47
2006,12,6.11,-1.34
2006,13,6.48,3.58
2006,14,8.22,4.52
2006,15,7.83,3.91
2006,16,7.94,4.05
2006,17,8.89,3.87
2006,18,10.88,3.85
2006,19,10.44,6.41
2006,20,9.32,3.21
2006,21,8.58,0.27
2006,22,5.97,0.74
2006,23,3.55,-3.01
2006,24,3.65,-3.42
2006,25,5.44,-3.92
2006,26,4.23,-0.02
2006,27,3.18,-0.69
2006,28,4.8,-3.1
2006,29,5.91,-1.35
2006,30,6.17,0.72
2006,31,6.04,-0.09
2006,32,2.94,-1.81
2006,33,0.42,-3.02
2006,34,2.27,-3.31
2006,35,5.53,-0.87
2006,36,7.87,1.12
2006,37,6.81,1.31
2006,38,9.19,2.73
2006,39,8.17,2.18
2006,40,4.51,-1.26
2006,41,5.82,-2.97
2006,42,4.8,-0.78
2006,43,7.56,0.32
2006,44,10.52,5.42
2006,45,10.21,4.22
2006,46,11.5,6.15
2006,47,8.12,4.18
2006,48,9.43,3.22
2006,49,7.64,-0.02
2006,50,6.59,1.98
2006,51,6.13,1.24
2006,52,4.9,0.18
2006,53,3.65,0.29
2006,54,2.07,-1.69
2006,55,4.13,-1.9
2006,56,5.94,-0.22
2006,57,5.43,-1.52
2006,58,4.87,-1.19
2006,59,4.16,-2.52
2006,60,3.81,-3.73
2006,61,3.85,-4.15
2006,62,3.61,-3.83
2006,63,3.53,-3.71
2006,64,5.61,-2.88
2006,65,5.9,-1.28
2006,66,4.69,-0.57
2006,67,11.74,4.2
2006,68,10.54,3.95
2006,69,7.86,2.78
2006,70,5.74,-2.25
2006,71,3.92,-2.81
2006,72,3.84,-3.23
2006,73,6.34,-1.89
2006,74,9.56,-2.04
2006,75,4.19,-2.02
2006,76,5.1,-1.31
2006,77,6.19,-0.43
2006,78,9.41,0.55
2006,79,8.06,1.63
2006,80,5.6,-1.03
2006,81,6.79,-2.35
2006,82,9.29,-1.89
2006,83,13.49,3.62
2006,84,14.14,7.2
2006,85,15.52,9.97
2006,86,12.04,8.12
2006,87,11.95,6.2
2006,88,12.7,6.56
2006,89,15.15,9.51
2006,90,14.11,8.86
2006,91,13.37,5.73
2006,92,12.68,5.83
2006,93,11.44,2.33
2006,94,8.0,0.22
2006,95,9.5,-2.24
2006,96,11.65,-0.89
2006,97,11.07,2.84
2006,98,11.04,3.13
2006,99,10.04,1.4
2006,100,9.18,0.54
2006,101,7.64,0.66
2006,102,13.11,3.77
2006,103,14.81,7.3
2006,104,14.92,6.51
2006,105,11.69,6.0
2006,106,15.31,6.16
2006,107,14.63,5.22
2006,108,14.1,5.3
2006,109,13.39,6.58
2006,110,12.63,7.0
2006,111,17.32,6.7
2006,112,16.47,6.03
2006,113,11.89,7.79
2006,114,14.48,6.78
2006,115,15.41,6.7
2006,116,17.04,6.25
2006,117,15.08,7.56
2006,118,14.52,3.58
2006,119,12.86,4.11
2006,120,12.75,4.07
2006,121,14.93,5.42
2006,122,14.94,3.15
2006,123,18.93,7.16
2006,124,23.8,9.49
2006,125,19.96,8.74
2006,126,17.45,6.39
2006,127,16.83,7.24
2006,128,15.13,8.41
2006,129,19.23,8.08
2006,130,21.02,7.71
2006,131,21.87,5.38
2006,132,22.23,9.57
2006,133,17.86,10.46
2006,134,14.57,8.41
2006,135,17.89,8.05
2006,136,18.11,9.23
2006,137,15.8,7.87
2006,138,17.14,9.59
2006,139,16.38,10.49
2006,140,15.77,10.19
2006,141,15.64,9.32
2006,142,14.54,7.29
2006,143,13.22,6.4
2006,144,13.58,7.26
2006,145,17.54,8.84
2006,146,20.19,11.35
2006,147,18.21,11.43
2006,148,18.04,9.05
2006,149,12.7,5.25
2006,150,13.12,4.35
2006,151,14.7,4.4
2006,152,14.32,5.15
2006,153,18.63,9.43
2006,154,22.03,9.64
2006,155,21.19,8.78
2006,156,18.52,8.02
2006,157,19.4,6.2
2006,158,23.65,8.8
2006,159,24.28,11.0
2006,160,23.72,9.86
2006,161,24.79,11.52
2006,162,26.13,13.92
2006,163,27.59,15.33
2006,164,25.28,15.38
2006,165,18.16,10.35
2006,166,19.41,9.87
2006,167,23.11,9.64
2006,168,25.3,14.31
2006,169,24.83,12.88
2006,170,21.0,12.74
2006,171,21.6,12.44
2006,172,19.99,12.12
2006,173,19.5,9.44
2006,174,21.29,8.77
2006,175,23.37,11.93
2006,176,22.48,11.64
2006,177,17.3,10.48
2006,178,19.65,8.72
2006,179,21.05,9.04
2006,180,23.53,9.46
2006,181,25.6,10.31
2006,182,26.86,11.94
2006,183,28.76,16.11
2006,184,28.46,15.03
2006,185,28.83,14.42
2006,186,24.84,15.8
2006,187,24.03,15.23
2006,188,22.15,13.96
2006,189,22.84,10.61
2006,190,23.34,14.01
2006,191,23.2,11.67
2006,192,24.67,14.98
2006,193,26.16,12.16
2006,194,23.8,11.72
2006,195,21.52,10.04
2006,196,23.53,11.69
2006,197,27.5,12.32
2006,198,30.35,12.8
2006,199,30.58,13.4
2006,200,32.72,15.21
2006,201,29.5,17.6
2006,202,30.24,16.92
2006,203,24.25,18.09
2006,204,26.26,15.43
2006,205,28.25,15.32
2006,206,30.39,14.81
2006,207,30.48,17.81
2006,208,26.7,18.86
2006,209,28.28,16.27
2006,210,25.63,15.68
2006,211,25.1,16.34
2006,212,23.59,15.41
2006,213,22.3,14.23
2006,214,21.6,12.5
2006,215,22.15,12.51
2006,216,22.52,11.92
2006,217,25.8,13.1
2006,218,26.94,15.56
2006,219,24.25,13.12
2006,220,23.08,11.16
2006,221,22.48,13.39
2006,222,20.38,11.08
2006,223,20.19,10.31
2006,224,18.71,11.29
2006,225,20.56,11.56
2006,226,19.79,10.55
2006,227,21.43,12.32
2006,228,20.73,11.04
2006,229,21.0,13.44
2006,230,20.25,13.65
2006,231,21.35,12.95
2006,232,21.13,12.82
2006,233,21.8,11.46
2006,234,21.85,11.06
2006,235,20.39,13.54
2006,236,20.27,13.06
2006,237,21.83,8.89
2006,238,21.75,13.38
2006,239,21.82,11.47
2006,240,18.9,11.66
2006,241,18.78,10.16
2006,242,19.62,9.26
2006,243,23.98,13.72
2006,244,23.53,13.58
2006,245,18.69,13.03
2006,246,26.07,16.3
2006,247,24.63,14.02
2006,248,26.22,15.84
2006,249,26.42,14.41
2006,250,21.07,10.29
2006,251,20.53,8.17
2006,252,21.37,10.62
2006,253,25.67,9.74
2006,254,27.47,11.65
2006,255,23.38,15.85
2006,256,22.11,15.7
2006,257,21.83,14.77
2006,258,23.98,13.7
2006,259,23.7,13.31
2006,260,23.73,13.72
2006,261,21.34,14.3
2006,262,20.27,11.96
2006,263,21.67,11.24
2006,264,25.74,14.79
2006,265,19.06,13.26
2006,266,21.94,11.95
2006,267,21.84,14.31
2006,268,20.13,13.29
2006,269,20.59,10.67
2006,270,19.31,11.55
2006,271,22.01,15.29
2006,272,20.6,11.19
2006,273,19.29,10.9
2006,274,18.95,13.84
2006,275,17.95,10.41
2006,276,16.3,7.6
2006,277,16.21,7.35
2006,278,15.35,6.77
2006,279,19.36,12.58
2006,280,16.66,7.92
2006,281,17.15,7.87
2006,282,21.14,13.25
2006,283,20.13,13.23
2006,284,18.6,11.7
2006,285,18.28,7.8
2006,286,18.49,8.89
2006,287,18.76,8.24
2006,288,18.02,9.5
2006,289,18.76,8.55
2006,290,17.24,10.34
2006,291,18.5,11.41
2006,292,17.1,12.71
2006,293,17.73,12.2
2006,294,17.56,11.49
2006,295,15.82,11.78
2006,296,14.41,10.97
2006,297,14.76,6.92
2006,298,15.68,6.94
2006,299,18.78,6.97
2006,300,14.49,6.18
2006,301,16.89,10.01
2006,302,15.59,8.15
2006,303,17.36,8.28
2006,304,14.1,4.23
2006,305,9.51,1.48
2006,306,9.01,1.19
2006,307,11.01,0.52
2006,308,10.78,-1.4
2006,309,12.64,2.14
2006,310,10.52,3.98
2006,311,11.61,4.02
2006,312,14.86,6.07
2006,313,11.15,3.48
2006,314,11.58,0.32
2006,315,12.23,8.4
2006,316,11.68,6.63
2006,317,14.63,8.88
2006,318,13.39,9.77
2006,319,14.26,11.29
2006,320,13.78,6.69
2006,321,12.09,5.27
2006,322,9.98,3.02
2006,323,9.76,0.56
2006,324,12.79,6.15
2006,325,7.03,3.67
2006,326,10.91,3.78
2006,327,12.95,7.67
2006,328,12.18,6.64
2006,329,13.84,7.75
2006,330,12.61,7.75
2006,331,13.7,9.8
2006,332,11.36,7.43
2006,333,12.45,5.35
2006,334,10.75,7.05
2006,335,11.96,7.3
2006,336,11.26,6.91
2006,337,10.4,6.95
2006,338,12.59,7.22
2006,339,12.65,8.55
2006,340,9.81,5.37
2006,341,11.12,8.28
2006,342,8.49,2.72
2006,343,7.69,1.49
2006,344,9.81,1.28
2006,345,11.93,2.42
2006,346,9.9,2.43
2006,347,11.65,8.97
2006,348,11.96,10.24
2006,349,10.9,9.36
2006,350,10.4,2.01
2006,351,7.51,2.18
2006,352,7.02,0.83
2006,353,3.58,0.05
2006,354,2.81,-0.03
2006,355,2.91,1.17
2006,356,3.31,-0.8
2006,357,6.52,3.24
2006,358,6.14,5.01
2006,359,5.89,3.77
2006,360,6.59,1.7
2006,361,7.37,0.86
2006,362,10.09,6.13
2006,363,10.55,4.15
2006,364,12.32,7.74
2006,365,12.05,7.89
2007,1,9.02,3.33
2007,2,8.22,3.21
2007,3,10.68,4.14
2007,4,9.73,6.66
2007,5,10.45,5.24
2007,6,8.9,4.43
2007,7,10.45,5.47
2007,8,11.51,6.08
2007,9,12.84,10.56
2007,10,11.44,3.67
2007,11,12.14,4.6
2007,12,12.14,5.54
2007,13,11.25,6.54
2007,14,8.23,2.35
2007,15,9.06,3.84
2007,16,10.15,9.04
2007,17,10.74,6.65
2007,18,12.99,6.78
2007,19,12.02,8.76
2007,20,11.88,5.35
2007,21,7.4,3.07
2007,22,4.57,-0.63
2007,23,3.1,-2.66
2007,24,3.87,-3.14
2007,25,3.58,-2.79
2007,26,5.2,-3.19
2007,27,8.23,2.14
2007,28,8.15,2.47
2007,29,9.47,5.23
2007,30,8.53,0.47
2007,31,9.79,0.05
2007,32,11.66,5.75
2007,33,11.64,0.71
2007,34,9.74,-0.48
2007,35,7.94,-1.33
2007,36,5.7,0.39
2007,37,3.95,-3.0
2007,38,4.09,-4.67
2007,39,2.74,-1.72
2007,40,4.64,-2.39
2007,41,8.62,3.56
2007,42,9.87,6.22
2007,43,9.66,5.07
2007,44,9.12,5.11
2007,45,7.62,-0.25
2007,46,10.1,-0.96
2007,47,9.57,5.13
2007,48,11.79,3.96
2007,49,9.0,5.18
2007,50,10.06,5.1
2007,51,10.01,7.74
2007,52,10.8,5.32
2007,53,8.6,6.85
2007,54,11.12,7.3
2007,55,11.46,6.75
2007,56,10.47,4.1
2007,57,9.57,2.89
2007,58,12.45,2.92
2007,59,10.69,7.37
2007,60,9.48,3.13
2007,61,10.09,2.14
2007,62,11.59,2.79
2007,63,10.4,4.82
2007,64,10.37,5.15
2007,65,12.81,6.84
2007,66,10.74,4.83
2007,67,12.66,1.25
2007,68,10.68,2.83
2007,69,12.57,2.23
2007,70,14.29,4.9
2007,71,16.13,4.34
2007,72,13.34,3.13
2007,73,13.29,1.91
2007,74,12.62,3.01
2007,75,12.88,4.66
2007,76,14.6,6.16
2007,77,9.63,1.46
2007,78,6.82,0.29
2007,79,5.65,0.57
2007,80,7.04,-1.88
2007,81,6.69,-2.93
2007,82,8.82,2.36
2007,83,8.98,2.68
2007,84,12.12,4.72
2007,85,14.52,4.11
2007,86,16.69,4.05
2007,87,15.72,3.61
2007,88,8.92,2.52
2007,89,9.97,2.13
2007,90,13.78,4.99
2007,91,14.97,4.13
2007,92,16.5,3.88
2007,93,11.08,2.93
2007,94,11.8,2.01
2007,95,17.51,1.4
2007,96,16.63,4.32
2007,97,14.86,4.03
2007,98,16.82,2.9
2007,99,16.96,4.76
2007,100,17.03,8.76
2007,101,18.29,6.82
2007,102,16.76,5.58
2007,103,18.36,6.84
2007,104,21.46,6.79
2007,105,22.71,6.05
2007,106,21.65,9.07
2007,107,16.4,6.29
2007,108,15.33,4.72
2007,109,18.44,3.75
2007,110,14.31,5.47
2007,111,16.45,4.08
2007,112,19.98,5.17
2007,113,18.65,8.2
2007,114,19.56,9.35
2007,115,17.77,10.21
2007,116,16.83,8.55
2007,117,20.08,7.62
2007,118,20.19,6.63
2007,119,19.03,7.62
2007,120,17.26,7.1
2007,121,18.48,7.87
2007,122,18.55,6.64
2007,123,16.25,6.11
2007,124,16.97,6.53
2007,125,15.85,6.89
2007,126,17.81,6.22
2007,127,17.44,9.71
2007,128,16.64,8.49
2007,129,15.89,8.16
2007,130,13.59,10.13
2007,131,15.35,8.01
2007,132,16.33,9.36
2007,133,15.17,9.12
2007,134,12.91,6.8
2007,135,14.63,5.04
2007,136,15.55,8.08
2007,137,18.33,11.34
2007,138,19.83,9.04
2007,139,16.58,7.54
2007,140,18.07,5.3
2007,141,15.84,9.09
2007,142,20.28,7.61
2007,143,22.8,11.11
2007,144,23.6,14.17
2007,145,22.75,10.72
2007,146,15.13,9.96
2007,147,12.01,7.43
2007,148,9.85,5.29
2007,149,13.1,4.79
2007,150,15.47,3.23
2007,151,17.24,7.96
2007,152,19.8,8.76
2007,153,22.84,10.63
2007,154,22.5,10.87
2007,155,20.46,10.3
2007,156,20.66,10.05
2007,157,18.85,9.27
2007,158,19.79,10.89
2007,159,21.28,11.99
2007,160,22.74,12.74
2007,161,22.88,12.06
2007,162,22.75,12.98
2007,163,22.47,13.91
2007,164,22.48,11.91
2007,165,21.0,14.51
2007,166,19.46,11.99
2007,167,17.73,11.31
2007,168,20.34,10.12
2007,169,19.19,11.26
2007,170,23.03,11.41
2007,171,20.24,12.17
2007,172,19.41,10.97
2007,173,18.19,12.91
2007,174,18.82,12.4
2007,175,15.42,11.92
2007,176,15.75,11.46
2007,177,16.29,8.29
2007,178,17.61,7.02
2007,179,18.74,6.08
2007,180,20.37,12.24
2007,181,18.58,11.44
2007,182,19.42,12.83
2007,183,18.94,12.4
2007,184,18.74,11.48
2007,185,18.74,10.8
2007,186,19.46,12.33
2007,187,19.16,11.31
2007,188,20.17,10.57
2007,189,19.38,8.52
2007,190,17.99,10.54
2007,191,19.81,9.46
2007,192,19.59,11.08
2007,193,23.14,11.95
2007,194,22.26,14.56
2007,195,21.88,14.83
2007,196,24.92,14.31
2007,197,20.26,14.6
2007,198,19.69,13.19
2007,199,21.54,12.48
2007,200,22.22,12.34
2007,201,20.01,12.0
2007,202,19.04,11.04
2007,203,19.49,10.68
2007,204,19.09,12.55
2007,205,21.02,11.03
2007,206,19.35,10.31
2007,207,18.12,12.92
2007,208,21.02,12.01
2007,209,21.11,12.07
2007,210,19.4,10.32
2007,211,19.61,8.63
2007,212,21.28,9.3
2007,213,22.51,10.55
2007,214,20.14,12.19
2007,215,22.37,10.51
2007,216,24.48,13.07
2007,217,26.64,12.91
2007,218,21.94,12.31
2007,219,21.35,9.41
2007,220,20.4,10.7
2007,221,20.67,10.51
2007,222,22.87,8.93
2007,223,23.96,12.34
2007,224,21.89,10.5
2007,225,20.81,10.04
2007,226,21.19,13.45
2007,227,21.53,13.74
2007,228,18.6,10.65
2007,229,19.67,8.94
2007,230,19.98,12.45
2007,231,20.35,13.3
2007,232,17.7,11.48
2007,233,20.38,12.17
2007,234,18.94,13.77
2007,235,20.27,14.03
2007,236,22.21,13.4
2007,237,25.08,11.7
2007,238,22.04,13.13
2007,239,19.85,9.39
2007,240,19.16,12.07
2007,241,20.32,11.38
2007,242,21.17,9.09
2007,243,21.04,11.76
2007,244,21.8,13.4
2007,245,22.29,12.08
2007,246,18.08,9.59
2007,247,18.38,7.11
2007,248,23.16,9.64
2007,249,23.73,13.09
2007,250,23.4,13.44
2007,251,21.69,10.48
2007,252,21.68,11.9
2007,253,20.66,10.37
2007,254,19.5,7.99
2007,255,21.04,7.83
2007,256,21.15,10.15
2007,257,20.81,10.24
2007,258,20.44,7.93
2007,259,20.44,9.92
2007,260,15.62,8.15
2007,261,14.91,6.03
2007,262,17.97,6.58
2007,263,20.04,13.67
2007,264,19.54,13.06
2007,265,20.86,10.61
2007,266,21.04,10.55
2007,267,17.04,9.58
2007,268,16.55,7.92
2007,269,11.87,7.28
2007,270,13.75,6.27
2007,271,15.2,8.47
2007,272,17.25,7.41
2007,273,16.45,5.47
2007,274,14.64,11.34
2007,275,16.38,11.81
2007,276,18.32,10.07
2007,277,17.78,8.37
2007,278,17.7,6.76
2007,279,17.47,8.63
2007,280,16.91,8.6
2007,281,16.2,10.36
2007,282,15.02,8.02
2007,283,16.99,8.17
2007,284,16.98,7.93
2007,285,19.87,9.17
2007,286,17.72,8.01
2007,287,18.17,7.33
2007,288,17.07,8.71
2007,289,16.43,11.95
2007,290,14.49,5.85
2007,291,12.76,4.87
2007,292,13.24,2.74
2007,293,13.53,4.08
2007,294,13.2,3.35
2007,295,13.25,3.43
2007,296,12.31,1.22
2007,297,11.52,3.78
2007,298,10.63,7.87
2007,299,11.58,6.79
2007,300,14.26,5.62
2007,301,15.07,10.2
2007,302,12.96,5.82
2007,303,13.21,4.99
2007,304,15.15,4.79
2007,305,15.49,6.37
2007,306,16.17,8.4
2007,307,14.84,6.67
2007,308,12.53,6.38
2007,309,12.04,3.56
2007,310,10.95,4.14
2007,311,13.96,5.55
2007,312,14.01,4.82
2007,313,8.44,3.33
2007,314,13.13,5.94
2007,315,10.96,2.49
2007,316,7.55,-0.03
2007,317,9.15,0.98
2007,318,8.75,0.81
2007,319,8.56,0.07
2007,320,7.37,-2.03
2007,321,7.68,-0.38
2007,322,5.57,1.44
2007,323,9.18,3.28
2007,324,9.49,6.26
2007,325,11.05,6.0
2007,326,9.26,4.76
2007,327,6.88,0.23
2007,328,6.36,-1.1
2007,329,9.58,3.87
2007,330,7.38,2.24
2007,331,8.62,4.34
2007,332,10.54,6.07
2007,333,9.62,3.14
2007,334,12.65,3.89
2007,335,10.43,5.17
2007,336,12.57,7.11
2007,337,9.33,4.57
2007,338,12.38,3.96
2007,339,13.39,7.86
2007,340,13.15,7.36
2007,341,12.9,3.62
2007,342,11.46,2.3
2007,343,8.79,5.02
2007,344,6.09,0.94
2007,345,5.27,-0.99
2007,346,5.34,-0.54
2007,347,6.07,-1.0
2007,348,4.87,-0.11
2007,349,3.47,-2.66
2007,350,2.85,-3.07
2007,351,4.32,-0.6
2007,352,3.97,-2.49
2007,353,4.79,-3.13
2007,354,4.29,-3.2
2007,355,2.66,-1.73
2007,356,6.79,0.89
2007,357,2.86,0.0
2007,358,8.2,2.94
2007,359,8.72,0.77
2007,360,7.49,2.61
2007,361,10.76,7.86
2007,362,10.0,8.53
2007,363,10.0,4.75
2007,364,8.17,2.89
2007,365,8.0,2.34
2008,1,8.25,4.86
2008,2,5.63,-1.84
2008,3,2.0,-1.76
2008,4,7.87,0.45
2008,5,7.7,3.22
2008,6,9.11,1.56
2008,7,8.4,3.41
2008,8,9.62,3.93
2008,9,8.09,3.31
2008,10,10.2,6.68
2008,11,9.17,4.6
2008,12,7.4,0.14
2008,13,9.62,6.49
2008,14,9.43,6.77
2008,15,11.14,4.31
2008,16,7.47,2.09
2008,17,10.45,2.06
2008,18,12.57,4.95
2008,19,12.64,10.73
2008,20,12.31,9.93
2008,21,10.42,5.99
2008,22,6.88,1.23
2008,23,11.83,6.98
2008,24,10.46,1.37
2008,25,9.89,1.18
2008,26,9.49,4.79
2008,27,10.57,3.41
2008,28,6.18,2.3
2008,29,10.21,4.18
2008,30,7.25,1.1
2008,31,8.62,2.18
2008,32,7.19,0.9
2008,33,5.68,-2.05
2008,34,6.07,3.51
2008,35,8.43,2.42
2008,36,11.82,5.05
2008,37,9.18,0.42
2008,38,11.43,-0.34
2008,39,11.54,3.22
2008,40,12.52,1.98
2008,41,12.66,0.64
2008,42,12.28,-0.69
2008,43,12.47,1.41
2008,44,10.92,0.51
2008,45,6.12,2.35
2008,46,7.39,-0.87
2008,47,5.47,-2.79
2008,48,8.3,-2.91
2008,49,9.5,-2.15
2008,50,7.22,-2.01
2008,51,7.59,-0.97
2008,52,10.0,2.8
2008,53,11.43,7.25
2008,54,10.87,6.05
2008,55,13.14,3.84
2008,56,10.12,1.59
2008,57,11.43,3.69
2008,58,10.49,3.28
2008,59,10.64,3.33
2008,60,10.54,0.88
2008,61,11.7,6.48
2008,62,11.25,4.46
2008,63,7.31,0.32
2008,64,8.53,-1.47
2008,65,8.64,-3.03
2008,66,12.46,3.11
2008,67,10.75,3.33
2008,68,10.82,3.61
2008,69,9.57,3.38
2008,70,9.49,3.75
2008,71,13.49,4.12
2008,72,9.47,4.33
2008,73,9.94,3.53
2008,74,11.64,5.23
2008,75,14.14,7.68
2008,76,8.74,5.02
2008,77,8.88,1.45
2008,78,7.35,0.1
2008,79,8.17,0.13
2008,80,8.62,0.01
2008,81,8.23,1.79
2008,82,5.32,-2.87
2008,83,4.41,-2.43
2008,84,5.49,-1.79
2008,85,7.08,-2.33
2008,86,9.38,1.33
2008,87,9.34,2.4
2008,88,11.34,2.77
2008,89,11.56,3.03
2008,90,11.98,5.3
2008,91,12.52,5.0
2008,92,14.19,6.08
2008,93,13.4,6.03
2008,94,14.33,6.33
2008,95,15.55,7.32
2008,96,9.89,1.77
2008,97,3.7,-1.89
2008,98,6.52,-1.09
2008,99,8.59,-2.19
2008,100,11.14,-1.89
2008,101,11.81,-0.46
2008,102,10.44,1.92
2008,103,10.73,3.75
2008,104,9.85,3.06
2008,105,10.97,2.26
2008,106,11.69,-1.03
2008,107,11.08,2.99
2008,108,9.89,2.31
2008,109,9.23,4.63
2008,110,9.49,6.16
2008,111,15.3,7.27
2008,112,15.34,6.68
2008,113,17.24,6.13
2008,114,15.47,5.71
2008,115,13.84,6.61
2008,116,15.92,6.76
2008,117,18.42,7.59
2008,118,16.71,9.1
2008,119,13.29,5.91
2008,120,12.19,5.57
2008,121,11.21,5.69
2008,122,13.17,5.34
2008,123,15.02,5.12
2008,124,18.6,4.67
2008,125,19.8,10.95
2008,126,20.62,8.74
2008,127,20.17,8.06
2008,128,22.3,8.84
2008,129,21.99,9.23
2008,130,23.84,12.0
2008,131,24.01,11.87
2008,132,23.78,10.33
2008,133,22.46,8.85
2008,134,20.89,9.15
2008,135,20.09,8.54
2008,136,16.52,8.81
2008,137,14.72,9.41
2008,138,14.27,8.76
2008,139,14.97,4.7
2008,140,14.29,2.77
2008,141,15.12,3.56
2008,142,17.56,4.78
2008,143,19.78,7.01
2008,144,19.52,8.8
2008,145,19.73,11.33
2008,146,18.31,11.02
2008,147,14.26,10.58
2008,148,18.7,10.08
2008,149,19.03,10.26
2008,150,17.75,8.98
2008,151,19.0,9.42
2008,152,20.03,9.81
2008,153,19.18,11.52
2008,154,19.17,9.86
2008,155,17.81,11.52
2008,156,19.89,9.66
2008,157,20.26,7.53
2008,158,17.65,9.71
2008,159,18.42,9.48
2008,160,23.53,10.61
2008,161,24.54,10.64
2008,162,22.1,11.89
2008,163,19.41,9.72
2008,164,15.33,9.51
2008,165,16.9,8.23
2008,166,16.75,7.8
2008,167,16.89,7.46
2008,168,16.53,7.41
2008,169,19.06,7.99
2008,170,16.9,10.06
2008,171,19.33,10.74
2008,172,19.16,10.69
2008,173,19.66,11.35
2008,174,20.36,10.86
2008,175,20.44,10.07
2008,176,20.02,9.75
2008,177,21.33,11.45
2008,178,20.44,8.81
2008,179,21.0,12.55
2008,180,22.19,12.27
2008,181,20.99,10.12
2008,182,21.74,9.03
2008,183,24.31,8.88
2008,184,19.36,13.29
2008,185,20.53,10.88
2008,186,20.75,8.02
2008,187,20.34,13.2
2008,188,18.54,12.4
2008,189,18.35,11.96
2008,190,18.59,11.5
2008,191,18.89,11.63
2008,192,20.11,12.63
2008,193,19.41,11.62
2008,194,17.76,9.31
2008,195,20.34,7.43
2008,196,22.54,11.55
2008,197,25.73,14.41
2008,198,21.51,12.75
2008,199,19.5,11.05
2008,200,21.35,11.32
2008,201,20.64,11.11
2008,202,18.69,9.0
2008,203,20.58,8.77
2008,204,23.6,8.52
2008,205,25.52,14.56
2008,206,25.25,14.09
2008,207,24.97,15.15
2008,208,26.11,15.09
2008,209,27.75,16.81
2008,210,26.88,14.84
2008,211,22.1,13.98
2008,212,25.11,12.4
2008,213,26.67,15.07
2008,214,22.29,14.06
2008,215,23.26,14.43
2008,216,22.4,12.58
2008,217,21.92,11.28
2008,218,20.77,11.91
2008,219,25.2,14.64
2008,220,22.91,14.58
2008,221,20.52,13.79
2008,222,19.29,12.36
2008,223,21.46,13.87
2008,224,21.34,13.19
2008,225,20.44,13.06
2008,226,17.59,11.11
2008,227,18.93,9.8
2008,228,21.34,7.99
2008,229,20.39,11.25
2008,230,20.69,13.99
2008,231,20.62,14.24
2008,232,20.23,13.46
2008,233,20.94,13.31
2008,234,21.57,13.21
2008,235,19.47,10.58
2008,236,20.8,8.84
2008,237,21.8,12.35
2008,238,22.78,11.66
2008,239,23.59,13.69
2008,240,21.98,13.71
2008,241,24.48,14.18
2008,242,25.02,14.66
2008,243,24.94,14.5
2008,244,22.71,14.56
2008,245,20.04,10.98
2008,246,18.74,12.67
2008,247,17.89,9.99
2008,248,17.35,12.23
2008,249,16.72,12.54
2008,250,17.81,12.99
2008,251,18.65,11.82
2008,252,18.12,11.12
2008,253,22.1,10.51
2008,254,20.37,12.13
2008,255,19.19,11.52
2008,256,18.1,9.67
2008,257,20.02,9.5
2008,258,18.52,8.86
2008,259,17.54,8.37
2008,260,15.79,8.57
2008,261,16.37,9.53
2008,262,18.33,7.68
2008,263,19.16,7.94
2008,264,19.55,8.02
2008,265,18.78,7.14
2008,266,18.26,8.42
2008,267,17.14,9.34
2008,268,17.81,10.33
2008,269,18.64,9.8
2008,270,18.9,7.81
2008,271,19.62,8.18
2008,272,18.72,6.69
2008,273,16.12,7.72
2008,274,14.97,10.6
2008,275,15.17,7.23
2008,276,13.01,6.27
2008,277,11.24,3.57
2008,278,13.33,3.38
2008,279,16.7,4.31
2008,280,16.04,4.47
2008,281,17.26,9.54
2008,282,16.09,7.23
2008,283,17.21,6.7
2008,284,17.72,9.15
2008,285,18.77,8.0
2008,286,21.39,9.12
2008,287,18.94,10.39
2008,288,16.36,8.73
2008,289,17.77,8.8
2008,290,13.27,5.0
2008,291,13.9,4.33
2008,292,14.43,6.04
2008,293,13.93,7.27
2008,294,16.04,8.13
2008,295,12.75,3.51
2008,296,13.02,2.55
2008,297,14.48,4.94
2008,298,13.0,3.63
2008,299,12.96,1.91
2008,300,14.07,7.06
2008,301,9.83,2.09
2008,302,7.49,1.8
2008,303,7.48,-2.36
2008,304,7.05,1.48
2008,305,8.38,1.41
2008,306,8.74,1.86
2008,307,11.44,6.45
2008,308,11.01,6.58
2008,309,12.58,6.18
2008,310,10.85,8.09
2008,311,11.37,7.44
2008,312,11.96,6.69
2008,313,12.37,7.02
2008,314,11.93,5.03
2008,315,12.97,5.63
2008,316,10.51,4.83
2008,317,10.28,3.57
2008,318,9.64,4.46
2008,319,13.93,7.1
2008,320,14.32,8.3
2008,321,11.84,3.14
2008,322,8.77,1.92
2008,323,10.92,4.76
2008,324,11.52,5.64
2008,325,12.02,7.19
2008,326,8.39,1.37
2008,327,4.96,-3.07
2008,328,5.45,-4.77
2008,329,5.81,1.15
2008,330,5.85,0.75
2008,331,7.93,-0.27
2008,332,10.59,5.85
2008,333,5.74,2.72
2008,334,5.53,2.09
2008,335,5.0,3.48
2008,336,3.39,1.11
2008,337,4.75,-0.73
2008,338,3.31,-1.95
2008,339,7.27,0.62
2008,340,5.04,3.44
2008,341,6.52,0.06
2008,342,5.54,-0.63
2008,343,6.27,1.06
2008,344,4.13,0.69
2008,345,4.05,-1.61
2008,346,3.83,-2.41
2008,347,6.03,-1.85
2008,348,6.0,2.75
2008,349,3.56,0.56
2008,350,4.53,2.41
2008,351,5.79,1.21
2008,352,6.99,1.39
2008,353,9.74,3.77
2008,354,9.12,2.54
2008,355,11.35,8.22
2008,356,10.05,7.18
2008,357,11.49,8.35
2008,358,9.7,6.26
2008,359,6.99,4.74
2008,360,6.93,3.93
2008,361,4.5,-0.71
2008,362,3.35,-1.14
2008,363,3.35,-2.37
2008,364,2.11,-3.23
2008,365,3.06,-3.15
2008,366,1.69,-2.39
2009,1,2.66,-1.37
2009,2,3.53,-2.23
2009,3,2.62,-3.2
2009,4,-0.88,-4.83
2009,5,1.75,-2.25
2009,6,0.66,-8.05
2009,7,1.95,-8.16
2009,8,3.22,-1.86
2009,9,0.81,-6.18
2009,10,0.05,-6.5
2009,11,5.92,0.74
2009,12,8.47,5.97
2009,13,7.75,0.85
2009,14,3.95,-0.76
2009,15,5.38,3.04
2009,16,7.97,2.83
2009,17,8.79,6.81
2009,18,8.72,2.92
2009,19,7.55,0.81
2009,20,5.15,-0.07
2009,21,5.48,-0.65
2009,22,9.57,4.54
2009,23,5.46,1.07
2009,24,4.43,0.45
2009,25,6.24,4.45
2009,26,8.06,2.59
2009,27,7.55,1.83
2009,28,6.18,3.75
2009,29,4.87,-0.59
2009,30,6.01,-0.14
2009,31,4.63,-1.91
2009,32,1.92,-2.55
2009,33,1.06,-1.68
2009,34,3.31,-3.73
2009,35,3.3,-2.01
2009,36,4.62,-0.4
2009,37,3.09,-1.83
2009,38,3.1,-4.49
2009,39,3.81,-3.01
2009,40,5.0,0.05
2009,41,4.49,-3.79
2009,42,5.0,-3.96
2009,43,3.68,-3.74
2009,44,4.76,-2.99
2009,45,5.33,-2.76
2009,46,7.04,-0.55
2009,47,10.09,2.98
2009,48,10.28,4.02
2009,49,9.74,2.79
2009,50,9.58,1.73
2009,51,8.79,1.49
2009,52,10.85,1.89
2009,53,11.17,2.95
2009,54,10.08,4.56
2009,55,11.21,4.93
2009,56,9.4,6.36
2009,57,10.03,4.27
2009,58,13.61,4.33
2009,59,11.17,2.55
2009,60,8.82,2.74
2009,61,9.79,1.72
2009,62,9.61,5.18
2009,63,6.18,-0.95
2009,64,6.83,-1.85
2009,65,9.19,-1.9
2009,66,10.77,2.17
2009,67,9.32,1.96
2009,68,9.33,1.51
2009,69,11.55,1.95
2009,70,12.16,0.84
2009,71,11.87,6.98
2009,72,10.04,5.52
2009,73,12.62,3.55
2009,74,13.96,2.52
2009,75,14.79,3.26
2009,76,13.48,4.31
2009,77,14.38,2.49
2009,78,13.21,0.76
2009,79,12.42,0.6
2009,80,14.05,0.15
2009,81,13.92,5.42
2009,82,12.08,4.13
2009,83,9.39,1.62
2009,84,11.37,4.21
2009,85,12.01,3.68
2009,86,7.79,2.1
2009,87,8.89,0.33
2009,88,8.67,-2.47
2009,89,12.63,-0.73
2009,90,14.66,4.2
2009,91,15.02,2.41
2009,92,14.99,4.81
2009,93,14.95,3.66
2009,94,15.59,5.21
2009,95,14.45,3.03
2009,96,16.02,5.19
2009,97,13.05,6.62
2009,98,14.73,5.62
2009,99,15.21,6.03
2009,100,13.78,7.67
2009,101,14.24,6.58
2009,102,15.71,7.47
2009,103,16.22,6.87
2009,104,16.42,7.56
2009,105,19.3,7.83
2009,106,14.22,9.55
2009,107,12.88,5.58
2009,108,15.06,4.49
2009,109,15.76,3.38
2009,110,17.85,4.99
2009,111,19.0,5.61
2009,112,17.98,6.27
2009,113,17.54,7.2
2009,114,16.57,6.74
2009,115,14.36,5.65
2009,116,15.79,4.28
2009,117,10.18,4.38
2009,118,13.02,3.19
2009,119,16.35,4.45
2009,120,15.95,5.61
2009,121,18.32,6.92
2009,122,17.6,8.29
2009,123,14.15,4.66
2009,124,13.88,3.0
2009,125,18.52,9.01
2009,126,17.96,9.31
2009,127,15.76,7.76
2009,128,14.25,7.53
2009,129,15.57,6.59
2009,130,17.8,5.01
2009,131,15.36,5.87
2009,132,15.12,4.68
2009,133,15.26,9.53
2009,134,18.56,9.66
2009,135,15.18,7.74
2009,136,15.19,6.96
2009,137,14.77,7.73
2009,138,15.03,8.53
2009,139,15.67,8.75
2009,140,17.83,8.06
2009,141,17.46,7.44
2009,142,18.08,6.72
2009,143,18.6,7.62
2009,144,22.12,7.5
2009,145,22.74,9.65
2009,146,15.82,7.95
2009,147,16.31,7.22
2009,148,22.33,10.55
2009,149,21.69,10.2
2009,150,20.27,9.52
2009,151,22.37,9.57
2009,152,23.52,10.23
2009,153,22.84,8.48
2009,154,19.94,9.14
2009,155,16.92,6.01
2009,156,13.9,8.48
2009,157,14.8,8.16
2009,158,15.1,7.53
2009,159,17.12,5.64
2009,160,16.63,9.94
2009,161,16.3,9.07
2009,162,17.55,8.94
2009,163,19.77,6.3
2009,164,21.86,11.57
2009,165,22.12,12.09
2009,166,21.75,12.71
2009,167,21.3,10.46
2009,168,20.85,9.7
2009,169,19.28,9.21
2009,170,19.34,9.24
2009,171,17.65,10.05
2009,172,19.94,9.92
2009,173,20.18,10.53
2009,174,22.05,10.87
2009,175,22.36,9.88
2009,176,24.98,11.83
2009,177,23.24,13.22
2009,178,24.61,13.97
2009,179,24.69,14.67
2009,180,27.29,13.97
2009,181,27.71,13.56
2009,182,28.0,13.4
2009,183,27.87,13.11
2009,184,24.27,15.51
2009,185,24.12,12.64
2009,186,23.33,13.67
2009,187,20.11,12.97
2009,188,18.55,12.79
2009,189,18.55,10.91
2009,190,19.1,9.55
2009,191,21.36,9.32
2009,192,21.14,12.74
2009,193,22.81,13.55
2009,194,21.37,11.02
2009,195,21.42,12.63
2009,196,22.16,13.71
2009,197,22.49,11.9
2009,198,19.78,13.03
2009,199,21.0,11.41
2009,200,19.65,11.2
2009,201,20.34,11.22
2009,202,22.45,13.3
2009,203,21.3,13.46
2009,204,21.43,13.2
2009,205,18.99,12.9
2009,206,22.68,11.54
2009,207,21.5,12.07
2009,208,20.44,11.92
2009,209,20.78,11.39
2009,210,21.57,11.53
2009,211,18.5,10.02
2009,212,20.92,8.78
2009,213,22.48,14.39
2009,214,21.56,10.96
2009,215,21.7,11.62
2009,216,22.67,14.57
2009,217,26.28,15.21
2009,218,27.9,15.96
2009,219,22.97,14.6
2009,220,23.55,13.25
2009,221,23.24,14.4
2009,222,22.62,14.03
2009,223,24.77,13.75
2009,224,24.69,14.84
2009,225,23.46,14.9
2009,226,23.5,13.92
2009,227,24.96,15.19
2009,228,24.92,12.98
2009,229,23.79,12.25
2009,230,24.67,13.11
2009,231,27.71,12.75
2009,232,24.04,13.44
2009,233,20.23,11.64
2009,234,22.47,9.1
2009,235,25.95,13.36
2009,236,23.23,12.26
2009,237,20.26,9.89
2009,238,21.82,13.17
2009,239,23.89,14.19
2009,240,19.42,10.69
2009,241,20.5,9.52
2009,242,19.76,9.55
2009,243,24.57,15.65
2009,244,20.69,13.34
2009,245,19.75,11.63
2009,246,18.31,10.99
2009,247,18.23,10.26
2009,248,19.89,8.84
2009,249,18.76,10.52
2009,250,23.28,12.68
2009,251,24.46,15.02
2009,252,20.25,10.17
2009,253,20.16,8.55
2009,254,20.55,9.97
2009,255,21.68,10.58
2009,256,18.1,8.43
2009,257,19.82,11.11
2009,258,17.66,12.66
2009,259,19.96,11.11
2009,260,18.98,10.75
2009,261,20.63,9.93
2009,262,23.33,11.97
2009,263,17.9,12.5
2009,264,20.45,9.25
2009,265,21.97,10.53
2009,266,20.18,12.74
2009,267,19.97,8.24
2009,268,19.06,8.13
2009,269,19.09,8.13
2009,270,20.53,7.78
2009,271,19.75,9.75
2009,272,21.95,9.7
2009,273,18.54,11.04
2009,274,16.85,7.54
2009,275,16.71,6.32
2009,276,17.35,10.54
2009,277,16.63,7.93
2009,278,16.23,8.57
2009,279,21.16,10.49
2009,280,16.19,9.3
2009,281,15.48,5.29
2009,282,15.02,6.31
2009,283,17.71,9.77
2009,284,16.16,8.99
2009,285,15.43,6.7
2009,286,15.23,4.5
2009,287,13.95,6.29
2009,288,15.22,6.23
2009,289,14.13,8.21
2009,290,12.89,4.02
2009,291,12.58,3.57
2009,292,12.63,6.06
2009,293,13.18,5.91
2009,294,13.23,9.7
2009,295,15.13,8.68
2009,296,16.26,7.95
2009,297,18.58,10.56
2009,298,16.19,9.63
2009,299,15.46,8.28
2009,300,17.35,10.53
2009,301,17.74,9.04
2009,302,16.33,10.16
2009,303,15.69,8.91
2009,304,17.03,9.43
2009,305,15.81,8.25
2009,306,12.13,5.9
2009,307,13.82,5.8
2009,308,10.8,5.79
2009,309,11.8,6.65
2009,310,11.53,5.39
2009,311,10.11,4.2
2009,312,8.3,3.53
2009,313,9.65,2.49
2009,314,8.69,2.15
2009,315,10.02,5.08
2009,316,12.18,6.88
2009,317,13.98,9.36
2009,318,13.47,5.97
2009,319,12.65,7.47
2009,320,12.56,8.45
2009,321,12.42,8.22
2009,322,13.72,9.46
2009,323,13.26,10.86
2009,324,13.63,7.04
2009,325,14.74,6.89
2009,326,10.95,7.97
2009,327,13.28,7.6
2009,328,12.74,7.91
2009,329,12.49,6.61
2009,330,9.57,6.16
2009,331,7.65,4.39
2009,332,9.94,4.81
2009,333,9.8,6.35
2009,334,6.28,1.91
2009,335,5.7,0.82
2009,336,9.65,4.86
2009,337,8.25,1.82
2009,338,6.99,1.27
2009,339,10.52,7.11
2009,340,11.77,5.96
2009,341,9.22,4.72
2009,342,10.46,4.25
2009,343,11.61,7.35
2009,344,8.56,2.21
2009,345,7.59,3.01
2009,346,7.52,3.27
2009,347,5.86,1.09
2009,348,4.71,-1.29
2009,349,1.63,-2.78
2009,350,0.95,-3.49
2009,351,2.47,-0.97
2009,352,0.93,-4.13
2009,353,0.4,-4.45
2009,354,0.95,-5.73
2009,355,2.78,-1.42
2009,356,1.46,-3.18
2009,357,3.27,-2.9
2009,358,4.12,0.93
2009,359,5.61,0.28
2009,360,7.59,4.44
2009,361,5.78,0.96
2009,362,2.8,-0.68
2009,363,3.62,1.16
2009,364,4.34,2.43
2009,365,3.37,-0.44
2010,1,2.07,-4.03
2010,2,2.52,-2.12
2010,3,1.82,-3.55
2010,4,0.67,-4.35
2010,5,1.36,-3.52
2010,6,0.32,-4.38
2010,7,-0.56,-6.37
2010,8,0.4,-4.53
2010,9,0.06,-4.48
2010,10,1.24,-1.35
2010,11,1.07,-2.96
2010,12,1.17,-3.33
2010,13,0.49,-1.78
2010,14,2.33,0.42
2010,15,4.16,-0.8
2010,16,5.19,2.07
2010,17,4.89,-0.03
2010,18,5.05,1.29
2010,19,6.94,2.73
2010,20,3.08,-0.42
2010,21,4.45,-0.27
2010,22,6.82,3.92
2010,23,6.15,2.23
2010,24,6.39,0.78
2010,25,4.44,-1.31
2010,26,2.71,-3.58
2010,27,4.49,-2.69
2010,28,5.11,-0.1
2010,29,3.97,-3.2
2010,30,2.92,-3.72
2010,31,2.64,-3.28
2010,32,4.05,-1.92
2010,33,6.17,-0.36
2010,34,6.49,-0.3
2010,35,8.25,4.14
2010,36,9.46,4.25
2010,37,9.27,2.47
2010,38,5.49,-0.28
2010,39,2.3,-1.3
2010,40,4.22,-1.6
2010,41,1.4,-2.39
2010,42,2.48,-3.43
2010,43,3.95,-1.7
2010,44,3.21,-1.13
2010,45,4.64,-2.27
2010,46,3.98,-2.97
2010,47,4.92,2.34
2010,48,7.18,-1.59
2010,49,4.67,-1.38
2010,50,4.46,-2.61
2010,51,4.07,-2.29
2010,52,5.3,-2.13
2010,53,2.77,-0.47
2010,54,4.15,-0.55
2010,55,9.4,4.36
2010,56,9.27,4.3
2010,57,6.98,2.21
2010,58,9.01,2.94
2010,59,4.65,1.07
2010,60,8.2,-0.33
2010,61,9.15,-2.0
2010,62,4.68,0.44
2010,63,6.73,-4.09
2010,64,7.61,-4.01
2010,65,6.12,-3.09
2010,66,4.05,-4.12
2010,67,6.54,-3.58
2010,68,8.13,0.84
2010,69,7.52,0.98
2010,70,7.09,0.35
2010,71,6.49,-0.73
2010,72,9.67,1.11
2010,73,10.22,2.25
2010,74,11.74,2.05
2010,75,11.08,-0.64
2010,76,13.44,3.15
2010,77,14.38,5.79
2010,78,11.18,7.28
2010,79,12.54,7.94
2010,80,12.23,4.36
2010,81,11.26,4.68
2010,82,10.8,3.2
2010,83,14.08,6.73
2010,84,14.03,6.6
2010,85,11.69,5.71
2010,86,12.42,3.54
2010,87,11.78,3.03
2010,88,11.48,6.17
2010,89,10.6,4.62
2010,90,5.68,1.73
2010,91,7.92,0.89
2010,92,8.78,4.06
2010,93,10.44,4.38
2010,94,9.66,2.75
2010,95,12.19,2.8
2010,96,13.58,5.14
2010,97,12.81,5.04
2010,98,15.16,2.97
2010,99,17.14,5.7
2010,100,15.83,4.43
2010,101,12.06,4.08
2010,102,13.52,3.25
2010,103,13.51,3.12
2010,104,12.05,2.91
2010,105,13.77,3.12
2010,106,12.59,2.04
2010,107,15.48,1.46
2010,108,17.26,2.9
2010,109,14.78,4.53
2010,110,13.47,2.54
2010,111,12.0,-0.46
2010,112,12.56,1.52
2010,113,15.33,2.58
2010,114,17.82,1.87
2010,115,16.78,6.73
2010,116,16.67,7.11
2010,117,18.68,6.33
2010,118,18.62,7.28
2010,119,17.84,7.98
2010,120,14.95,7.12
2010,121,15.32,7.65
2010,122,9.24,3.83
2010,123,10.1,2.26
2010,124,11.76,1.79
2010,125,14.83,1.45
2010,126,14.25,3.52
2010,127,12.86,3.29
2010,128,8.99,4.99
2010,129,12.11,3.26
2010,130,12.71,3.3
2010,131,10.41,1.82
2010,132,9.95,-0.45
2010,133,12.57,0.08
2010,134,13.36,2.83
2010,135,15.2,3.32
2010,136,14.81,3.79
2010,137,15.13,3.84
2010,138,17.66,5.84
2010,139,18.98,6.45
2010,140,21.15,9.59
2010,141,22.14,9.69
2010,142,21.48,7.64
2010,143,24.11,8.44
2010,144,24.78,10.59
2010,145,18.15,8.9
2010,146,15.94,8.81
2010,147,15.5,6.8
2010,148,17.67,5.37
2010,149,15.62,8.95
2010,150,17.37,8.64
2010,151,16.09,7.57
2010,152,13.7,8.71
2010,153,20.31,6.3
2010,154,20.34,7.82
2010,155,23.75,8.07
2010,156,25.47,9.33
2010,157,21.68,12.18
2010,158,18.74,10.1
2010,159,18.66,11.26
2010,160,19.83,11.25
2010,161,19.46,11.5
2010,162,17.88,11.59
2010,163,18.61,8.17
2010,164,18.94,8.61
2010,165,18.88,8.01
2010,166,17.49,7.88
2010,167,18.15,6.62
2010,168,20.47,7.85
2010,169,17.91,7.57
2010,170,14.85,7.04
2010,171,17.0,5.38
2010,172,22.32,9.51
2010,173,24.54,10.68
2010,174,24.29,11.44
2010,175,24.22,11.95
2010,176,24.68,13.96
2010,177,25.1,12.46
2010,178,26.03,12.46
2010,179,25.93,12.72
2010,180,24.87,14.76
2010,181,24.38,14.18
2010,182,24.2,12.96
2010,183,25.68,14.39
2010,184,23.29,14.29
2010,185,22.6,12.25
2010,186,22.96,12.88
2010,187,22.35,9.93
2010,188,22.41,12.96
2010,189,25.59,14.95
2010,190,28.45,13.55
2010,191,27.18,14.8
2010,192,25.59,14.42
2010,193,21.85,14.34
2010,194,22.64,13.87
2010,195,22.31,14.14
2010,196,20.12,14.03
2010,197,20.34,13.39
2010,198,20.34,11.52
2010,199,23.35,9.84
2010,200,26.32,12.59
2010,201,24.83,15.32
2010,202,23.52,13.21
2010,203,20.68,11.61
2010,204,21.22,11.66
2010,205,23.54,12.55
2010,206,24.76,14.32
2010,207,23.17,14.43
2010,208,23.4,15.2
2010,209,23.52,12.69
2010,210,22.33,11.34
2010,211,23.39,10.2
2010,212,24.98,14.94
2010,213,22.23,13.43
2010,214,21.96,11.94
2010,215,23.44,12.18
2010,216,19.42,11.5
2010,217,20.97,10.11
2010,218,19.22,9.45
2010,219,22.81,14.59
2010,220,23.21,12.45
2010,221,23.59,12.42
2010,222,20.26,13.94
2010,223,20.61,9.85
2010,224,19.51,10.43
2010,225,16.64,10.94
2010,226,18.26,11.31
2010,227,21.24,11.92
2010,228,23.3,11.42
2010,229,21.15,13.38
2010,230,20.66,10.27
2010,231,20.6,11.48
2010,232,23.75,14.57
2010,233,25.09,17.49
2010,234,23.19,16.98
2010,235,22.52,11.89
2010,236,19.82,10.32
2010,237,17.33,11.08
2010,238,21.77,13.28
2010,239,18.57,10.34
2010,240,18.86,7.91
2010,241,17.61,9.9
2010,242,18.68,7.46
2010,243,19.77,7.17
2010,244,19.95,8.35
2010,245,20.22,9.66
2010,246,21.14,10.58
2010,247,19.96,9.43
2010,248,18.95,11.33
2010,249,18.18,12.59
2010,250,18.59,11.4
2010,251,17.45,11.52
2010,252,20.89,9.81
2010,253,21.43,11.57
2010,254,21.17,12.92
2010,255,19.41,9.63
2010,256,19.56,8.32
2010,257,20.13,12.47
2010,258,17.37,7.95
2010,259,17.29,8.76
2010,260,16.32,7.37
2010,261,17.1,5.47
2010,262,18.24,9.55
2010,263,21.25,12.48
2010,264,21.23,10.8
2010,265,22.83,9.98
2010,266,17.86,11.28
2010,267,15.76,6.21
2010,268,13.59,4.23
2010,269,13.42,6.03
2010,270,15.89,9.88
2010,271,17.57,10.48
2010,272,16.12,11.22
2010,273,15.71,7.25
2010,274,15.24,10.7
2010,275,16.36,7.71
2010,276,16.91,12.41
2010,277,19.38,9.75
2010,278,18.78,9.65
2010,279,16.64,8.6
2010,280,17.67,7.49
2010,281,19.79,13.03
2010,282,19.39,11.66
2010,283,18.76,9.92
2010,284,17.4,8.4
2010,285,15.49,8.3
2010,286,13.79,7.52
2010,287,12.72,7.02
2010,288,12.43,7.12
2010,289,12.81,3.95
2010,290,12.79,3.16
2010,291,14.19,2.74
2010,292,12.0,4.41
2010,293,8.65,-0.72
2010,294,11.14,-1.33
2010,295,13.19,5.53
2010,296,11.4,4.09
2010,297,9.89,1.87
2010,298,10.3,1.63
2010,299,11.87,3.01
2010,300,15.98,9.07
2010,301,15.51,9.06
2010,302,12.78,10.43
2010,303,13.37,7.44
2010,304,11.43,7.3
2010,305,12.31,6.62
2010,306,14.32,9.93
2010,307,15.2,11.27
2010,308,17.17,12.66
2010,309,16.36,12.42
2010,310,11.32,4.29
2010,311,7.98,2.65
2010,312,5.19,3.99
2010,313,8.02,4.1
2010,314,7.31,-1.7
2010,315,13.86,-0.38
2010,316,11.37,8.75
2010,317,10.77,6.05
2010,318,8.24,4.04
2010,319,7.54,2.09
2010,320,8.32,1.99
2010,321,6.02,4.17
2010,322,9.67,4.06
2010,323,10.57,4.41
2010,324,7.8,5.82
2010,325,7.75,3.64
2010,326,7.19,3.09
2010,327,5.9,1.43
2010,328,4.74,-0.26
2010,329,2.1,-1.65
2010,330,2.52,-2.91
2010,331,1.72,-3.37
2010,332,0.06,-4.18
2010,333,1.63,-1.87
2010,334,0.99,-1.55
2010,335,-0.47,-1.84
2010,336,-1.17,-3.3
2010,337,0.59,-4.98
2010,338,3.1,0.6
2010,339,2.16,-1.89
2010,340,0.19,-3.33
2010,341,0.69,-3.47
2010,342,1.4,-3.94
2010,343,2.38,-4.92
2010,344,3.93,0.03
2010,345,4.22,0.15
2010,346,3.46,-1.32
2010,347,1.58,-0.74
2010,348,3.52,-3.5
2010,349,2.72,-3.37
2010,350,5.47,-4.34
2010,351,-0.69,-4.98
2010,352,-0.04,-3.82
2010,353,0.94,-5.15
2010,354,0.04,-5.91
2010,355,1.8,-1.27
2010,356,1.3,-1.95
2010,357,1.36,-2.78
2010,358,0.67,-2.34
2010,359,0.29,-4.29
2010,360,0.66,-4.76
2010,361,1.88,0.32
2010,362,3.02,1.08
2010,363,4.26,2.11
2010,364,5.21,1.9
2010,365,4.13,1.3
2011,1,4.08,-0.39
2011,2,2.71,-2.72
2011,3,2.1,-2.52
2011,4,3.42,-0.51
2011,5,5.69,1.62
2011,6,3.91,-1.55
2011,7,9.76,-0.63
2011,8,9.36,0.26
2011,9,5.66,-0.74
2011,10,7.13,0.36
2011,11,6.27,0.16
2011,12,10.52,0.94
2011,13,12.5,9.76
2011,14,10.17,6.33
2011,15,9.44,6.4
2011,16,10.94,8.31
2011,17,9.0,3.08
2011,18,4.52,0.66
2011,19,4.63,-0.22
2011,20,4.51,-0.11
2011,21,2.75,-2.16
2011,22,4.51,-1.26
2011,23,7.14,3.76
2011,24,6.21,1.8
2011,25,6.75,3.58
2011,26,6.08,0.04
2011,27,3.24,-1.21
2011,28,1.99,-3.39
2011,29,2.68,-2.1
2011,30,4.43,-2.17
2011,31,3.15,-3.61
2011,32,4.47,-3.09
2011,33,7.85,0.02
2011,34,8.66,2.78
2011,35,10.33,7.48
2011,36,11.02,8.94
2011,37,11.14,8.04
2011,38,10.02,3.18
2011,39,8.89,1.37
2011,40,9.43,4.05
2011,41,8.93,5.82
2011,42,10.8,5.28
2011,43,9.75,3.24
2011,44,7.38,4.54
2011,45,8.81,3.19
2011,46,6.58,3.4
2011,47,9.3,2.82
2011,48,9.91,2.79
2011,49,8.0,1.96
2011,50,5.17,2.79
2011,51,6.17,1.98
2011,52,6.63,1.88
2011,53,7.25,1.05
2011,54,9.07,3.6
2011,55,13.54,4.86
2011,56,13.75,6.06
2011,57,10.15,2.63
2011,58,7.66,2.41
2011,59,5.42,0.73
2011,60,6.55,0.51
2011,61,7.77,0.0
2011,62,7.1,0.09
2011,63,7.55,-2.46
2011,64,6.44,-2.05
2011,65,7.5,-1.88
2011,66,8.62,-2.43
2011,67,9.9,-2.89
2011,68,9.77,2.29
2011,69,11.57,3.71
2011,70,11.12,3.53
2011,71,12.15,4.44
2011,72,10.65,1.81
2011,73,10.78,-0.94
2011,74,12.72,5.9
2011,75,9.88,4.89
2011,76,8.89,3.21
2011,77,7.84,-1.48
2011,78,10.65,-2.82
2011,79,11.88,0.48
2011,80,13.89,4.18
2011,81,15.2,5.12
2011,82,15.72,3.3
2011,83,14.84,3.68
2011,84,16.74,2.98
2011,85,14.55,4.69
2011,86,13.52,4.67
2011,87,13.73,3.72
2011,88,15.36,2.0
2011,89,10.9,5.47
2011,90,16.07,7.39
2011,91,15.9,9.67
2011,92,16.41,7.67
2011,93,13.48,5.32
2011,94,11.95,4.71
2011,95,13.5,7.31
2011,96,20.13,7.46
2011,97,19.82,5.31
2011,98,19.01,4.51
2011,99,17.18,5.09
2011,100,18.2,5.86
2011,101,18.37,5.54
2011,102,12.35,3.67
2011,103,11.17,3.26
2011,104,13.17,3.2
2011,105,15.16,6.16
2011,106,16.17,5.83
2011,107,18.11,6.54
2011,108,17.06,6.67
2011,109,21.65,7.17
2011,110,22.63,8.66
2011,111,22.48,7.77
2011,112,22.38,7.09
2011,113,24.22,10.21
2011,114,22.06,8.81
2011,115,19.72,7.11
2011,116,16.59,6.93
2011,117,15.69,4.63
2011,118,16.77,4.77
2011,119,18.27,7.25
2011,120,17.62,9.16
2011,121,17.01,8.66
2011,122,14.32,6.09
2011,123,13.07,3.13
2011,124,15.27,1.43
2011,125,17.74,5.72
2011,126,20.71,8.2
2011,127,18.73,11.71
2011,128,17.92,9.73
2011,129,18.17,7.55
2011,130,18.96,6.99
2011,131,17.2,7.45
2011,132,16.23,7.04
2011,133,17.06,5.79
2011,134,15.23,5.82
2011,135,15.66,6.27
2011,136,18.65,9.04
2011,137,18.76,9.13
2011,138,17.3,8.99
2011,139,18.62,6.21
2011,140,18.12,7.53
2011,141,19.0,7.07
2011,142,16.89,8.87
2011,143,17.69,7.72
2011,144,17.62,6.16
2011,145,17.26,5.14
2011,146,15.4,8.37
2011,147,16.08,8.34
2011,148,14.4,7.36
2011,149,18.05,10.96
2011,150,20.12,8.76
2011,151,15.55,6.18
2011,152,19.74,5.07
2011,153,22.39,9.97
2011,154,22.31,10.77
2011,155,23.51,10.69
2011,156,19.02,10.78
2011,157,16.33,9.36
2011,158,18.06,9.36
2011,159,17.35,7.37
2011,160,17.73,7.76
2011,161,13.25,6.35
2011,162,16.66,6.62
2011,163,13.8,6.23
2011,164,21.05,11.5
2011,165,21.51,8.44
2011,166,20.12,12.97
2011,167,17.64,9.87
2011,168,14.56,8.14
2011,169,16.81,10.3
2011,170,18.24,9.56
2011,171,19.1,8.86
2011,172,19.98,11.07
2011,173,17.39,10.87
2011,174,17.63,9.65
2011,175,17.93,8.19
2011,176,23.72,11.09
2011,177,26.31,12.39
2011,178,27.68,16.46
2011,179,22.55,13.4
2011,180,20.02,8.65
2011,181,19.63,8.67
2011,182,20.04,7.9
2011,183,21.66,9.91
2011,184,23.26,9.76
2011,185,23.93,13.05
2011,186,25.08,10.76
2011,187,18.66,12.26
2011,188,18.32,11.9
2011,189,18.82,11.5
2011,190,20.86,10.69
2011,191,20.62,12.64
2011,192,21.66,11.1
2011,193,20.06,13.15
2011,194,16.99,9.98
2011,195,19.54,8.68
2011,196,22.73,10.17
2011,197,18.46,11.0
2011,198,19.16,10.49
2011,199,19.01,11.26
2011,200,20.49,9.34
2011,201,17.56,9.74
2011,202,19.18,9.87
2011,203,19.74,10.11
2011,204,16.66,10.67
2011,205,21.98,8.44
2011,206,21.89,9.15
2011,207,20.53,11.13
2011,208,21.42,10.96
2011,209,23.81,10.83
2011,210,21.78,11.14
2011,211,21.53,8.6
2011,212,23.11,9.82
2011,213,25.7,11.92
2011,214,27.12,15.38
2011,215,27.65,15.47
2011,216,21.73,14.24
2011,217,23.66,12.34
2011,218,20.02,12.4
2011,219,19.72,11.43
2011,220,20.0,9.87
2011,221,21.15,9.39
2011,222,23.31,9.69
2011,223,23.19,14.0
2011,224,23.0,13.86
2011,225,23.44,14.46
2011,226,22.72,12.55
2011,227,21.86,9.14
2011,228,21.62,12.41
2011,229,19.92,11.14
2011,230,16.31,10.98
2011,231,20.94,7.6
2011,232,22.55,11.8
2011,233,25.77,13.45
2011,234,22.65,10.67
2011,235,20.07,13.5
2011,236,21.23,11.06
2011,237,19.73,13.17
2011,238,19.01,10.43
2011,239,18.42,8.71
2011,240,18.2,10.11
2011,241,18.44,8.9
2011,242,18.31,7.19
2011,243,19.88,8.82
2011,244,21.03,9.07
2011,245,25.64,12.56
2011,246,24.14,14.56
2011,247,20.56,12.71
2011,248,18.99,10.03
2011,249,17.55,11.81
2011,250,18.44,10.99
2011,251,19.85,12.44
2011,252,22.42,13.66
2011,253,24.22,14.35
2011,254,20.48,13.88
2011,255,21.56,12.26
2011,256,18.89,9.64
2011,257,19.15,8.66
2011,258,19.83,7.67
2011,259,21.31,10.55
2011,260,17.52,9.42
2011,261,15.87,7.66
2011,262,18.9,8.36
2011,263,19.95,12.75
2011,264,18.64,10.97
2011,265,19.0,9.96
2011,266,19.12,7.86
2011,267,20.56,8.74
2011,268,20.72,10.42
2011,269,21.72,12.28
2011,270,22.31,10.46
2011,271,24.33,11.96
2011,272,25.7,12.37
2011,273,26.64,12.2
2011,274,27.07,12.79
2011,275,26.53,11.97
2011,276,24.82,12.79
2011,277,19.81,13.09
2011,278,20.89,14.02
2011,279,16.08,9.4
2011,280,15.44,7.51
2011,281,13.79,7.66
2011,282,20.88,13.05
2011,283,20.79,13.27
2011,284,20.26,13.22
2011,285,19.39,12.48
2011,286,17.16,9.85
2011,287,15.53,6.53
2011,288,16.43,4.25
2011,289,17.15,5.62
2011,290,16.2,6.33
2011,291,12.87,5.34
2011,292,11.85,2.78
2011,293,11.62,1.3
2011,294,13.69,3.07
2011,295,13.0,4.66
2011,296,17.92,10.01
2011,297,15.37,9.94
2011,298,15.4,8.97
2011,299,13.22,8.05
2011,300,12.4,9.85
2011,301,15.08,7.35
2011,302,15.49,9.91
2011,303,17.0,12.09
2011,304,16.16,11.89
2011,305,15.21,7.33
2011,306,14.93,7.6
2011,307,16.37,12.07
2011,308,15.06,10.65
2011,309,14.3,9.2
2011,310,11.75,6.9
2011,311,13.13,8.69
2011,312,10.45,8.06
2011,313,14.7,8.3
2011,314,13.97,7.73
2011,315,11.82,7.45
2011,316,16.18,9.13
2011,317,14.69,7.74
2011,318,10.17,7.74
2011,319,10.96,3.33
2011,320,8.66,5.97
2011,321,13.58,7.24
2011,322,13.81,6.82
2011,323,13.14,5.47
2011,324,11.93,5.4
2011,325,9.31,6.46
2011,326,12.61,7.78
2011,327,8.87,3.74
2011,328,12.03,7.72
2011,329,11.68,5.34
2011,330,11.84,5.36
2011,331,12.11,1.52
2011,332,11.66,-0.07
2011,333,12.61,4.52
2011,334,11.4,4.9
2011,335,11.42,3.83
2011,336,6.64,1.51
2011,337,10.4,5.0
2011,338,7.45,2.99
2011,339,6.03,1.25
2011,340,6.1,2.25
2011,341,7.72,2.13
2011,342,11.52,2.03
2011,343,7.06,-0.69
2011,344,5.33,-1.51
2011,345,7.77,1.25
2011,346,8.99,0.84
2011,347,11.64,4.07
2011,348,4.75,2.56
2011,349,6.89,3.14
2011,350,4.08,0.82
2011,351,4.21,-0.01
2011,352,3.29,-1.92
2011,353,6.1,-1.66
2011,354,6.62,3.9
2011,355,10.72,4.16
2011,356,10.93,6.63
2011,357,9.95,3.91
2011,358,6.59,1.04
2011,359,10.44,6.87
2011,360,11.29,7.52
2011,361,9.56,5.79
2011,362,9.36,3.93
2011,363,8.05,3.37
2011,364,8.83,2.32
2011,365,11.8,8.98
2012,1,11.11,6.62
2012,2,6.47,4.17
2012,3,11.72,4.85
2012,4,8.17,2.51
2012,5,9.97,4.61
2012,6,7.35,1.84
2012,7,8.77,4.12
2012,8,8.63,3.8
2012,9,10.24,5.09
2012,10,9.84,5.29
2012,11,9.57,5.87
2012,12,10.84,2.28
2012,13,5.76,-2.16
2012,14,5.11,-1.96
2012,15,5.24,-1.41
2012,16,5.17,-2.01
2012,17,5.53,-1.91
2012,18,10.41,2.27
2012,19,10.39,3.56
2012,20,8.23,2.4
2012,21,11.25,4.17
2012,22,9.98,3.0
2012,23,8.03,1.49
2012,24,6.6,1.46
2012,25,9.78,5.12
2012,26,7.84,0.82
2012,27,7.42,0.93
2012,28,6.32,1.4
2012,29,4.96,0.22
2012,30,4.01,-2.12
2012,31,2.52,-3.23
2012,32,2.66,-3.3
2012,33,1.13,-4.11
2012,34,1.19,-4.5
2012,35,1.36,-4.99
2012,36,1.59,-1.67
2012,37,2.38,-1.07
2012,38,1.21,-6.23
2012,39,1.15,-4.14
2012,40,0.86,-4.01
2012,41,1.13,-6.99
2012,42,1.35,-7.49
2012,43,3.06,-7.73
2012,44,4.05,-0.44
2012,45,4.85,0.6
2012,46,9.53,2.12
2012,47,9.23,3.02
2012,48,10.34,4.48
2012,49,10.24,0.75
2012,50,5.68,-1.24
2012,51,7.73,-2.89
2012,52,10.95,3.3
2012,53,8.69,4.57
2012,54,16.61,8.36
2012,55,13.75,5.85
2012,56,10.95,1.49
2012,57,11.62,0.85
2012,58,9.99,4.53
2012,59,14.35,7.11
2012,60,12.59,5.52
2012,61,14.36,5.48
2012,62,10.12,4.65
2012,63,12.22,6.03
2012,64,8.03,2.98
2012,65,7.58,2.02
2012,66,8.6,1.37
2012,67,11.47,1.77
2012,68,11.13,0.8
2012,69,11.9,2.74
2012,70,15.71,5.78
2012,71,15.18,5.41
2012,72,14.48,4.64
2012,73,11.43,3.89
2012,74,11.62,2.14
2012,75,15.57,2.99
2012,76,11.78,6.29
2012,77,9.95,5.07
2012,78,9.21,0.87
2012,79,12.35,-0.24
2012,80,12.8,2.26
2012,81,15.29,4.26
2012,82,16.31,4.45
2012,83,19.11,6.33
2012,84,18.12,3.96
2012,85,14.8,2.63
2012,86,17.15,2.68
2012,87,17.12,1.69
2012,88,19.28,2.95
2012,89,17.95,3.27
2012,90,16.32,6.12
2012,91,12.0,1.11
2012,92,12.23,-0.95
2012,93,14.6,3.0
2012,94,12.85,3.45
2012,95,10.6,3.38
2012,96,10.48,0.23
2012,97,11.75,-2.94
2012,98,11.56,2.66
2012,99,12.64,2.41
2012,100,10.21,7.06
2012,101,11.58,3.53
2012,102,11.38,2.81
2012,103,11.2,1.43
2012,104,11.76,1.0
2012,105,11.63,3.45
2012,106,8.81,0.45
2012,107,11.0,-2.18
2012,108,12.47,2.64
2012,109,9.54,5.0
2012,110,10.37,5.52
2012,111,11.25,4.16
2012,112,10.84,2.47
2012,113,12.24,4.19
2012,114,8.82,4.62
2012,115,11.34,5.3
2012,116,12.58,5.58
2012,117,13.39,7.83
2012,118,14.36,7.5
2012,119,11.49,4.08
2012,120,15.11,4.26
2012,121,16.71,7.05
2012,122,16.28,7.29
2012,123,14.6,6.61
2012,124,10.06,6.95
2012,125,11.18,5.85
2012,126,11.38,3.63
2012,127,10.55,3.17
2012,128,13.08,3.81
2012,129,16.58,8.6
2012,130,15.97,9.13
2012,131,17.78,12.57
2012,132,15.93,5.83
2012,133,14.72,3.35
2012,134,16.11,3.64
2012,135,11.8,5.46
2012,136,10.46,4.25
2012,137,13.94,2.03
2012,138,13.35,5.47
2012,139,15.47,7.51
2012,140,17.63,8.52
2012,141,16.99,7.14
2012,142,19.0,7.93
2012,143,23.0,8.65
2012,144,24.68,10.8
2012,145,24.84,12.3
2012,146,22.44,12.53
2012,147,22.35,11.13
2012,148,24.04,10.65
2012,149,24.28,9.79
2012,150,22.36,11.96
2012,151,23.01,11.1
2012,152,19.77,12.08
2012,153,20.71,11.8
2012,154,17.8,10.6
2012,155,14.53,11.03
2012,156,14.43,6.55
2012,157,14.58,6.72
2012,158,17.94,10.98
2012,159,18.7,10.1
2012,160,16.59,9.8
2012,161,17.22,9.19
2012,162,17.01,7.61
2012,163,14.91,10.44
2012,164,14.08,6.96
2012,165,17.15,5.95
2012,166,17.46,7.04
2012,167,17.49,11.4
2012,168,16.98,11.03
2012,169,18.37,10.44
2012,170,18.32,9.33
2012,171,19.5,7.83
2012,172,20.86,12.1
2012,173,20.98,10.42
2012,174,17.71,10.53
2012,175,17.86,10.32
2012,176,18.86,11.0
2012,177,20.47,10.02
2012,178,21.62,10.32
2012,179,23.04,14.56
2012,180,25.77,12.72
2012,181,20.01,11.78
2012,182,19.49,11.27
2012,183,17.7,9.62
2012,184,17.64,10.72
2012,185,20.19,14.25
2012,186,21.44,14.34
2012,187,22.2,13.89
2012,188,19.94,11.63
2012,189,18.53,11.33
2012,190,18.89,12.4
2012,191,20.38,11.86
2012,192,18.34,11.75
2012,193,17.96,10.09
2012,194,18.45,9.29
2012,195,19.59,12.71
2012,196,16.98,10.87
2012,197,18.57,8.58
2012,198,17.92,9.87
2012,199,22.85,12.0
2012,200,19.25,13.12
2012,201,19.52,11.86
2012,202,17.72,10.83
2012,203,18.99,9.23
2012,204,21.67,9.99
2012,205,25.07,10.72
2012,206,26.44,12.58
2012,207,27.72,14.3
2012,208,25.5,13.49
2012,209,24.65,13.7
2012,210,20.13,10.94
2012,211,18.02,9.02
2012,212,18.82,8.36
2012,213,19.37,11.68
2012,214,23.02,13.0
2012,215,20.46,13.5
2012,216,20.58,11.59
2012,217,20.29,12.48
2012,218,20.02,11.13
2012,219,19.75,10.98
2012,220,19.14,10.36
2012,221,22.0,13.64
2012,222,24.66,13.1
2012,223,25.35,13.05
2012,224,22.52,12.19
2012,225,23.53,13.64
2012,226,21.68,14.0
2012,227,23.78,14.81
2012,228,23.47,15.24
2012,229,21.41,14.67
2012,230,25.47,15.64
2012,231,28.74,16.94
2012,232,28.75,16.4
2012,233,23.97,15.31
2012,234,22.05,13.74
2012,235,21.0,11.32
2012,236,20.61,11.17
2012,237,19.59,11.06
2012,238,21.12,13.21
2012,239,20.77,11.43
2012,240,20.81,11.33
2012,241,21.36,13.43
2012,242,18.2,12.57
2012,243,18.61,7.94
2012,244,17.41,5.71
2012,245,20.56,11.09
2012,246,20.31,10.43
2012,247,23.37,10.58
2012,248,24.63,11.33
2012,249,19.85,8.82
2012,250,20.87,8.99
2012,251,24.52,9.31
2012,252,24.84,10.5
2012,253,25.82,9.66
2012,254,20.89,14.59
2012,255,17.41,8.16
2012,256,17.16,6.13
2012,257,18.01,6.72
2012,258,20.47,9.56
2012,259,19.1,7.59
2012,260,19.14,10.45
2012,261,18.98,9.29
2012,262,16.24,7.04
2012,263,15.82,5.75
2012,264,16.47,6.84
2012,265,14.89,8.69
2012,266,15.49,5.75
2012,267,11.61,9.1
2012,268,16.17,9.69
2012,269,14.81,8.57
2012,270,14.33,9.03
2012,271,16.18,7.66
2012,272,16.31,7.09
2012,273,15.45,5.69
2012,274,16.61,4.44
2012,275,16.79,10.31
2012,276,16.13,9.96
2012,277,13.78,7.47
2012,278,15.07,6.65
2012,279,15.94,9.32
2012,280,14.86,5.82
2012,281,13.89,4.4
2012,282,13.56,7.93
2012,283,13.83,7.29
2012,284,14.65,7.43
2012,285,14.62,8.08
2012,286,13.4,6.26
2012,287,11.85,5.65
2012,288,11.8,3.35
2012,289,13.42,2.52
2012,290,14.14,6.89
2012,291,15.6,9.64
2012,292,15.57,11.1
2012,293,12.51,9.39
2012,294,14.6,7.16
2012,295,12.03,8.45
2012,296,18.6,9.75
2012,297,17.19,9.41
2012,298,17.04,9.21
2012,299,13.96,8.05
2012,300,9.22,2.07
2012,301,7.43,1.32
2012,302,8.46,1.01
2012,303,12.05,5.78
2012,304,10.11,4.38
2012,305,11.23,4.94
2012,306,10.31,3.65
2012,307,8.12,3.0
2012,308,8.76,1.97
2012,309,6.84,2.0
2012,310,9.06,1.53
2012,311,9.03,1.39
2012,312,8.54,4.26
2012,313,11.86,6.68
2012,314,11.12,6.32
2012,315,9.34,2.62
2012,316,9.05,2.35
2012,317,10.67,2.23
2012,318,13.75,7.87
2012,319,11.98,4.17
2012,320,8.54,4.26
2012,321,9.14,4.96
2012,322,11.44,3.67
2012,323,8.37,1.08
2012,324,10.15,3.1
2012,325,12.5,9.72
2012,326,10.57,4.54
2012,327,11.89,5.99
2012,328,9.85,3.05
2012,329,10.05,4.48
2012,330,11.51,5.33
2012,331,8.97,5.4
2012,332,7.48,4.45
2012,333,6.1,0.49
2012,334,4.51,0.28
2012,335,4.1,-2.03
2012,336,4.71,-2.63
2012,337,3.73,-3.31
2012,338,8.82,1.88
2012,339,6.01,0.78
2012,340,2.64,-3.03
2012,341,3.78,-4.4
2012,342,4.45,1.42
2012,343,4.65,-0.88
2012,344,6.78,1.99
2012,345,3.9,-0.54
2012,346,2.88,-2.59
2012,347,2.57,-3.03
2012,348,1.97,-2.99
2012,349,9.25,2.25
2012,350,9.38,5.73
2012,351,8.15,5.52
2012,352,7.54,4.64
2012,353,6.62,2.7
2012,354,5.87,2.67
2012,355,8.08,5.86
2012,356,8.44,6.0
2012,357,12.02,6.0
2012,358,11.85,6.19
2012,359,10.71,5.87
2012,360,8.66,4.25
2012,361,9.68,4.07
2012,362,7.36,3.4
2012,363,10.62,3.4
2012,364,10.31,6.21
2012,365,8.54,4.63
2012,366,10.05,8.06
2013,1,7.15,2.38
2013,2,8.36,2.54
2013,3,10.55,6.54
2013,4,8.74,7.0
2013,5,10.01,5.71
2013,6,7.4,5.0
2013,7,7.7,6.4
2013,8,10.32,7.4
2013,9,8.41,0.33
2013,10,2.45,0.25
2013,11,4.86,-0.17
2013,12,3.72,-0.19
2013,13,2.56,-2.59
2013,14,1.39,-2.28
2013,15,1.93,-2.82
2013,16,1.21,-3.63
2013,17,2.5,-3.98
2013,18,-0.77,-2.23
2013,19,1.13,-1.82
2013,20,-0.44,-3.04
2013,21,1.03,-4.57
2013,22,1.44,-4.8
2013,23,1.86,-2.15
2013,24,1.6,-2.16
2013,25,1.04,-3.67
2013,26,4.5,-0.45
2013,27,7.89,3.5
2013,28,9.69,1.19
2013,29,12.52,8.52
2013,30,11.53,3.75
2013,31,9.69,4.22
2013,32,5.91,1.74
2013,33,4.11,-3.09
2013,34,7.28,-3.53
2013,35,8.75,4.32
2013,36,4.5,1.09
2013,37,4.93,0.06
2013,38,4.07,-2.01
2013,39,4.87,-1.56
2013,40,4.55,-0.19
2013,41,3.7,0.19
2013,42,2.14,-1.58
2013,43,2.26,-1.74
2013,44,2.21,-1.72
2013,45,9.38,1.66
2013,46,6.8,1.34
2013,47,9.02,-0.1
2013,48,8.19,-1.56
2013,49,7.46,-1.4
2013,50,8.62,-1.28
2013,51,5.08,-1.07
2013,52,2.13,-2.1
2013,53,1.9,-1.75
2013,54,1.68,-1.92
2013,55,2.61,-1.94
2013,56,5.01,-0.42
2013,57,5.7,1.09
2013,58,6.33,1.03
2013,59,6.78,0.49
2013,60,8.11,-0.86
2013,61,6.28,-1.27
2013,62,7.42,-1.25
2013,63,8.49,-0.44
2013,64,13.49,1.87
2013,65,13.2,3.21
2013,66,9.09,5.53
2013,67,10.5,6.04
2013,68,6.55,1.14
2013,69,4.35,-1.1
2013,70,-0.32,-2.16
2013,71,2.47,-2.42
2013,72,4.28,-2.98
2013,73,4.28,-2.87
2013,74,6.99,0.18
2013,75,5.95,4.3
2013,76,7.26,1.22
2013,77,6.88,0.33
2013,78,7.01,1.53
2013,79,6.59,-1.26
2013,80,5.21,-2.15
2013,81,6.26,1.22
2013,82,2.17,0.29
2013,83,1.32,-0.79
2013,84,2.85,-2.07
2013,85,2.56,-1.47
2013,86,3.93,-2.66
2013,87,4.66,-3.08
2013,88,5.03,-3.27
2013,89,4.75,-3.05
2013,90,5.14,-3.46
2013,91,5.33,-2.07
2013,92,6.74,-2.25
2013,93,5.3,-2.16
2013,94,3.61,-1.47
2013,95,6.35,-0.95
2013,96,9.28,-1.92
2013,97,8.5,-2.56
2013,98,8.52,1.92
2013,99,7.44,2.03
2013,100,10.12,1.68
2013,101,10.66,4.13
2013,102,11.66,5.06
2013,103,11.14,3.99
2013,104,17.97,9.13
2013,105,14.26,7.34
2013,106,14.12,6.79
2013,107,14.78,6.66
2013,108,12.55,4.64
2013,109,10.93,1.98
2013,110,12.44,-0.92
2013,111,13.39,0.12
2013,112,13.89,5.44
2013,113,17.76,7.73
2013,114,18.61,7.18
2013,115,19.48,8.33
2013,116,10.85,3.02
2013,117,8.97,0.71
2013,118,11.39,0.32
2013,119,12.66,4.57
2013,120,13.55,1.46
2013,121,14.87,2.27
2013,122,15.29,0.75
2013,123,17.52,3.35
2013,124,14.9,5.88
2013,125,18.0,5.35
2013,126,19.72,8.62
2013,127,19.83,7.79
2013,128,16.2,7.24
2013,129,13.01,5.87
2013,130,15.67,8.77
2013,131,14.39,6.19
2013,132,12.18,4.29
2013,133,13.74,6.71
2013,134,10.5,5.99
2013,135,11.6,5.65
2013,136,14.62,5.0
2013,137,13.5,4.84
2013,138,14.36,4.61
2013,139,17.78,5.91
2013,140,17.38,10.04
2013,141,14.9,9.66
2013,142,14.14,5.55
2013,143,9.24,3.8
2013,144,9.15,3.6
2013,145,14.77,4.85
2013,146,17.59,5.61
2013,147,15.75,4.62
2013,148,13.0,7.6
2013,149,12.7,6.27
2013,150,14.32,8.99
2013,151,19.83,9.03
2013,152,17.21,8.17
2013,153,17.16,6.32
2013,154,17.03,4.55
2013,155,18.31,5.53
2013,156,18.98,5.99
2013,157,20.0,7.16
2013,158,20.43,8.21
2013,159,17.47,7.55
2013,160,16.49,8.94
2013,161,16.63,7.66
2013,162,17.67,6.94
2013,163,18.73,13.03
2013,164,17.41,9.31
2013,165,16.88,7.74
2013,166,15.85,10.3
2013,167,16.78,9.78
2013,168,15.91,10.49
2013,169,23.89,11.91
2013,170,24.38,13.78
2013,171,22.51,13.15
2013,172,19.57,12.46
2013,173,18.0,11.1
2013,174,17.86,9.84
2013,175,16.92,8.25
2013,176,18.94,6.74
2013,177,20.07,10.3
2013,178,18.64,9.64
2013,179,18.92,11.63
2013,180,19.83,11.19
2013,181,23.33,12.41
2013,182,19.47,11.4
2013,183,19.54,9.75
2013,184,19.94,12.6
2013,185,23.28,10.0
2013,186,23.24,10.81
2013,187,24.67,10.76
2013,188,25.66,12.94
2013,189,23.73,11.64
2013,190,23.2,11.12
2013,191,22.96,9.73
2013,192,20.92,9.32
2013,193,22.47,8.62
2013,194,27.24,12.87
2013,195,26.8,14.44
2013,196,26.66,13.53
2013,197,26.34,15.17
2013,198,27.38,15.48
2013,199,26.02,13.54
2013,200,25.36,12.5
2013,201,23.05,14.13
2013,202,24.3,14.41
2013,203,28.29,14.54
2013,204,25.76,16.18
2013,205,25.46,13.36
2013,206,24.48,13.64
2013,207,24.71,12.8
2013,208,23.45,14.45
2013,209,21.9,13.8
2013,210,21.44,14.43
2013,211,20.95,14.15
2013,212,23.52,14.13
2013,213,29.11,14.55
2013,214,24.35,14.32
2013,215,22.42,13.67
2013,216,22.3,12.67
2013,217,22.96,15.23
2013,218,22.02,10.91
2013,219,19.86,11.55
2013,220,22.84,9.2
2013,221,23.45,13.17
2013,222,21.53,10.97
2013,223,22.6,12.4
2013,224,20.79,11.65
2013,225,19.36,8.96
2013,226,22.61,9.44
2013,227,23.74,14.93
2013,228,21.46,13.88
2013,229,20.21,10.63
2013,230,22.57,13.59
2013,231,21.99,10.41
2013,232,23.09,9.97
2013,233,23.35,11.33
2013,234,23.33,15.04
2013,235,25.12,15.89
2013,236,19.61,13.62
2013,237,22.25,12.96
2013,238,24.1,12.3
2013,239,21.77,9.8
2013,240,22.42,9.46
2013,241,22.78,12.45
2013,242,23.82,12.74
2013,243,19.39,10.57
2013,244,20.69,8.48
2013,245,23.99,9.92
2013,246,24.14,12.45
2013,247,25.44,13.33
2013,248,27.9,14.71
2013,249,18.75,10.6
2013,250,17.77,9.2
2013,251,16.26,7.27
2013,252,15.58,7.13
2013,253,15.84,8.04
2013,254,16.9,9.16
2013,255,18.9,10.3
2013,256,21.44,13.8
2013,257,15.96,8.09
2013,258,14.76,5.78
2013,259,13.88,6.6
2013,260,13.36,6.8
2013,261,16.06,7.21
2013,262,17.09,5.59
2013,263,18.47,7.28
2013,264,19.46,7.41
2013,265,22.66,11.33
2013,266,21.33,11.05
2013,267,21.41,10.0
2013,268,20.67,11.86
2013,269,18.44,9.87
2013,270,17.58,9.34
2013,271,18.78,10.5
2013,272,18.04,11.42
2013,273,19.1,11.36
2013,274,17.02,10.93
2013,275,20.16,12.85
2013,276,18.16,13.71
2013,277,20.64,12.05
2013,278,18.53,9.62
2013,279,18.79,8.19
2013,280,19.61,8.6
2013,281,20.33,10.32
2013,282,16.42,6.47
2013,283,11.83,5.49
2013,284,12.99,7.72
2013,285,13.19,5.9
2013,286,11.0,6.64
2013,287,11.54,6.51
2013,288,12.82,5.09
2013,289,15.39,4.59
2013,290,17.19,8.66
2013,291,15.74,8.43
2013,292,16.37,11.85
2013,293,15.19,12.05
2013,294,17.57,12.48
2013,295,17.49,14.19
2013,296,16.69,7.28
2013,297,16.27,6.55
2013,298,17.65,12.64
2013,299,17.17,12.94
2013,300,14.82,10.87
2013,301,15.76,8.15
2013,302,11.75,4.62
2013,303,13.54,4.76
2013,304,13.04,10.58
2013,305,13.53,8.54
2013,306,14.29,8.41
2013,307,10.77,6.12
2013,308,9.8,1.45
2013,309,11.31,0.81
2013,310,13.86,6.52
2013,311,13.23,4.81
2013,312,10.29,4.85
2013,313,7.22,3.97
2013,314,8.62,2.23
2013,315,11.64,2.9
2013,316,11.91,2.36
2013,317,9.3,2.12
2013,318,9.32,2.91
2013,319,8.98,1.32
2013,320,7.48,0.7
2013,321,8.12,4.03
2013,322,7.89,4.87
2013,323,5.27,-1.26
2013,324,6.16,-2.17
2013,325,7.08,1.58
2013,326,7.28,0.67
2013,327,6.98,2.95
2013,328,7.5,2.25
2013,329,6.54,1.11
2013,330,6.7,-0.77
2013,331,8.09,3.46
2013,332,8.63,5.11
2013,333,8.47,3.81
2013,334,7.36,1.14
2013,335,8.08,1.24
2013,336,9.06,3.59
2013,337,5.94,2.43
2013,338,7.16,-0.93
2013,339,8.67,-0.98
2013,340,6.62,0.1
2013,341,8.0,3.66
2013,342,9.74,4.46
2013,343,8.67,2.44
2013,344,7.86,1.81
2013,345,7.96,2.17
2013,346,8.63,3.76
2013,347,9.63,5.66
2013,348,10.24,2.39
2013,349,11.16,6.23
2013,350,11.96,6.59
2013,351,6.79,3.41
2013,352,9.49,4.99
2013,353,8.79,2.71
2013,354,8.64,1.07
2013,355,10.74,6.91
2013,356,8.53,3.32
2013,357,11.41,3.22
2013,358,11.85,5.01
2013,359,6.92,2.22
2013,360,6.66,1.19
2013,361,11.38,4.77
2013,362,7.27,1.73
2013,363,6.18,1.04
2013,364,9.51,4.09
2013,365,9.06,4.03
2014,1,10.28,5.08
2014,2,9.4,5.56
2014,3,10.13,6.04
2014,4,8.82,3.21
2014,5,11.48,1.72
2014,6,11.56,9.37
2014,7,10.19,7.76
2014,8,10.2,6.16
2014,9,10.15,2.71
2014,10,8.79,3.12
2014,11,7.29,0.22
2014,12,8.82,-0.8
2014,13,8.16,3.2
2014,14,5.79,1.35
2014,15,9.81,5.04
2014,16,9.42,6.98
2014,17,8.44,6.0
2014,18,8.1,6.5
2014,19,7.2,0.5
2014,20,7.01,0.4
2014,21,6.92,0.44
2014,22,7.76,4.03
2014,23,7.52,2.34
2014,24,7.27,2.21
2014,25,9.25,2.63
2014,26,8.15,0.93
2014,27,7.13,1.89
2014,28,7.76,4.53
2014,29,4.66,2.82
2014,30,5.34,2.53
2014,31,7.29,2.23
2014,32,8.73,3.42
2014,33,8.48,3.62
2014,34,7.19,2.76
2014,35,7.37,3.07
2014,36,8.34,4.2
2014,37,9.76,4.33
2014,38,8.54,2.96
2014,39,8.67,5.09
2014,40,7.04,2.46
2014,41,7.86,1.79
2014,42,5.9,0.66
2014,43,7.21,1.15
2014,44,6.62,1.98
2014,45,11.41,0.76
2014,46,9.06,3.74
2014,47,8.86,1.7
2014,48,9.73,4.14
2014,49,10.33,5.04
2014,50,10.05,3.88
2014,51,11.5,4.67
2014,52,8.34,2.39
2014,53,10.01,3.27
2014,54,11.19,6.4
2014,55,12.89,5.71
2014,56,9.44,3.99
2014,57,9.45,3.28
2014,58,9.69,3.05
2014,59,6.88,2.34
2014,60,7.63,0.2
2014,61,9.25,0.09
2014,62,8.0,1.65
2014,63,9.42,0.47
2014,64,11.7,-0.34
2014,65,12.63,4.6
2014,66,14.49,4.05
2014,67,13.66,4.46
2014,68,16.48,5.41
2014,69,12.82,3.41
2014,70,11.69,3.74
2014,71,14.24,3.87
2014,72,15.61,3.84
2014,73,14.65,3.53
2014,74,14.99,6.01
2014,75,16.25,6.0
2014,76,13.46,6.41
2014,77,12.18,5.54
2014,78,13.32,5.84
2014,79,13.47,5.9
2014,80,10.73,5.07
2014,81,8.21,2.29
2014,82,8.7,0.56
2014,83,9.79,-0.92
2014,84,9.19,1.74
2014,85,7.2,0.79
2014,86,9.37,0.1
2014,87,12.1,3.41
2014,88,16.31,5.9
2014,89,17.35,5.74
2014,90,16.02,6.85
2014,91,17.88,5.69
2014,92,16.14,7.72
2014,93,17.28,8.09
2014,94,15.93,6.98
2014,95,14.57,6.45
2014,96,16.56,11.11
2014,97,14.0,6.33
2014,98,12.0,4.26
2014,99,15.63,3.96
2014,100,15.0,4.73
2014,101,15.21,6.12
2014,102,12.87,5.23
2014,103,14.93,4.83
2014,104,14.4,3.64
2014,105,13.1,0.63
2014,106,14.36,1.49
2014,107,15.98,3.76
2014,108,12.34,2.17
2014,109,12.61,0.98
2014,110,13.57,5.76
2014,111,17.48,6.01
2014,112,14.86,7.88
2014,113,16.28,6.27
2014,114,15.88,6.49
2014,115,14.95,7.61
2014,116,13.55,8.06
2014,117,13.51,7.54
2014,118,15.78,7.22
2014,119,15.5,7.29
2014,120,17.78,6.24
2014,121,14.23,6.96
2014,122,12.96,3.16
2014,123,13.38,0.42
2014,124,15.32,2.42
2014,125,17.29,3.18
2014,126,16.82,8.74
2014,127,15.59,8.33
2014,128,16.27,9.01
2014,129,15.62,9.33
2014,130,16.27,8.92
2014,131,13.22,7.31
2014,132,14.05,6.68
2014,133,13.93,5.98
2014,134,16.83,5.74
2014,135,19.3,5.82
2014,136,20.11,6.96
2014,137,21.84,11.3
2014,138,21.05,10.33
2014,139,22.38,10.7
2014,140,19.38,11.01
2014,141,17.32,9.07
2014,142,17.29,11.3
2014,143,16.1,9.74
2014,144,14.95,8.69
2014,145,16.83,8.15
2014,146,17.25,8.47
2014,147,14.79,9.79
2014,148,15.26,9.75
2014,149,18.31,10.35
2014,150,17.19,9.16
2014,151,18.7,6.9
2014,152,20.08,9.39
2014,153,19.31,11.69
2014,154,17.99,10.72
2014,155,15.13,9.13
2014,156,17.48,8.27
2014,157,20.69,7.45
2014,158,21.15,12.32
2014,159,22.09,11.34
2014,160,22.27,13.67
2014,161,20.32,10.46
2014,162,20.83,9.01
2014,163,23.03,12.1
2014,164,23.35,13.66
2014,165,19.93,12.13
2014,166,16.84,10.19
2014,167,17.54,9.16
2014,168,19.59,9.98
2014,169,20.4,9.99
2014,170,21.84,10.13
2014,171,19.61,9.22
2014,172,22.3,9.82
2014,173,22.47,11.02
2014,174,23.27,11.67
2014,175,22.35,11.84
2014,176,19.57,10.59
2014,177,19.82,10.48
2014,178,20.02,11.38
2014,179,18.17,9.89
2014,180,18.47,9.37
2014,181,18.0,9.55
2014,182,20.55,8.86
2014,183,22.04,9.07
2014,184,23.89,11.24
2014,185,24.61,11.9
2014,186,21.56,14.48
2014,187,19.46,11.9
2014,188,20.14,9.44
2014,189,19.33,10.73
2014,190,20.1,10.94
2014,191,19.06,11.05
2014,192,20.03,10.26
2014,193,24.71,11.27
2014,194,22.46,12.52
2014,195,22.5,9.9
2014,196,24.28,15.06
2014,197,25.37,12.37
2014,198,26.4,14.7
2014,199,27.96,16.29
2014,200,25.85,17.54
2014,201,22.78,16.12
2014,202,24.51,15.42
2014,203,25.31,13.63
2014,204,26.37,14.3
2014,205,26.49,14.84
2014,206,25.61,15.3
2014,207,26.7,14.52
2014,208,22.4,16.37
2014,209,21.34,14.07
2014,210,24.78,13.36
2014,211,24.11,12.11
2014,212,23.72,12.49
2014,213,22.94,13.34
2014,214,21.95,12.81
2014,215,22.45,10.08
2014,216,22.18,11.65
2014,217,22.65,10.82
2014,218,24.44,15.68
2014,219,24.31,13.23
2014,220,22.62,14.29
2014,221,21.55,13.4
2014,222,22.44,13.24
2014,223,19.75,11.48
2014,224,18.97,10.94
2014,225,20.51,10.32
2014,226,18.87,10.19
2014,227,18.95,9.8
2014,228,20.57,10.42
2014,229,19.45,10.99
2014,230,19.22,9.15
2014,231,16.42,8.14
2014,232,17.93,5.49
2014,233,18.37,6.28
2014,234,19.15,10.12
2014,235,17.72,6.7
2014,236,18.1,6.02
2014,237,17.46,10.6
2014,238,18.07,11.7
2014,239,20.07,9.58
2014,240,21.84,12.61
2014,241,20.18,12.15
2014,242,19.42,12.31
2014,243,20.58,10.52
2014,244,20.31,9.92
2014,245,21.5,10.65
2014,246,22.66,12.05
2014,247,22.14,11.71
2014,248,21.27,13.0
2014,249,21.07,14.41
2014,250,20.48,10.75
2014,251,21.08,10.0
2014,252,20.87,9.87
2014,253,19.98,9.75
2014,254,19.93,8.43
2014,255,21.42,11.44
2014,256,21.14,11.08
2014,257,20.79,11.14
2014,258,20.81,11.79
2014,259,22.5,12.03
2014,260,22.58,13.04
2014,261,22.75,14.87
2014,262,22.97,14.38
2014,263,21.71,13.43
2014,264,18.03,8.28
2014,265,18.22,6.02
2014,266,16.93,6.75
2014,267,17.73,8.27
2014,268,20.08,6.11
2014,269,21.58,12.71
2014,270,20.87,10.58
2014,271,22.78,12.57
2014,272,19.54,12.56
2014,273,20.85,10.31
2014,274,20.67,13.16
2014,275,20.19,11.32
2014,276,20.67,9.98
2014,277,17.13,5.49
2014,278,15.65,3.05
2014,279,12.51,7.04
2014,280,14.15,6.44
2014,281,16.93,6.58
2014,282,16.85,10.93
2014,283,16.88,8.05
2014,284,15.75,8.13
2014,285,13.33,7.32
2014,286,16.84,10.89
2014,287,15.39,10.0
2014,288,15.16,8.66
2014,289,17.14,8.3
2014,290,18.38,11.8
2014,291,20.03,15.32
2014,292,18.53,12.02
2014,293,15.55,10.84
2014,294,13.42,6.17
2014,295,12.71,4.7
2014,296,15.04,7.71
2014,297,16.79,8.57
2014,298,14.43,6.17
2014,299,14.74,8.37
2014,300,17.6,9.19
2014,301,17.44,11.4
2014,302,13.5,10.49
2014,303,19.03,12.24
2014,304,19.97,12.64
2014,305,16.38,10.63
2014,306,15.22,9.4
2014,307,10.4,5.16
2014,308,10.97,2.76
2014,309,10.23,1.07
2014,310,11.59,-0.11
2014,311,12.25,7.71
2014,312,13.49,6.72
2014,313,11.73,5.99
2014,314,12.11,6.87
2014,315,11.93,8.03
2014,316,11.92,8.28
2014,317,11.88,8.62
2014,318,12.53,6.04
2014,319,10.4,5.75
2014,320,9.94,6.02
2014,321,8.93,5.94
2014,322,11.29,5.35
2014,323,10.49,6.2
2014,324,10.25,6.85
2014,325,8.31,6.99
2014,326,14.12,8.8
2014,327,10.16,3.73
2014,328,7.52,1.56
2014,329,8.27,2.11
2014,330,9.42,6.61
2014,331,10.49,7.14
2014,332,11.22,8.82
2014,333,11.53,5.55
2014,334,10.78,5.48
2014,335,7.16,3.61
2014,336,7.27,3.49
2014,337,7.85,2.79
2014,338,3.91,0.92
2014,339,4.03,0.18
2014,340,4.14,-1.04
2014,341,8.94,0.64
2014,342,5.3,1.06
2014,343,10.49,-0.13
2014,344,10.9,3.25
2014,345,7.62,3.83
2014,346,9.77,1.14
2014,347,4.94,-2.13
2014,348,7.94,-1.83
2014,349,8.24,2.51
2014,350,5.78,1.41
2014,351,11.66,5.93
2014,352,12.64,9.75
2014,353,11.52,3.47
2014,354,7.89,3.03
2014,355,10.62,3.57
2014,356,11.49,9.73
2014,357,11.59,8.57
2014,358,10.57,2.54
2014,359,6.91,1.65
2014,360,7.5,1.18
2014,361,6.27,0.94
2014,362,4.36,-2.83
2014,363,3.01,-2.6
2014,364,4.56,-1.98
2014,365,6.15,0.15
2015,1,10.26,4.73
2015,2,11.48,1.26
2015,3,6.5,1.72
2015,4,3.46,-2.12
2015,5,8.23,3.69
2015,6,9.53,1.0
2015,7,8.83,0.84
2015,8,10.22,5.16
2015,9,12.86,6.93
2015,10,12.26,1.81
2015,11,6.36,2.02
2015,12,10.99,6.35
2015,13,10.64,2.22
2015,14,8.15,1.89
2015,15,10.34,3.58
2015,16,5.23,-3.15
2015,17,4.02,-3.65
2015,18,2.99,-2.9
2015,19,3.05,-1.57
2015,20,3.11,-1.88
2015,21,3.38,-0.33
2015,22,3.99,-3.51
2015,23,5.2,-3.13
2015,24,5.68,-1.66
2015,25,7.33,-2.05
2015,26,8.17,1.68
2015,27,8.33,1.63
2015,28,9.65,1.4
2015,29,4.25,-0.55
2015,30,4.44,-0.99
2015,31,3.09,-1.5
2015,32,3.72,-3.86
2015,33,2.12,-4.29
2015,34,3.58,-1.91
2015,35,3.88,-1.56
2015,36,3.85,-2.14
2015,37,4.22,-1.66
2015,38,5.83,-1.84
2015,39,7.07,-0.1
2015,40,7.93,1.16
2015,41,6.5,1.44
2015,42,5.21,0.62
2015,43,5.1,-0.61
2015,44,7.36,0.34
2015,45,8.18,4.72
2015,46,8.93,0.47
2015,47,8.5,1.0
2015,48,7.96,-0.47
2015,49,8.77,-1.73
2015,50,7.37,2.63
2015,51,6.26,-0.28
2015,52,5.69,-1.02
2015,53,8.12,-1.67
2015,54,6.88,2.3
2015,55,8.44,2.55
2015,56,10.8,2.97
2015,57,11.34,0.17
2015,58,7.92,-1.02
2015,59,9.01,2.12
2015,60,9.94,2.72
2015,61,6.46,1.21
2015,62,7.09,0.55
2015,63,8.64,0.23
2015,64,10.27,-2.27
2015,65,10.74,1.67
2015,66,11.2,4.3
2015,67,11.91,3.07
2015,68,10.34,1.82
2015,69,10.58,0.99
2015,70,11.64,-0.52
2015,71,11.39,2.89
2015,72,9.22,1.23
2015,73,8.43,-0.06
2015,74,8.19,2.94
2015,75,8.12,2.78
2015,76,11.88,3.09
2015,77,10.31,1.93
2015,78,8.56,2.58
2015,79,11.73,2.09
2015,80,9.0,3.46
2015,81,9.33,-1.36
2015,82,10.77,-1.67
2015,83,8.68,1.15
2015,84,8.31,0.02
2015,85,12.3,1.59
2015,86,10.94,1.61
2015,87,14.36,5.59
2015,88,12.94,5.69
2015,89,10.64,3.07
2015,90,11.2,3.8
2015,91,9.48,1.9
2015,92,9.89,4.59
2015,93,11.34,5.23
2015,94,10.24,3.25
2015,95,11.2,2.57
2015,96,15.25,0.25
2015,97,16.37,2.31
2015,98,16.54,5.64
2015,99,16.29,4.64
2015,100,18.31,4.34
2015,101,11.87,3.36
2015,102,14.58,2.8
2015,103,15.46,1.99
2015,104,19.3,6.33
2015,105,21.73,5.78
2015,106,15.74,6.35
2015,107,12.77,4.59
2015,108,13.45,2.57
2015,109,11.82,2.55
2015,110,16.85,1.34
2015,111,16.67,2.04
2015,112,15.05,4.54
2015,113,15.45,5.06
2015,114,16.79,3.92
2015,115,16.46,9.21
2015,116,11.17,3.07
2015,117,12.7,1.09
2015,118,11.25,2.27
2015,119,12.16,3.56
2015,120,12.73,2.85
2015,121,11.58,2.82
2015,122,12.77,1.72
2015,123,17.56,9.16
2015,124,17.45,9.93
2015,125,14.95,9.33
2015,126,12.71,8.67
2015,127,15.23,7.28
2015,128,16.28,5.85
2015,129,16.08,7.94
2015,130,17.59,6.29
2015,131,19.65,10.45
2015,132,15.9,6.15
2015,133,17.88,3.6
2015,134,10.58,5.89
2015,135,15.46,5.68
2015,136,16.87,6.54
2015,137,15.36,4.41
2015,138,14.68,6.46
2015,139,12.29,5.69
2015,140,13.72,4.18
2015,141,17.99,3.48
2015,142,18.54,6.68
2015,143,16.39,9.36
2015,144,18.24,7.82
2015,145,15.32,6.49
2015,146,18.36,6.7
2015,147,18.44,4.82
2015,148,16.3,8.73
2015,149,13.95,6.3
2015,150,16.09,5.26
2015,151,16.85,6.36
2015,152,14.37,6.21
2015,153,17.89,10.01
2015,154,18.4,8.88
2015,155,19.82,8.71
2015,156,21.83,8.93
2015,157,17.71,6.09
2015,158,18.59,5.58
2015,159,17.69,6.7
2015,160,15.85,5.29
2015,161,17.19,6.08
2015,162,20.95,8.76
2015,163,22.42,10.94
2015,164,18.72,13.12
2015,165,16.95,10.86
2015,166,18.29,7.95
2015,167,21.36,7.57
2015,168,23.54,11.02
2015,169,19.68,10.44
2015,170,19.49,8.5
2015,171,18.31,9.99
2015,172,19.17,11.85
2015,173,16.22,10.03
2015,174,19.2,8.41
2015,175,21.83,9.48
2015,176,23.05,10.62
2015,177,23.39,12.36
2015,178,22.42,10.64
2015,179,20.51,13.24
2015,180,23.22,10.21
2015,181,25.5,10.63
2015,182,29.48,16.05
2015,183,23.32,14.33
2015,184,24.98,11.89
2015,185,25.08,14.57
2015,186,21.52,12.69
2015,187,22.07,10.1
2015,188,22.16,12.46
2015,189,20.59,10.86
2015,190,20.91,8.68
2015,191,23.11,10.9
2015,192,24.29,12.69
2015,193,20.44,13.85
2015,194,23.84,13.35
2015,195,22.21,14.7
2015,196,22.89,14.45
2015,197,22.63,14.13
2015,198,23.44,12.57
2015,199,21.99,9.93
2015,200,23.53,12.6
2015,201,24.52,12.88
2015,202,23.84,12.28
2015,203,22.16,11.66
2015,204,20.88,9.41
2015,205,17.73,10.74
2015,206,19.23,10.27
2015,207,16.58,9.33
2015,208,20.89,12.4
2015,209,19.45,10.48
2015,210,18.77,8.96
2015,211,18.27,8.42
2015,212,20.53,8.7
2015,213,21.32,9.27
2015,214,23.21,10.49
2015,215,22.77,13.53
2015,216,21.47,11.69
2015,217,21.15,11.85
2015,218,23.06,11.68
2015,219,23.85,9.81
2015,220,24.25,12.1
2015,221,25.29,10.65
2015,222,24.35,14.04
2015,223,20.7,11.63
2015,224,21.38,13.75
2015,225,23.43,14.69
2015,226,22.23,14.68
2015,227,20.2,11.59
2015,228,19.91,9.13
2015,229,21.04,9.34
2015,230,19.36,12.35
2015,231,20.31,10.94
2015,232,22.37,14.79
2015,233,25.07,14.74
2015,234,27.62,13.93
2015,235,21.71,12.12
2015,236,16.44,11.69
2015,237,18.66,10.11
2015,238,19.65,12.37
2015,239,18.41,10.63
2015,240,19.95,8.14
2015,241,19.68,10.8
2015,242,21.0,13.72
2015,243,16.3,10.73
2015,244,17.72,9.65
2015,245,17.25,8.81
2015,246,16.38,7.59
2015,247,16.39,7.57
2015,248,16.59,6.62
2015,249,18.55,4.86
2015,250,18.64,7.56
2015,251,17.84,7.64
2015,252,19.33,10.4
2015,253,19.97,9.99
2015,254,20.17,9.63
2015,255,19.99,9.4
2015,256,16.25,8.71
2015,257,17.16,9.34
2015,258,17.96,9.44
2015,259,15.29,10.43
2015,260,17.57,8.7
2015,261,17.59,9.04
2015,262,18.29,7.9
2015,263,18.89,8.67
2015,264,14.57,8.34
2015,265,13.94,8.12
2015,266,17.15,7.39
2015,267,17.12,8.3
2015,268,16.91,7.36
2015,269,17.22,5.52
2015,270,17.81,6.74
2015,271,17.59,7.46
2015,272,17.68,8.5
2015,273,17.21,8.68
2015,274,17.38,8.25
2015,275,17.75,6.23
2015,276,16.97,6.23
2015,277,16.96,5.67
2015,278,17.67,11.69
2015,279,18.44,11.54
2015,280,14.77,8.39
2015,281,15.94,6.67
2015,282,16.44,6.22
2015,283,15.16,7.8
2015,284,14.98,6.92
2015,285,14.03,5.62
2015,286,12.96,5.09
2015,287,13.03,4.5
2015,288,12.16,6.41
2015,289,12.41,7.92
2015,290,12.79,8.7
2015,291,14.53,7.29
2015,292,14.88,6.16
2015,293,14.23,4.7
2015,294,13.41,7.98
2015,295,14.79,5.83
2015,296,13.83,4.87
2015,297,14.04,5.06
2015,298,11.48,1.32
2015,299,15.36,5.01
2015,300,15.85,9.05
2015,301,15.02,8.54
2015,302,13.94,8.98
2015,303,13.91,11.32
2015,304,15.44,7.91
2015,305,17.11,7.33
2015,306,15.48,6.66
2015,307,14.54,6.36
2015,308,13.13,9.69
2015,309,15.54,10.1
2015,310,16.6,11.91
2015,311,15.88,9.12
2015,312,15.1,7.63
2015,313,14.07,9.17
2015,314,16.46,11.5
2015,315,14.65,11.35
2015,316,15.01,7.54
2015,317,12.37,6.33
2015,318,13.27,5.68
2015,319,15.81,11.94
2015,320,12.93,9.78
2015,321,15.57,11.02
2015,322,14.26,7.02
2015,323,11.11,7.33
2015,324,8.29,2.28
2015,325,4.77,-1.45
2015,326,4.6,-2.61
2015,327,5.05,-0.37
2015,328,8.82,5.4
2015,329,9.64,3.54
2015,330,9.36,4.21
2015,331,12.37,4.73
2015,332,8.85,1.16
2015,333,11.83,6.8
2015,334,11.52,5.62
2015,335,12.94,9.63
2015,336,12.32,9.32
2015,337,11.33,10.0
2015,338,11.6,3.74
2015,339,11.39,9.93
2015,340,12.98,10.31
2015,341,13.06,9.33
2015,342,12.44,4.99
2015,343,10.61,3.91
2015,344,10.66,9.35
2015,345,9.43,4.02
2015,346,11.24,3.38
2015,347,10.24,6.16
2015,348,8.58,6.51
2015,349,11.89,7.35
2015,350,13.53,11.4
2015,351,12.65,9.3
2015,352,12.27,8.7
2015,353,13.94,11.1
2015,354,12.36,8.37
2015,355,12.01,7.19
2015,356,13.49,9.29
2015,357,10.64,7.03
2015,358,11.33,4.47
2015,359,12.73,4.0
2015,360,13.72,11.45
2015,361,13.29,9.9
2015,362,11.06,7.99
2015,363,11.06,7.78
2015,364,11.44,8.91
2015,365,10.31,3.77
2016,1,7.09,2.47
2016,2,9.52,6.72
2016,3,8.29,4.25
2016,4,8.49,5.85
2016,5,9.28,5.91
2016,6,7.87,5.02
2016,7,8.03,1.57
2016,8,8.7,1.13
2016,9,9.89,6.56
2016,10,7.22,3.76
2016,11,6.54,2.74
2016,12,5.81,2.41
2016,13,5.76,0.33
2016,14,4.76,-0.04
2016,15,4.09,-0.64
2016,16,3.81,-2.34
2016,17,3.82,-0.86
2016,18,3.79,-3.77
2016,19,3.53,-3.62
2016,20,4.68,-2.33
2016,21,5.65,-1.56
2016,22,8.81,1.56
2016,23,8.89,4.57
2016,24,12.95,7.15
2016,25,11.76,5.99
2016,26,10.26,5.81
2016,27,12.04,6.08
2016,28,8.1,-0.19
2016,29,10.73,8.12
2016,30,10.14,3.13
2016,31,12.12,2.35
2016,32,11.77,7.37
2016,33,8.74,2.89
2016,34,7.26,0.96
2016,35,12.04,2.68
2016,36,10.49,6.95
2016,37,10.79,8.03
2016,38,10.17,4.67
2016,39,9.72,4.58
2016,40,6.76,2.03
2016,41,7.76,-0.36
2016,42,7.34,-1.33
2016,43,6.29,0.22
2016,44,4.08,0.29
2016,45,5.33,-0.79
2016,46,5.37,-2.24
2016,47,6.31,-1.33
2016,48,6.27,-0.08
2016,49,7.0,-1.65
2016,50,8.42,-1.87
2016,51,10.99,7.6
2016,52,13.5,10.14
2016,53,10.12,0.95
2016,54,7.41,-0.54
2016,55,6.91,-2.04
2016,56,4.95,-2.67
2016,57,5.81,-1.41
2016,58,6.31,-0.41
2016,59,6.54,-0.96
2016,60,8.22,-1.42
2016,61,11.77,2.91
2016,62,5.97,2.35
2016,63,7.96,1.71
2016,64,6.8,-0.47
2016,65,5.58,-1.25
2016,66,6.16,-1.19
2016,67,5.2,-2.05
2016,68,7.98,-2.61
2016,69,8.31,3.23
2016,70,9.54,-0.11
2016,71,9.92,-1.13
2016,72,10.81,1.12
2016,73,9.3,1.11
2016,74,8.8,1.72
2016,75,9.88,2.49
2016,76,9.28,1.44
2016,77,10.81,-0.7
2016,78,8.88,-0.84
2016,79,10.08,2.82
2016,80,10.39,2.2
2016,81,11.47,1.25
2016,82,12.4,0.21
2016,83,11.75,2.05
2016,84,9.57,3.53
2016,85,13.43,5.64
2016,86,12.09,5.67
2016,87,9.61,5.17
2016,88,9.84,4.87
2016,89,10.94,4.37
2016,90,10.81,3.83
2016,91,11.68,1.38
2016,92,11.89,1.21
2016,93,13.34,4.71
2016,94,15.15,6.06
2016,95,11.94,5.94
2016,96,13.29,3.97
2016,97,11.6,3.04
2016,98,8.76,2.99
2016,99,12.3,3.55
2016,100,10.59,1.25
2016,101,11.02,-0.06
2016,102,13.63,6.71
2016,103,14.56,4.97
2016,104,16.28,4.01
2016,105,14.66,6.06
2016,106,11.88,6.64
2016,107,7.81,2.29
2016,108,10.06,-0.27
2016,109,11.24,1.53
2016,110,14.58,3.75
2016,111,13.1,1.95
2016,112,14.18,4.58
2016,113,10.92,4.5
2016,114,9.96,2.12
2016,115,9.55,2.36
2016,116,11.79,1.13
2016,117,7.51,-0.22
2016,118,9.89,0.63
2016,119,10.18,1.16
2016,120,9.88,1.97
2016,121,11.33,-0.89
2016,122,14.06,1.02
2016,123,15.73,5.82
2016,124,14.42,2.63
2016,125,16.07,4.35
2016,126,17.91,4.15
2016,127,20.16,7.27
2016,128,20.19,10.15
2016,129,22.35,9.7
2016,130,20.12,11.47
2016,131,17.98,12.39
2016,132,19.07,12.21
2016,133,21.08,9.43
2016,134,18.76,7.21
2016,135,13.45,4.35
2016,136,15.98,3.09
2016,137,17.15,5.59
2016,138,17.5,4.98
2016,139,14.05,8.93
2016,140,16.53,7.84
2016,141,17.98,10.87
2016,142,15.76,11.39
2016,143,16.36,10.0
2016,144,17.23,8.02
2016,145,16.7,5.08
2016,146,14.7,6.9
2016,147,19.27,6.73
2016,148,19.64,7.97
2016,149,19.3,8.58
2016,150,19.54,7.03
2016,151,16.35,8.81
2016,152,13.63,9.93
2016,153,17.17,10.09
2016,154,15.39,8.63
2016,155,14.7,7.93
2016,156,21.72,8.93
2016,157,22.29,9.77
2016,158,22.37,8.54
2016,159,23.58,9.98
2016,160,23.82,12.27
2016,161,21.78,9.65
2016,162,19.87,10.97
2016,163,20.19,12.33
2016,164,19.43,12.49
2016,165,17.47,11.96
2016,166,17.72,11.23
2016,167,18.06,9.53
2016,168,17.23,10.1
2016,169,17.0,10.48
2016,170,16.61,10.35
2016,171,19.87,11.76
2016,172,21.32,14.06
2016,173,20.45,12.53
2016,174,22.83,12.46
2016,175,24.42,15.23
2016,176,20.31,11.66
2016,177,17.7,9.09
2016,178,18.89,10.5
2016,179,20.57,12.51
2016,180,19.39,9.62
2016,181,16.87,10.01
2016,182,19.99,12.08
2016,183,18.48,10.18
2016,184,17.56,9.1
2016,185,19.44,9.19
2016,186,20.46,9.37
2016,187,20.59,11.47
2016,188,20.56,8.47
2016,189,21.6,10.66
2016,190,22.93,13.72
2016,191,21.79,13.8
2016,192,21.31,14.36
2016,193,21.22,12.81
2016,194,18.09,11.23
2016,195,18.39,9.74
2016,196,20.06,9.01
2016,197,19.5,10.06
2016,198,24.35,13.34
2016,199,25.37,14.15
2016,200,27.04,13.86
2016,201,29.03,13.87
2016,202,28.04,15.91
2016,203,23.34,13.69
2016,204,23.47,15.91
2016,205,25.53,15.46
2016,206,23.63,14.28
2016,207,22.64,13.02
2016,208,21.34,12.01
2016,209,22.47,14.71
2016,210,21.48,13.64
2016,211,22.25,14.51
2016,212,20.18,13.32
2016,213,20.83,11.98
2016,214,18.18,10.73
2016,215,22.93,14.38
2016,216,22.5,14.39
2016,217,20.79,13.17
2016,218,22.4,11.06
2016,219,24.19,10.89
2016,220,25.17,14.24
2016,221,20.18,11.28
2016,222,19.93,8.74
2016,223,18.51,8.52
2016,224,21.85,12.8
2016,225,24.86,12.78
2016,226,24.44,12.82
2016,227,22.31,11.66
2016,228,22.64,10.91
2016,229,22.71,10.82
2016,230,24.13,11.47
2016,231,24.56,13.68
2016,232,19.05,13.94
2016,233,19.71,13.41
2016,234,21.63,13.64
2016,235,24.41,14.34
2016,236,27.43,12.21
2016,237,29.8,16.17
2016,238,28.36,16.55
2016,239,25.2,14.82
2016,240,24.57,14.26
2016,241,22.57,15.17
2016,242,22.38,12.68
2016,243,24.53,13.29
2016,244,23.77,11.15
2016,245,23.29,10.85
2016,246,19.98,13.31
2016,247,21.92,11.2
2016,248,19.2,14.29
2016,249,24.07,13.41
2016,250,25.39,16.74
2016,251,25.61,15.08
2016,252,22.7,13.95
2016,253,22.45,13.76
2016,254,20.91,11.14
2016,255,20.61,7.6
2016,256,24.22,11.52
2016,257,27.94,16.35
2016,258,26.04,15.66
2016,259,26.95,14.47
2016,260,17.59,11.43
2016,261,18.52,11.09
2016,262,20.73,10.6
2016,263,19.3,12.43
2016,264,19.02,11.56
2016,265,21.15,11.52
2016,266,20.16,12.11
2016,267,18.93,6.36
2016,268,21.49,10.48
2016,269,18.99,9.48
2016,270,18.03,9.54
2016,271,18.8,10.46
2016,272,22.56,10.95
2016,273,19.62,11.46
2016,274,17.68,9.2
2016,275,15.15,8.65
2016,276,16.17,7.24
2016,277,17.22,5.06
2016,278,17.74,9.34
2016,279,15.88,7.79
2016,280,14.17,6.44
2016,281,15.07,9.69
2016,282,15.7,8.45
2016,283,14.96,6.19
2016,284,13.06,5.76
2016,285,14.49,4.63
2016,286,14.5,8.66
2016,287,12.99,7.23
2016,288,14.78,5.62
2016,289,16.44,8.41
2016,290,17.18,9.06
2016,291,16.38,8.3
2016,292,13.22,6.74
2016,293,13.5,6.43
2016,294,13.87,7.05
2016,295,12.2,5.89
2016,296,13.33,5.81
2016,297,12.84,5.99
2016,298,12.35,6.72
2016,299,15.15,5.93
2016,300,15.97,7.43
2016,301,14.82,6.77
2016,302,16.41,8.83
2016,303,15.55,10.01
2016,304,15.17,8.79
2016,305,17.83,6.97
2016,306,12.91,2.9
2016,307,9.99,0.93
2016,308,10.48,1.08
2016,309,9.55,1.95
2016,310,8.19,0.92
2016,311,6.12,0.48
2016,312,8.4,1.92
2016,313,6.4,0.3
2016,314,6.78,3.63
2016,315,10.44,4.1
2016,316,9.64,2.18
2016,317,8.73,6.28
2016,318,8.92,3.6
2016,319,11.04,3.46
2016,320,15.3,9.36
2016,321,12.85,7.02
2016,322,11.82,4.71
2016,323,6.54,2.57
2016,324,7.4,1.36
2016,325,8.85,3.45
2016,326,11.9,4.47
2016,327,10.5,5.49
2016,328,9.52,3.95
2016,329,10.54,5.0
2016,330,10.09,2.69
2016,331,8.95,1.42
2016,332,8.11,3.86
2016,333,7.41,-1.19
2016,334,5.47,-2.91
2016,335,4.28,-3.51
2016,336,3.83,-1.15
2016,337,7.56,1.88
2016,338,7.0,0.39
2016,339,6.14,-1.18
2016,340,7.13,-0.54
2016,341,9.73,3.49
2016,342,11.38,7.51
2016,343,12.07,8.73
2016,344,12.64,8.54
2016,345,12.03,7.21
2016,346,8.31,4.52
2016,347,8.79,3.59
2016,348,11.96,5.32
2016,349,11.27,5.02
2016,350,10.11,4.92
2016,351,9.64,7.34
2016,352,8.53,5.57
2016,353,8.09,4.46
2016,354,6.21,3.58
2016,355,5.71,0.32
2016,356,9.67,4.9
2016,357,7.78,3.65
2016,358,10.71,4.87
2016,359,8.08,3.23
2016,360,12.35,8.08
2016,361,10.53,0.59
2016,362,5.58,-0.76
2016,363,6.5,-0.42
2016,364,6.77,0.2
2016,365,4.24,1.24
2016,366,7.2,4.35
2017,1,7.77,2.53
2017,2,4.39,-2.17
2017,3,4.61,-1.96
2017,4,6.5,-1.67
2017,5,4.35,-1.82
2017,6,6.13,-0.38
2017,7,9.51,4.86
2017,8,9.46,5.19
2017,9,9.11,2.34
2017,10,7.63,2.58
2017,11,9.15,3.56
2017,12,5.55,-0.39
2017,13,4.09,-1.57
2017,14,4.37,-2.46
2017,15,6.69,0.93
2017,16,4.61,-0.15
2017,17,3.56,-3.18
2017,18,3.54,-3.27
2017,19,5.38,-1.82
2017,20,5.38,-2.15
2017,21,3.35,-2.96
2017,22,4.36,-1.91
2017,23,4.23,-1.33
2017,24,4.17,-0.62
2017,25,2.7,-0.98
2017,26,1.14,-2.31
2017,27,5.36,-1.8
2017,28,7.78,2.39
2017,29,8.62,2.42
2017,30,8.68,4.35
2017,31,8.23,3.8
2017,32,9.68,6.99
2017,33,9.93,7.53
2017,34,9.17,4.43
2017,35,7.33,1.0
2017,36,5.61,2.54
2017,37,6.79,0.83
2017,38,9.01,2.15
2017,39,5.52,-1.37
2017,40,3.29,-1.55
2017,41,2.88,-2.09
2017,42,3.03,-1.31
2017,43,4.15,0.1
2017,44,7.85,2.14
2017,45,8.67,0.58
2017,46,11.81,5.56
2017,47,10.38,4.69
2017,48,11.72,3.35
2017,49,11.51,3.56
2017,50,11.64,4.42
2017,51,16.17,7.95
2017,52,12.87,8.07
2017,53,12.4,9.4
2017,54,9.98,2.8
2017,55,8.39,1.16
2017,56,9.16,3.95
2017,57,12.1,8.02
2017,58,8.95,2.77
2017,59,6.98,2.19
2017,60,8.66,2.46
2017,61,10.27,3.55
2017,62,9.87,3.94
2017,63,10.08,4.61
2017,64,9.56,4.63
2017,65,9.97,2.99
2017,66,9.57,2.64
2017,67,13.84,6.7
2017,68,14.78,4.52
2017,69,10.19,4.12
2017,70,15.52,7.0
2017,71,11.74,6.37
2017,72,13.78,4.87
2017,73,15.44,6.11
2017,74,16.41,5.98
2017,75,13.02,4.46
2017,76,10.97,3.02
2017,77,14.84,9.23
2017,78,14.82,9.64
2017,79,11.88,5.67
2017,80,9.61,2.5
2017,81,8.32,3.44
2017,82,10.87,4.5
2017,83,12.79,3.73
2017,84,13.4,3.5
2017,85,13.88,3.89
2017,86,15.26,3.68
2017,87,16.52,4.42
2017,88,14.68,9.23
2017,89,19.38,8.95
2017,90,15.52,7.63
2017,91,14.49,6.77
2017,92,15.08,5.4
2017,93,15.58,3.16
2017,94,15.2,5.49
2017,95,14.53,3.36
2017,96,16.31,4.63
2017,97,16.3,4.4
2017,98,18.02,3.82
2017,99,21.16,5.69
2017,100,14.1,6.94
2017,101,15.06,3.57
2017,102,15.05,5.35
2017,103,13.63,5.04
2017,104,14.66,4.2
2017,105,13.67,5.46
2017,106,13.76,3.63
2017,107,12.73,4.01
2017,108,11.3,2.46
2017,109,11.6,1.81
2017,110,13.66,2.5
2017,111,15.4,5.88
2017,112,14.33,4.49
2017,113,14.5,3.36
2017,114,13.6,2.57
2017,115,9.37,-0.98
2017,116,8.23,0.85
2017,117,9.22,-1.38
2017,118,13.61,4.8
2017,119,14.91,4.68
2017,120,15.5,7.37
2017,121,13.23,7.07
2017,122,16.12,5.74
2017,123,12.3,6.12
2017,124,14.94,7.46
2017,125,14.57,6.26
2017,126,14.94,6.6
2017,127,16.26,6.35
2017,128,12.23,5.45
2017,129,14.85,4.6
2017,130,16.23,2.95
2017,131,18.92,5.62
2017,132,17.49,9.88
2017,133,17.14,8.88
2017,134,17.68,8.14
2017,135,17.4,7.61
2017,136,20.6,12.78
2017,137,19.8,10.79
2017,138,17.74,8.74
2017,139,13.2,7.45
2017,140,14.69,7.07
2017,141,18.62,7.49
2017,142,21.33,9.68
2017,143,21.06,9.81
2017,144,23.66,11.32
2017,145,23.62,11.38
2017,146,23.62,10.71
2017,147,21.62,11.86
2017,148,22.82,9.69
2017,149,21.86,12.75
2017,150,20.48,12.99
2017,151,21.01,10.74
2017,152,23.06,10.43
2017,153,23.48,11.19
2017,154,20.33,11.66
2017,155,18.56,8.05
2017,156,17.5,9.14
2017,157,14.54,10.34
2017,158,19.14,9.52
2017,159,19.3,12.38
2017,160,19.7,10.38
2017,161,21.41,11.73
2017,162,19.51,11.39
2017,163,18.8,10.61
2017,164,21.76,8.7
2017,165,23.9,11.09
2017,166,23.16,12.08
2017,167,21.97,10.42
2017,168,27.78,12.98
2017,169,28.96,17.03
2017,170,28.63,14.73
2017,171,27.76,15.17
2017,172,28.85,14.8
2017,173,24.77,16.48
2017,174,24.25,12.3
2017,175,22.45,14.64
2017,176,21.8,13.41
2017,177,22.92,11.16
2017,178,18.04,13.28
2017,179,17.79,10.69
2017,180,18.37,9.77
2017,181,20.66,10.8
2017,182,22.05,12.26
2017,183,22.37,13.67
2017,184,22.76,11.25
2017,185,23.47,13.17
2017,186,26.47,13.21
2017,187,27.44,14.39
2017,188,27.28,15.97
2017,189,24.73,16.37
2017,190,25.67,14.5
2017,191,25.34,13.87
2017,192,20.37,12.16
2017,193,20.94,11.36
2017,194,20.89,9.85
2017,195,21.24,12.71
2017,196,22.44,12.15
2017,197,24.65,15.13
2017,198,23.14,12.67
2017,199,24.93,14.08
2017,200,24.41,16.31
2017,201,20.87,13.0
2017,202,21.08,11.79
2017,203,18.08,12.16
2017,204,19.0,10.87
2017,205,19.78,12.29
2017,206,22.51,11.01
2017,207,21.78,13.49
2017,208,20.49,11.79
2017,209,20.95,12.16
2017,210,19.97,14.35
2017,211,20.89,13.08
2017,212,21.54,12.13
2017,213,22.07,10.29
2017,214,18.64,12.95
2017,215,21.65,14.17
2017,216,22.04,12.98
2017,217,19.26,10.93
2017,218,21.1,8.47
2017,219,20.16,11.73
2017,220,19.44,11.23
2017,221,17.44,10.62
2017,222,19.93,10.17
2017,223,21.23,8.98
2017,224,21.92,13.1
2017,225,21.46,8.87
2017,226,21.86,10.08
2017,227,22.44,12.34
2017,228,22.11,10.12
2017,229,23.84,14.97
2017,230,19.99,12.57
2017,231,20.04,11.24
2017,232,21.09,9.61
2017,233,21.36,13.75
2017,234,24.06,15.11
2017,235,24.2,14.2
2017,236,21.99,11.03
2017,237,23.3,10.74
2017,238,23.24,14.74
2017,239,24.99,13.04
2017,240,26.02,14.26
2017,241,26.4,13.82
2017,242,16.69,9.42
2017,243,19.15,7.51
2017,244,19.89,8.4
2017,245,20.21,8.96
2017,246,19.16,10.09
2017,247,22.75,13.73
2017,248,21.45,13.76
2017,249,18.98,10.44
2017,250,19.42,9.09
2017,251,17.99,10.6
2017,252,17.49,9.24
2017,253,17.16,7.32
2017,254,18.45,10.18
2017,255,18.21,9.1
2017,256,17.93,9.45
2017,257,16.6,7.5
2017,258,16.01,7.37
2017,259,15.46,6.88
2017,260,16.47,7.41
2017,261,16.42,7.97
2017,262,16.64,7.19
2017,263,18.62,8.14
2017,264,18.2,8.43
2017,265,18.21,5.08
2017,266,19.79,11.37
2017,267,20.76,9.82
2017,268,20.51,11.95
2017,269,20.34,9.84
2017,270,20.26,11.12
2017,271,19.96,11.32
2017,272,19.54,10.89
2017,273,16.86,9.65
2017,274,16.87,12.66
2017,275,17.39,9.53
2017,276,16.14,7.25
2017,277,16.36,6.7
2017,278,16.37,7.93
2017,279,15.14,6.73
2017,280,17.1,8.5
2017,281,16.52,7.61
2017,282,16.58,8.32
2017,283,17.87,9.49
2017,284,16.94,10.85
2017,285,17.19,8.26
2017,286,19.36,11.18
2017,287,20.59,11.16
2017,288,19.72,11.35
2017,289,21.25,11.91
2017,290,14.59,8.85
2017,291,16.08,10.34
2017,292,18.15,11.11
2017,293,14.4,10.75
2017,294,15.13,10.83
2017,295,13.09,7.98
2017,296,16.54,7.68
2017,297,19.36,13.2
2017,298,17.47,9.17
2017,299,14.63,8.73
2017,300,13.65,4.32
2017,301,15.14,4.08
2017,302,12.98,3.61
2017,303,10.44,2.77
2017,304,12.6,4.14
2017,305,13.86,5.2
2017,306,12.22,5.14
2017,307,14.14,6.2
2017,308,12.6,4.62
2017,309,9.36,2.26
2017,310,10.36,1.49
2017,311,10.77,4.93
2017,312,9.16,0.89
2017,313,11.49,0.31
2017,314,11.24,5.71
2017,315,9.69,4.29
2017,316,7.52,2.63
2017,317,7.68,0.33
2017,318,9.57,0.63
2017,319,11.93,6.98
2017,320,12.38,2.22
2017,321,8.72,-0.53
2017,322,7.62,0.07
2017,323,6.89,0.45
2017,324,10.93,3.66
2017,325,11.92,10.16
2017,326,14.32,11.56
2017,327,13.57,5.35
2017,328,8.0,-1.44
2017,329,5.44,-2.46
2017,330,7.06,0.7
2017,331,9.19,3.28
2017,332,6.01,1.79
2017,333,4.53,-0.05
2017,334,3.05,-2.42
2017,335,5.34,0.76
2017,336,4.96,0.62
2017,337,8.99,4.1
2017,338,8.26,2.42
2017,339,7.37,3.32
2017,340,9.81,4.66
2017,341,11.82,2.83
2017,342,3.48,-0.81
2017,343,2.87,-2.6
2017,344,2.38,-1.66
2017,345,1.58,-3.97
2017,346,4.07,-4.21
2017,347,7.25,2.04
2017,348,4.74,1.47
2017,349,3.88,0.3
2017,350,3.84,-1.39
2017,351,8.39,0.2
2017,352,6.02,-0.45
2017,353,5.54,0.79
2017,354,9.1,4.81
2017,355,10.22,7.51
2017,356,9.51,6.07
2017,357,9.25,7.57
2017,358,9.06,7.34
2017,359,10.07,6.33
2017,360,6.82,2.98
2017,361,6.97,-1.22
2017,362,4.05,-1.49
2017,363,7.75,-1.39
2017,364,11.83,3.99
2017,365,11.74,6.39
2018,1,7.6,4.7
2018,2,11.58,2.99
2018,3,11.17,5.48
2018,4,11.52,3.65
2018,5,7.44,3.02
2018,6,4.7,1.16
2018,7,4.84,-0.26
2018,8,4.9,-0.29
2018,9,6.55,2.69
2018,10,8.48,4.37
2018,11,6.38,2.8
2018,12,7.29,4.27
2018,13,6.39,2.9
2018,14,6.35,0.59
2018,15,10.59,4.38
2018,16,5.95,1.8
2018,17,6.07,1.42
2018,18,9.98,1.59
2018,19,5.57,0.65
2018,20,4.48,0.15
2018,21,8.65,-0.53
2018,22,9.24,3.82
2018,23,10.89,4.35
2018,24,11.64,5.28
2018,25,8.47,4.4
2018,26,6.33,2.04
2018,27,9.32,1.25
2018,28,12.61,7.95
2018,29,10.71,0.29
2018,30,8.9,-1.0
2018,31,8.89,1.26
2018,32,6.54,1.17
2018,33,6.73,0.57
2018,34,3.73,0.11
2018,35,5.03,-1.47
2018,36,4.08,-1.75
2018,37,3.61,-3.65
2018,38,4.4,-3.56
2018,39,6.42,-3.65
2018,40,5.31,-1.4
2018,41,9.01,-2.19
2018,42,9.11,-0.13
2018,43,6.12,-2.34
2018,44,4.42,0.36
2018,45,5.93,-1.3
2018,46,8.94,0.85
2018,47,8.84,-0.4
2018,48,9.32,-0.22
2018,49,9.19,1.61
2018,50,9.89,4.78
2018,51,9.33,3.48
2018,52,7.04,0.21
2018,53,5.73,-1.76
2018,54,4.73,-3.06
2018,55,4.5,-3.29
2018,56,3.53,-2.94
2018,57,0.99,-2.77
2018,58,0.33,-3.56
2018,59,-1.93,-4.25
2018,60,-0.43,-4.44
2018,61,0.06,-1.77
2018,62,4.08,0.21
2018,63,7.56,0.0
2018,64,9.55,2.4
2018,65,9.37,2.12
2018,66,8.66,2.06
2018,67,8.35,1.85
2018,68,10.48,1.38
2018,69,12.22,5.7
2018,70,13.08,5.34
2018,71,10.62,4.25
2018,72,10.88,2.47
2018,73,12.01,2.54
2018,74,11.19,5.78
2018,75,12.29,4.24
2018,76,4.2,-1.32
2018,77,1.2,-1.44
2018,78,2.91,-2.91
2018,79,8.0,-2.08
2018,80,9.5,-2.36
2018,81,11.17,2.75
2018,82,11.35,4.69
2018,83,9.26,4.78
2018,84,12.12,3.4
2018,85,11.61,0.34
2018,86,12.63,4.62
2018,87,6.63,1.06
2018,88,7.84,1.33
2018,89,9.17,4.34
2018,90,8.19,3.71
2018,91,8.58,2.97
2018,92,9.86,3.51
2018,93,12.13,6.55
2018,94,11.64,5.16
2018,95,11.65,1.16
2018,96,14.49,3.34
2018,97,15.25,5.76
2018,98,12.09,6.45
2018,99,10.53,6.51
2018,100,14.91,5.98
2018,101,12.86,6.91
2018,102,12.3,6.29
2018,103,11.98,5.37
2018,104,16.96,7.12
2018,105,14.5,7.18
2018,106,14.69,7.29
2018,107,17.11,7.24
2018,108,21.54,8.52
2018,109,25.19,8.43
2018,110,23.46,9.73
2018,111,22.02,8.09
2018,112,20.8,8.78
2018,113,15.01,6.87
2018,114,13.17,9.17
2018,115,13.43,6.34
2018,116,13.0,5.11
2018,117,11.92,6.68
2018,118,10.04,6.35
2018,119,8.36,5.11
2018,120,6.67,3.72
2018,121,13.38,1.4
2018,122,13.27,3.82
2018,123,15.9,2.87
2018,124,19.29,5.21
2018,125,20.1,6.19
2018,126,22.51,5.63
2018,127,24.35,8.72
2018,128,23.54,9.06
2018,129,18.95,7.65
2018,130,15.73,8.19
2018,131,17.02,5.17
2018,132,15.46,7.03
2018,133,16.98,7.03
2018,134,18.72,6.3
2018,135,21.15,7.36
2018,136,16.75,7.21
2018,137,16.17,6.13
2018,138,16.77,4.19
2018,139,18.92,6.86
2018,140,19.46,6.18
2018,141,20.27,6.31
2018,142,21.16,8.25
2018,143,19.7,7.39
2018,144,19.67,9.81
2018,145,20.95,10.93
2018,146,22.8,10.97
2018,147,24.14,12.74
2018,148,24.06,12.2
2018,149,21.08,11.26
2018,150,21.19,12.51
2018,151,22.16,11.25
2018,152,21.45,12.21
2018,153,22.54,13.35
2018,154,24.17,11.13
2018,155,20.68,11.85
2018,156,19.04,9.05
2018,157,20.79,7.45
2018,158,21.26,10.05
2018,159,21.2,10.44
2018,160,20.67,10.03
2018,161,21.64,11.07
2018,162,21.97,10.37
2018,163,17.91,8.9
2018,164,20.49,8.09
2018,165,21.03,11.65
2018,166,21.61,8.72
2018,167,18.94,11.15
2018,168,18.94,11.17
2018,169,22.95,12.37
2018,170,23.72,14.43
2018,171,24.58,13.18
2018,172,18.93,9.87
2018,173,20.65,7.28
2018,174,21.44,8.4
2018,175,23.19,10.5
2018,176,26.57,11.35
2018,177,25.33,10.97
2018,178,23.48,9.65
2018,179,25.06,11.0
2018,180,24.5,11.05
2018,181,25.17,10.95
2018,182,26.81,12.98
2018,183,25.55,13.52
2018,184,23.76,12.25
2018,185,24.93,11.67
2018,186,26.75,14.27
2018,187,27.69,14.44
2018,188,28.94,15.1
2018,189,28.6,14.21
2018,190,26.84,15.63
2018,191,21.35,12.58
2018,192,22.97,11.21
2018,193,23.54,11.68
2018,194,24.81,12.83
2018,195,26.31,12.84
2018,196,28.45,14.14
2018,197,28.56,14.57
2018,198,24.6,13.34
2018,199,25.63,14.08
2018,200,25.82,14.85
2018,201,24.19,14.56
2018,202,27.55,15.16
2018,203,28.29,15.71
2018,204,30.97,17.63
2018,205,29.34,15.67
2018,206,30.31,16.29
2018,207,32.49,16.96
2018,208,31.3,17.57
2018,209,21.36,15.61
2018,210,21.11,14.74
2018,211,24.19,15.67
2018,212,24.47,13.81
2018,213,25.39,12.86
2018,214,29.14,11.9
2018,215,31.33,16.58
2018,216,27.33,16.41
2018,217,27.68,14.66
2018,218,30.63,14.62
2018,219,31.05,16.28
2018,220,23.93,13.31
2018,221,17.06,11.74
2018,222,18.82,9.97
2018,223,21.84,7.3
2018,224,18.24,15.81
2018,225,22.7,14.17
2018,226,24.84,12.01
2018,227,25.41,14.3
2018,228,18.95,11.86
2018,229,22.17,9.04
2018,230,23.96,12.99
2018,231,26.48,15.47
2018,232,25.88,15.71
2018,233,26.15,15.95
2018,234,26.16,13.56
2018,235,22.82,13.48
2018,236,18.23,9.94
2018,237,18.54,7.76
2018,238,17.94,8.96
2018,239,20.65,12.46
2018,240,21.07,11.56
2018,241,19.13,12.2
2018,242,19.45,9.12
2018,243,20.69,9.3
2018,244,23.08,9.19
2018,245,22.99,9.59
2018,246,23.25,10.1
2018,247,21.26,9.67
2018,248,22.11,12.13
2018,249,21.7,9.17
2018,250,19.25,7.32
2018,251,19.12,7.97
2018,252,23.23,12.86
2018,253,21.27,11.54
2018,254,23.93,15.0
2018,255,16.4,9.35
2018,256,20.15,6.21
2018,257,17.88,7.46
2018,258,20.95,9.02
2018,259,22.58,12.53
2018,260,24.21,14.3
2018,261,21.51,15.32
2018,262,22.63,14.94
2018,263,21.18,15.95
2018,264,17.42,9.22
2018,265,14.07,9.48
2018,266,13.34,5.26
2018,267,15.41,4.2
2018,268,17.03,5.75
2018,269,21.17,6.39
2018,270,21.83,7.07
2018,271,16.53,7.63
2018,272,17.33,5.83
2018,273,14.97,4.54
2018,274,14.34,5.34
2018,275,19.95,8.69
2018,276,19.27,8.55
2018,277,20.08,8.77
2018,278,21.26,8.98
2018,279,11.58,6.06
2018,280,14.44,3.97
2018,281,17.35,5.66
2018,282,19.8,8.19
2018,283,21.77,9.16
2018,284,21.29,12.05
2018,285,20.08,12.62
2018,286,22.92,16.0
2018,287,16.49,9.8
2018,288,17.18,10.22
2018,289,19.92,10.77
2018,290,16.41,10.31
2018,291,15.66,6.89
2018,292,15.66,7.01
2018,293,17.16,7.07
2018,294,18.27,7.16
2018,295,13.26,4.17
2018,296,15.98,4.52
2018,297,16.16,5.12
2018,298,14.01,5.39
2018,299,10.75,3.14
2018,300,6.79,1.22
2018,301,9.77,2.78
2018,302,9.13,1.33
2018,303,7.54,0.86
2018,304,12.61,-0.13
2018,305,12.03,1.75
2018,306,10.8,0.72
2018,307,12.78,2.24
2018,308,12.74,6.1
2018,309,15.09,6.8
2018,310,15.37,9.08
2018,311,13.84,7.62
2018,312,13.58,5.04
2018,313,13.3,6.1
2018,314,13.93,8.73
2018,315,13.1,8.02
2018,316,13.34,9.38
2018,317,13.29,7.5
2018,318,13.92,7.93
2018,319,15.22,8.24
2018,320,10.72,7.6
2018,321,10.4,3.86
2018,322,10.8,3.05
2018,323,8.42,3.55
2018,324,4.26,1.74
2018,325,6.63,-1.07
2018,326,6.9,-2.4
2018,327,8.9,2.74
2018,328,8.85,5.72
2018,329,7.65,4.39
2018,330,7.33,3.28
2018,331,9.58,3.08
2018,332,12.59,6.42
2018,333,11.87,9.31
2018,334,10.37,5.87
2018,335,12.19,5.8
2018,336,13.06,10.39
2018,337,12.71,4.63
2018,338,6.75,3.26
2018,339,11.48,4.83
2018,340,11.67,9.48
2018,341,11.83,5.82
2018,342,10.76,6.72
2018,343,9.7,5.18
2018,344,8.41,3.01
2018,345,6.38,2.3
2018,346,6.49,0.45
2018,347,4.84,-2.44
2018,348,3.73,-2.84
2018,349,6.27,-2.15
2018,350,6.72,2.64
2018,351,7.66,3.2
2018,352,8.47,7.14
2018,353,8.67,5.94
2018,354,8.93,5.88
2018,355,11.76,7.74
2018,356,10.43,6.54
2018,357,11.79,5.54
2018,358,7.14,1.05
2018,359,7.74,0.34
2018,360,8.91,3.19
2018,361,5.08,2.58
2018,362,7.69,3.91
2018,363,10.75,4.13
2018,364,10.52,4.25
2018,365,9.19,5.4
2019,1,9.78,1.62
2019,2,5.61,-1.19
2019,3,4.54,-1.49
2019,4,2.44,-3.08
2019,5,3.59,-0.86
2019,6,7.12,1.58
2019,7,8.81,4.0
2019,8,8.07,1.88
2019,9,5.04,0.52
2019,10,4.24,-0.3
2019,11,6.34,3.02
2019,12,8.62,3.3
2019,13,10.47,5.45
2019,14,7.85,1.85
2019,15,7.78,2.13
2019,16,8.71,2.93
2019,17,4.01,-1.7
2019,18,4.14,-1.7
2019,19,3.85,-0.26
2019,20,4.23,-3.39
2019,21,4.22,-3.13
2019,22,4.91,-0.73
2019,23,2.65,-4.04
2019,24,3.5,-2.64
2019,25,9.42,-0.61
2019,26,8.77,5.68
2019,27,6.36,1.73
2019,28,4.75,-3.72
2019,29,3.85,-3.48
2019,30,3.53,-3.2
2019,31,3.51,-2.95
2019,32,2.2,-0.19
2019,33,2.68,-1.92
2019,34,3.97,-5.65
2019,35,7.44,3.23
2019,36,6.66,2.81
2019,37,10.53,6.35
2019,38,9.04,4.95
2019,39,9.98,6.16
2019,40,9.57,5.31
2019,41,6.89,2.08
2019,42,8.87,0.3
2019,43,9.64,0.0
2019,44,10.87,3.14
2019,45,12.14,1.95
2019,46,12.64,1.77
2019,47,12.31,3.98
2019,48,12.55,5.63
2019,49,9.87,4.04
2019,50,9.81,3.24
2019,51,11.62,4.87
2019,52,14.26,6.35
2019,53,12.91,4.8
2019,54,14.81,4.31
2019,55,14.6,2.34
2019,56,16.29,1.51
2019,57,16.88,3.04
2019,58,16.15,2.83
2019,59,11.33,3.77
2019,60,9.8,5.76
2019,61,13.73,6.3
2019,62,11.92,7.01
2019,63,9.59,2.89
2019,64,10.88,2.94
2019,65,13.07,7.29
2019,66,10.66,3.71
2019,67,9.23,3.22
2019,68,11.98,4.27
2019,69,9.59,3.16
2019,70,9.95,2.29
2019,71,8.39,3.84
2019,72,10.75,4.18
2019,73,13.28,5.69
2019,74,14.12,8.13
2019,75,12.32,8.03
2019,76,8.41,3.1
2019,77,9.5,2.54
2019,78,12.68,2.86
2019,79,12.3,6.72
2019,80,14.27,7.17
2019,81,11.57,6.61
2019,82,12.5,2.11
2019,83,13.26,1.69
2019,84,12.16,2.45
2019,85,13.01,-0.46
2019,86,13.95,0.94
2019,87,14.41,1.46
2019,88,16.24,3.73
2019,89,17.74,4.91
2019,90,11.32,3.12
2019,91,13.37,2.34
2019,92,7.69,2.0
2019,93,6.81,-0.08
2019,94,9.26,-0.31
2019,95,13.03,4.15
2019,96,12.56,5.02
2019,97,12.73,5.79
2019,98,14.62,5.71
2019,99,12.33,4.64
2019,100,11.84,0.74
2019,101,11.51,-1.15
2019,102,10.8,-1.02
2019,103,8.61,-0.2
2019,104,8.98,-1.13
2019,105,12.86,3.1
2019,106,14.95,6.4
2019,107,17.75,3.74
2019,108,18.84,7.41
2019,109,20.75,6.15
2019,110,21.82,5.13
2019,111,21.35,4.7
2019,112,21.14,5.8
2019,113,19.52,7.79
2019,114,17.03,7.42
2019,115,14.49,7.69
2019,116,14.35,6.85
2019,117,11.11,6.75
2019,118,14.35,5.2
2019,119,15.9,4.52
2019,120,16.83,5.3
2019,121,17.13,5.98
2019,122,15.16,6.9
2019,123,14.16,4.21
2019,124,9.68,3.07
2019,125,12.13,1.82
2019,126,12.97,2.43
2019,127,14.22,5.73
2019,128,14.67,7.82
2019,129,14.98,7.08
2019,130,14.62,6.1
2019,131,12.98,6.33
2019,132,15.96,4.48
2019,133,16.0,3.59
2019,134,16.59,4.76
2019,135,18.39,5.15
2019,136,16.89,5.57
2019,137,15.08,7.07
2019,138,17.1,6.49
2019,139,17.45,8.17
2019,140,18.45,8.55
2019,141,19.41,7.22
2019,142,18.95,7.75
2019,143,21.56,8.01
2019,144,20.8,8.96
2019,145,20.97,9.82
2019,146,20.68,9.89
2019,147,18.34,8.23
2019,148,16.22,8.36
2019,149,16.74,7.33
2019,150,22.33,12.04
2019,151,20.91,11.04
2019,152,23.6,9.46
2019,153,22.81,12.68
2019,154,19.25,8.88
2019,155,18.26,9.28
2019,156,17.89,10.38
2019,157,17.47,8.32
2019,158,16.17,10.1
2019,159,16.99,8.94
2019,160,18.31,8.07
2019,161,12.79,8.66
2019,162,17.37,8.85
2019,163,13.97,8.91
2019,164,15.1,10.02
2019,165,18.07,10.84
2019,166,18.37,9.6
2019,167,19.18,8.53
2019,168,20.38,9.94
2019,169,21.81,9.78
2019,170,20.9,11.9
2019,171,18.73,10.16
2019,172,20.5,7.52
2019,173,21.34,9.63
2019,174,23.6,10.45
2019,175,23.71,16.2
2019,176,24.51,16.06
2019,177,23.4,12.48
2019,178,21.45,11.35
2019,179,21.84,11.01
2019,180,28.62,12.79
2019,181,23.68,13.43
2019,182,22.36,11.41
2019,183,21.97,9.13
2019,184,22.2,10.82
2019,185,24.58,9.9
2019,186,25.58,13.5
2019,187,23.66,12.81
2019,188,19.38,12.85
2019,189,21.71,10.83
2019,190,22.49,12.24
2019,191,24.63,15.06
2019,192,25.31,14.28
2019,193,23.53,15.01
2019,194,23.0,12.95
2019,195,21.39,11.27
2019,196,22.52,9.77
2019,197,25.35,10.52
2019,198,24.18,12.38
2019,199,23.06,14.29
2019,200,21.2,12.14
2019,201,23.65,13.87
2019,202,23.35,11.1
2019,203,26.96,15.02
2019,204,29.9,15.85
2019,205,30.19,18.1
2019,206,33.96,17.64
2019,207,26.18,18.23
2019,208,19.31,14.14
2019,209,21.75,13.34
2019,210,24.05,12.11
2019,211,21.18,15.15
2019,212,22.63,14.42
2019,213,23.86,12.54
2019,214,24.04,12.95
2019,215,22.17,13.18
2019,216,23.64,13.54
2019,217,24.49,14.29
2019,218,22.79,13.5
2019,219,22.68,13.7
2019,220,23.87,12.28
2019,221,23.93,17.05
2019,222,21.68,14.82
2019,223,22.37,13.74
2019,224,17.21,10.51
2019,225,20.71,9.12
2019,226,17.66,11.38
2019,227,22.44,12.58
2019,228,18.26,12.26
2019,229,22.16,14.63
2019,230,21.36,12.65
2019,231,20.3,11.62
2019,232,20.99,9.57
2019,233,22.4,9.56
2019,234,23.94,10.92
2019,235,25.85,13.11
2019,236,27.37,12.14
2019,237,30.32,14.94
2019,238,30.52,17.29
2019,239,30.94,17.14
2019,240,25.14,15.42
2019,241,23.01,11.45
2019,242,23.91,12.36
2019,243,23.34,11.9
2019,244,20.38,9.79
2019,245,21.62,7.43
2019,246,22.93,12.31
2019,247,20.74,11.8
2019,248,18.69,9.47
2019,249,16.69,8.95
2019,250,18.26,8.4
2019,251,18.13,7.16
2019,252,14.99,9.49
2019,253,19.9,7.76
2019,254,22.57,11.0
2019,255,24.36,11.6
2019,256,21.06,9.72
2019,257,22.72,7.31
2019,258,25.48,8.49
2019,259,20.9,11.79
2019,260,19.15,7.83
2019,261,19.06,5.66
2019,262,20.65,8.17
2019,263,20.28,8.51
2019,264,22.74,9.83
2019,265,21.61,12.83
2019,266,19.51,12.04
2019,267,19.28,13.58
2019,268,20.36,13.36
2019,269,20.27,12.79
2019,270,18.47,11.35
2019,271,19.01,10.88
2019,272,20.36,10.8
2019,273,18.31,8.88
2019,274,19.42,8.88
2019,275,13.82,4.65
2019,276,14.82,3.9
2019,277,16.06,8.42
2019,278,16.17,6.94
2019,279,16.05,9.41
2019,280,15.29,8.25
2019,281,16.9,9.12
2019,282,14.13,9.24
2019,283,15.94,7.62
2019,284,17.21,12.47
2019,285,13.19,9.12
2019,286,16.54,9.16
2019,287,15.85,8.88
2019,288,15.96,8.35
2019,289,15.62,5.74
2019,290,14.55,4.98
2019,291,14.64,8.59
2019,292,14.56,6.18
2019,293,12.16,5.96
2019,294,13.81,7.19
2019,295,14.28,5.45
2019,296,14.98,5.3
2019,297,12.33,8.9
2019,298,16.02,9.19
2019,299,17.1,5.9
2019,300,12.16,2.54
2019,301,10.09,1.72
2019,302,11.63,5.08
2019,303,11.83,6.05
2019,304,10.72,5.51
2019,305,16.1,8.7
2019,306,13.34,8.17
2019,307,12.9,5.4
2019,308,11.39,6.89
2019,309,12.5,6.98
2019,310,7.97,3.73
2019,311,9.39,3.08
2019,312,7.87,2.81
2019,313,7.88,1.69
2019,314,10.48,3.05
2019,315,7.84,3.45
2019,316,7.13,3.07
2019,317,8.26,3.77
2019,318,6.75,3.14
2019,319,7.94,3.14
2019,320,7.6,2.45
2019,321,7.51,1.55
2019,322,7.49,-1.31
2019,323,6.9,-0.82
2019,324,6.8,1.52
2019,325,6.32,1.63
2019,326,9.31,6.27
2019,327,9.18,6.17
2019,328,11.07,5.99
2019,329,10.61,7.82
2019,330,13.09,9.39
2019,331,10.96,7.49
2019,332,9.31,5.39
2019,333,6.07,-0.5
2019,334,7.66,0.73
2019,335,7.04,0.54
2019,336,5.2,-1.73
2019,337,7.66,1.02
2019,338,7.41,-0.05
2019,339,8.24,1.09
2019,340,12.36,7.04
2019,341,9.92,5.32
2019,342,11.38,5.54
2019,343,7.9,0.36
2019,344,10.68,1.0
2019,345,7.62,1.92
2019,346,8.26,1.33
2019,347,7.21,2.99
2019,348,8.26,3.1
2019,349,8.36,3.86
2019,350,7.33,5.21
2019,351,5.28,3.52
2019,352,9.72,3.03
2019,353,11.1,9.33
2019,354,10.15,5.41
2019,355,9.59,6.3
2019,356,7.92,6.13
2019,357,9.15,5.38
2019,358,10.45,6.13
2019,359,5.95,2.71
2019,360,9.31,2.74
2019,361,8.25,4.73
2019,362,8.87,5.18
2019,363,7.98,3.28
2019,364,8.69,3.42
2019,365,9.17,3.07
2020,1,5.49,1.28
2020,2,8.95,3.99
2020,3,9.78,1.74
2020,4,7.74,1.97
2020,5,7.52,3.93
2020,6,8.16,5.18
2020,7,11.23,5.21
2020,8,11.14,7.93
2020,9,11.61,6.48
2020,10,6.95,2.06
2020,11,9.31,3.89
2020,12,10.07,5.48
2020,13,10.61,5.23
2020,14,12.51,5.46
2020,15,11.27,4.83
2020,16,9.88,5.05
2020,17,9.27,2.87
2020,18,6.67,0.55
2020,19,6.1,-1.27
2020,20,5.66,-1.93
2020,21,5.55,-0.41
2020,22,6.3,2.91
2020,23,7.54,3.34
2020,24,6.71,3.31
2020,25,6.28,1.95
2020,26,8.57,6.25
2020,27,8.58,4.74
2020,28,5.91,1.63
2020,29,8.25,1.4
2020,30,11.16,5.67
2020,31,11.03,7.99
2020,32,10.89,5.29
2020,33,11.51,5.29
2020,34,10.25,3.23
2020,35,8.62,2.48
2020,36,6.83,1.16
2020,37,8.21,-0.3
2020,38,8.45,-0.34
2020,39,9.75,5.12
2020,40,12.42,6.92
2020,41,7.99,3.72
2020,42,5.57,2.31
2020,43,7.38,1.19
2020,44,9.19,3.57
2020,45,10.43,2.6
2020,46,11.55,9.48
2020,47,12.08,5.4
2020,48,9.19,3.73
2020,49,9.12,3.31
2020,50,7.78,1.08
2020,51,9.82,2.12
2020,52,9.39,2.2
2020,53,11.69,7.5
2020,54,12.97,4.67
2020,55,10.53,4.83
2020,56,8.15,2.4
2020,57,7.0,0.39
2020,58,6.44,-0.28
2020,59,10.24,-1.27
2020,60,9.57,3.84
2020,61,8.0,2.93
2020,62,8.44,1.0
2020,63,7.96,0.82
2020,64,6.94,-0.23
2020,65,5.74,3.49
2020,66,8.57,0.5
2020,67,11.97,0.13
2020,68,11.46,4.9
2020,69,9.31,4.23
2020,70,14.36,9.06
2020,71,13.22,7.62
2020,72,8.47,3.15
2020,73,10.36,4.17
2020,74,12.37,4.84
2020,75,10.74,4.18
2020,76,11.55,2.32
2020,77,12.71,2.19
2020,78,14.07,6.67
2020,79,8.39,5.19
2020,80,10.01,3.73
2020,81,8.79,1.81
2020,82,9.2,0.48
2020,83,9.93,-0.13
2020,84,12.28,-0.24
2020,85,11.65,-1.72
2020,86,11.32,-0.29
2020,87,12.18,0.22
2020,88,10.72,2.46
2020,89,6.91,1.24
2020,90,8.99,-1.11
2020,91,10.06,-0.51
2020,92,10.25,-1.54
2020,93,12.84,0.93
2020,94,11.8,3.39
2020,95,14.27,3.43
2020,96,17.24,4.57
2020,97,15.82,5.55
2020,98,17.1,3.26
2020,99,20.63,6.54
2020,100,20.02,6.5
2020,101,20.04,6.8
2020,102,22.18,6.23
2020,103,21.23,8.71
2020,104,10.55,1.69
2020,105,11.86,1.19
2020,106,15.8,1.7
2020,107,18.03,3.32
2020,108,13.72,6.3
2020,109,13.85,6.45
2020,110,15.73,4.27
2020,111,15.14,5.07
2020,112,15.53,6.53
2020,113,18.12,6.15
2020,114,20.61,6.72
2020,115,19.65,4.52
2020,116,15.53,4.08
2020,117,18.16,3.09
2020,118,16.14,5.06
2020,119,8.77,6.17
2020,120,12.43,5.22
2020,121,12.05,5.64
2020,122,13.23,5.72
2020,123,15.29,5.33
2020,124,14.44,6.06
2020,125,16.07,6.41
2020,126,13.45,4.06
2020,127,16.5,3.09
2020,128,19.98,3.83
2020,129,21.4,8.31
2020,130,21.52,8.15
2020,131,17.7,4.81
2020,132,10.88,2.08
2020,133,14.06,0.02
2020,134,11.79,2.51
2020,135,13.39,1.21
2020,136,17.06,0.86
2020,137,16.13,4.21
2020,138,17.13,6.38
2020,139,19.99,8.45
2020,140,22.72,9.79
2020,141,23.72,11.63
2020,142,24.35,10.15
2020,143,18.78,11.45
2020,144,16.18,9.65
2020,145,19.73,9.59
2020,146,23.04,8.86
2020,147,22.76,9.61
2020,148,22.83,10.34
2020,149,19.1,9.09
2020,150,20.14,8.72
2020,151,21.55,8.39
2020,152,21.46,9.91
2020,153,22.51,9.34
2020,154,21.91,9.01
2020,155,18.49,10.75
2020,156,15.77,9.04
2020,157,14.33,8.34
2020,158,12.86,5.77
2020,159,16.07,7.01
2020,160,16.53,8.03
2020,161,17.66,7.33
2020,162,15.2,9.44
2020,163,18.69,8.39
2020,164,18.3,11.26
2020,165,21.47,12.63
2020,166,20.41,11.17
2020,167,22.01,9.84
2020,168,21.05,10.89
2020,169,20.74,13.35
2020,170,18.17,11.31
2020,171,19.0,10.96
2020,172,19.99,10.39
2020,173,21.03,11.22
2020,174,21.39,8.25
2020,175,24.82,10.27
2020,176,27.34,13.86
2020,177,27.91,14.53
2020,178,27.26,14.19
2020,179,20.28,12.88
2020,180,18.78,10.96
2020,181,18.38,10.1
2020,182,18.95,11.01
2020,183,20.33,12.62
2020,184,19.73,10.8
2020,185,20.64,10.54
2020,186,22.05,13.99
2020,187,20.92,11.67
2020,188,19.66,10.5
2020,189,20.59,8.72
2020,190,20.86,13.82
2020,191,20.22,13.68
2020,192,18.71,10.51
2020,193,19.87,8.36
2020,194,22.15,11.12
2020,195,23.05,10.21
2020,196,19.79,12.63
2020,197,19.56,9.99
2020,198,22.28,12.88
2020,199,26.1,14.44
2020,200,24.52,12.47
2020,201,19.69,12.07
2020,202,21.26,9.12
2020,203,21.28,8.37
2020,204,23.65,10.56
2020,205,23.37,11.3
2020,206,24.43,13.85
2020,207,22.52,14.6
2020,208,22.11,12.46
2020,209,21.63,13.86
2020,210,21.54,11.19
2020,211,23.24,8.98
2020,212,26.27,13.29
2020,213,31.13,15.23
2020,214,24.45,14.98
2020,215,23.33,11.38
2020,216,21.4,12.67
2020,217,21.96,10.59
2020,218,24.02,13.63
2020,219,27.63,16.46
2020,220,32.76,15.43
2020,221,29.6,18.04
2020,222,30.42,16.54
2020,223,29.79,18.12
2020,224,32.79,18.9
2020,225,32.42,18.55
2020,226,28.9,18.41
2020,227,23.57,16.97
2020,228,24.82,16.85
2020,229,22.96,16.36
2020,230,22.26,14.35
2020,231,23.34,14.28
2020,232,20.64,14.11
2020,233,25.0,16.6
2020,234,22.99,15.97
2020,235,22.06,14.08
2020,236,22.36,13.25
2020,237,21.99,11.41
2020,238,22.33,15.52
2020,239,22.84,13.88
2020,240,20.35,12.57
2020,241,19.41,11.13
2020,242,17.35,10.98
2020,243,18.61,9.74
2020,244,18.72,8.17
2020,245,20.26,10.02
2020,246,21.01,9.11
2020,247,22.07,13.4
2020,248,20.68,11.47
2020,249,18.95,9.26
2020,250,19.76,7.77
2020,251,19.32,10.27
2020,252,25.34,13.47
2020,253,22.72,11.03
2020,254,19.8,7.44
2020,255,19.35,8.26
2020,256,21.73,10.2
2020,257,24.18,11.86
2020,258,26.71,10.14
2020,259,26.71,13.31
2020,260,24.81,13.65
2020,261,20.59,11.06
2020,262,20.22,11.26
2020,263,22.19,12.14
2020,264,23.54,12.2
2020,265,24.02,9.86
2020,266,23.64,12.32
2020,267,19.28,9.42
2020,268,15.05,7.4
2020,269,13.44,7.1
2020,270,13.28,5.08
2020,271,14.56,8.71
2020,272,17.54,6.95
2020,273,18.15,9.68
2020,274,17.91,8.94
2020,275,15.19,8.77
2020,276,12.99,10.25
2020,277,15.73,9.4
2020,278,10.47,7.33
2020,279,16.36,8.13
2020,280,15.82,9.68
2020,281,15.41,7.68
2020,282,17.82,8.67
2020,283,14.4,5.31
2020,284,13.0,3.91
2020,285,13.52,5.09
2020,286,12.48,4.74
2020,287,11.45,6.2
2020,288,13.48,7.4
2020,289,13.01,6.89
2020,290,13.44,4.94
2020,291,12.63,7.14
2020,292,13.54,5.4
2020,293,14.59,5.32
2020,294,16.91,10.19
2020,295,16.6,12.4
2020,296,15.88,7.46
2020,297,15.8,6.83
2020,298,15.22,6.52
2020,299,12.45,8.57
2020,300,13.11,6.49
2020,301,13.35,6.6
2020,302,11.74,6.68
2020,303,13.86,6.69
2020,304,16.21,12.78
2020,305,14.63,8.56
2020,306,15.98,8.87
2020,307,15.84,6.12
2020,308,10.59,3.13
2020,309,11.22,1.99
2020,310,10.6,2.67
2020,311,10.52,2.12
2020,312,14.12,3.3
2020,313,14.93,7.83
2020,314,14.56,9.25
2020,315,14.44,7.02
2020,316,12.22,6.77
2020,317,12.49,6.85
2020,318,12.48,6.61
2020,319,13.95,6.39
2020,320,13.63,7.16
2020,321,11.15,7.0
2020,322,13.76,10.81
2020,323,13.34,6.65
2020,324,8.78,1.22
2020,325,9.1,1.1
2020,326,11.27,9.08
2020,327,10.29,1.99
2020,328,9.63,1.72
2020,329,11.55,7.98
2020,330,12.5,5.76
2020,331,8.58,3.16
2020,332,6.58,1.84
2020,333,10.63,5.08
2020,334,8.12,4.78
2020,335,8.2,4.23
2020,336,6.34,1.91
2020,337,5.28,1.63
2020,338,6.28,2.14
2020,339,4.39,1.01
2020,340,5.7,1.05
2020,341,5.29,0.71
2020,342,1.78,-1.39
2020,343,2.55,-0.96
2020,344,5.58,2.45
2020,345,7.0,2.56
2020,346,9.71,5.85
2020,347,8.02,2.68
2020,348,11.19,2.91
2020,349,11.7,7.27
2020,350,9.84,5.6
2020,351,9.39,6.57
2020,352,10.06,5.58
2020,353,10.39,9.09
2020,354,11.28,7.45
2020,355,9.26,5.15
2020,356,12.86,6.03
2020,357,12.19,9.37
2020,358,12.51,5.57
2020,359,5.54,0.45
2020,360,2.95,-2.17
2020,361,8.69,0.54
2020,362,8.81,2.27
2020,363,3.47,1.16
2020,364,2.51,-0.69
2020,365,4.09,0.35
2020,366,1.96,-2.2
2021,1,2.84,-1.77
2021,2,3.5,-0.44
2021,3,4.41,-0.22
2021,4,4.58,0.25
2021,5,3.9,-0.2
2021,6,4.8,-0.44
2021,7,1.76,-3.09
2021,8,2.27,-2.96
2021,9,2.61,-2.7
2021,10,2.69,-2.44
2021,11,7.65,1.5
2021,12,8.59,-2.42
2021,13,6.71,-1.97
2021,14,6.04,-0.56
2021,15,3.86,-1.82
2021,16,5.77,0.55
2021,17,5.92,2.01
2021,18,7.36,1.74
2021,19,10.26,7.68
2021,20,9.73,8.49
2021,21,7.32,1.31
2021,22,6.46,0.1
2021,23,3.81,-2.44
2021,24,1.67,-2.37
2021,25,3.97,-3.59
2021,26,4.78,-3.03
2021,27,8.21,4.46
2021,28,12.0,6.44
2021,29,10.09,5.94
2021,30,5.89,0.81
2021,31,2.99,-1.38
2021,32,5.27,1.47
2021,33,11.82,3.45
2021,34,8.89,3.88
2021,35,9.14,3.41
2021,36,9.51,3.37
2021,37,7.09,2.05
2021,38,1.14,-2.4
2021,39,-0.49,-2.66
2021,40,0.46,-2.82
2021,41,1.24,-3.89
2021,42,0.16,-3.44
2021,43,0.11,-3.83
2021,44,-0.83,-4.99
2021,45,2.68,-1.09
2021,46,10.28,3.11
2021,47,8.27,6.18
2021,48,10.05,6.54
2021,49,9.18,2.58
2021,50,9.79,2.56
2021,51,12.51,7.54
2021,52,13.65,7.55
2021,53,11.39,4.11
2021,54,11.67,3.91
2021,55,12.71,8.73
2021,56,11.37,3.07
2021,57,10.65,-0.16
2021,58,11.14,-0.36
2021,59,10.3,1.98
2021,60,8.8,2.46
2021,61,9.86,2.45
2021,62,9.83,1.98
2021,63,6.72,0.62
2021,64,6.8,-1.21
2021,65,6.91,-1.98
2021,66,6.22,-1.97
2021,67,7.3,-1.61
2021,68,11.34,-0.59
2021,69,10.62,4.27
2021,70,10.53,3.58
2021,71,9.07,3.21
2021,72,8.94,2.65
2021,73,9.38,3.11
2021,74,10.89,4.1
2021,75,12.56,3.41
2021,76,9.38,3.09
2021,77,8.24,3.31
2021,78,10.33,1.14
2021,79,10.89,0.86
2021,80,11.72,4.31
2021,81,12.15,0.8
2021,82,12.0,1.52
2021,83,11.24,3.48
2021,84,12.64,1.1
2021,85,10.79,4.04
2021,86,10.3,2.58
2021,87,11.21,6.56
2021,88,16.7,4.24
2021,89,20.14,3.94
2021,90,20.44,6.46
2021,91,12.83,3.42
2021,92,10.75,2.24
2021,93,10.72,0.59
2021,94,13.36,-0.77
2021,95,6.23,-0.58
2021,96,5.8,-2.1
2021,97,6.85,-3.27
2021,98,11.04,-1.59
2021,99,12.27,3.98
2021,100,6.61,1.82
2021,101,7.6,-0.61
2021,102,8.04,-2.52
2021,103,10.08,-0.91
2021,104,9.86,-0.25
2021,105,9.35,-1.95
2021,106,11.09,-1.12
2021,107,12.0,-1.5
2021,108,13.35,1.28
2021,109,15.4,2.24
2021,110,15.12,3.07
2021,111,13.14,1.76
2021,112,12.81,-0.36
2021,113,13.98,0.06
2021,114,13.95,2.68
2021,115,12.07,1.91
2021,116,11.9,0.27
2021,117,15.32,0.29
2021,118,11.45,3.54
2021,119,10.61,1.57
2021,120,10.44,1.55
2021,121,10.08,1.07
2021,122,12.21,2.37
2021,123,11.29,4.23
2021,124,12.05,4.54
2021,125,10.57,3.16
2021,126,9.96,2.62
2021,127,13.0,2.98
2021,128,17.44,4.3
2021,129,18.15,9.33
2021,130,15.02,7.3
2021,131,14.91,5.42
2021,132,14.83,7.29
2021,133,13.45,7.2
2021,134,13.03,7.11
2021,135,13.36,7.67
2021,136,13.65,7.15
2021,137,14.47,8.57
2021,138,14.93,5.76
2021,139,15.52,6.86
2021,140,13.16,5.95
2021,141,13.12,9.12
2021,142,13.39,6.75
2021,143,12.43,4.12
2021,144,12.05,6.72
2021,145,15.35,5.58
2021,146,15.44,5.02
2021,147,18.76,5.99
2021,148,18.51,8.4
2021,149,19.56,7.54
2021,150,18.19,6.55
2021,151,21.59,7.37
2021,152,22.44,8.65
2021,153,22.9,9.7
2021,154,22.17,13.8
2021,155,16.03,11.89
2021,156,21.61,9.27
2021,157,21.04,11.15
2021,158,21.74,10.49
2021,159,21.81,11.03
2021,160,22.46,9.61
2021,161,23.06,12.52
2021,162,22.89,13.41
2021,163,22.24,11.94
2021,164,24.76,11.97
2021,165,25.8,12.3
2021,166,23.2,13.13
2021,167,25.38,11.3
2021,168,22.5,15.66
2021,169,17.63,11.66
2021,170,17.23,9.6
2021,171,18.9,11.62
2021,172,14.73,11.12
2021,173,17.45,8.28
2021,174,19.82,7.5
2021,175,20.99,8.11
2021,176,19.99,12.45
2021,177,21.08,9.86
2021,178,21.09,13.73
2021,179,22.38,13.59
2021,180,19.63,11.28
2021,181,16.2,10.51
2021,182,19.43,11.31
2021,183,22.83,13.98
2021,184,22.28,14.01
2021,185,19.74,13.52
2021,186,19.84,12.59
2021,187,18.99,11.86
2021,188,20.35,11.76
2021,189,21.08,11.89
2021,190,21.76,12.15
2021,191,18.88,12.27
2021,192,20.43,10.73
2021,193,21.28,13.1
2021,194,22.54,12.66
2021,195,23.2,13.92
2021,196,23.03,12.45
2021,197,23.98,10.05
2021,198,25.33,11.88
2021,199,28.81,14.82
2021,200,28.82,15.52
2021,201,28.63,14.8
2021,202,27.47,15.64
2021,203,26.46,14.46
2021,204,22.74,13.54
2021,205,22.58,14.72
2021,206,20.09,15.3
2021,207,23.9,13.59
2021,208,20.91,14.88
2021,209,20.84,12.67
2021,210,21.3,11.25
2021,211,19.73,13.49
2021,212,20.45,12.43
2021,213,20.75,12.58
2021,214,19.9,10.35
2021,215,20.96,11.84
2021,216,21.5,10.96
2021,217,20.5,12.01
2021,218,21.74,13.35
2021,219,19.74,13.11
2021,220,19.81,12.88
2021,221,20.69,13.25
2021,222,22.86,11.82
2021,223,23.07,12.22
2021,224,22.59,13.4
2021,225,22.63,12.8
2021,226,23.5,12.79
2021,227,23.26,12.61
2021,228,18.53,11.51
2021,229,20.09,10.3
2021,230,23.03,13.78
2021,231,21.16,12.98
2021,232,23.1,12.1
2021,233,19.75,12.88
2021,234,21.99,14.33
2021,235,21.94,12.37
2021,236,22.1,11.79
2021,237,21.73,10.98
2021,238,19.29,13.0
2021,239,20.14,11.0
2021,240,20.87,10.52
2021,241,20.31,9.2
2021,242,21.23,12.15
2021,243,20.68,12.59
2021,244,19.92,12.97
2021,245,20.17,12.11
2021,246,22.06,10.34
2021,247,21.78,11.62
2021,248,23.9,13.19
2021,249,26.72,13.39
2021,250,27.17,14.64
2021,251,26.44,14.6
2021,252,23.25,15.18
2021,253,22.96,14.73
2021,254,22.5,13.06
2021,255,21.46,10.81
2021,256,20.64,12.46
2021,257,20.72,13.34
2021,258,21.08,11.59
2021,259,22.72,11.04
2021,260,21.48,10.99
2021,261,23.4,12.27
2021,262,19.68,13.6
2021,263,20.26,10.76
2021,264,20.81,8.65
2021,265,21.63,9.87
2021,266,21.89,9.58
2021,267,22.88,9.86
2021,268,22.39,12.82
2021,269,20.8,13.23
2021,270,17.38,10.53
2021,271,15.97,9.26
2021,272,15.01,6.41
2021,273,16.05,5.85
2021,274,17.69,6.81
2021,275,16.31,6.24
2021,276,16.24,8.76
2021,277,16.54,10.61
2021,278,14.91,9.57
2021,279,16.62,8.17
2021,280,20.31,8.51
2021,281,19.94,9.04
2021,282,18.38,7.81
2021,283,17.84,7.33
2021,284,15.62,7.08
2021,285,16.19,6.79
2021,286,16.34,5.13
2021,287,16.96,6.52
2021,288,14.71,6.88
2021,289,15.44,6.76
2021,290,17.39,8.45
2021,291,15.71,8.48
2021,292,19.36,15.22
2021,293,17.9,11.01
2021,294,11.8,4.31
2021,295,13.23,3.88
2021,296,14.2,4.96
2021,297,14.73,9.65
2021,298,15.52,7.22
2021,299,16.9,7.04
2021,300,17.19,12.46
2021,301,15.79,10.94
2021,302,15.38,9.09
2021,303,14.37,8.12
2021,304,14.25,8.55
2021,305,12.82,4.7
2021,306,11.07,2.89
2021,307,9.28,1.09
2021,308,9.19,1.86
2021,309,9.05,0.46
2021,310,12.0,6.05
2021,311,12.09,4.91
2021,312,12.14,3.88
2021,313,14.7,7.41
2021,314,12.74,6.39
2021,315,14.08,8.08
2021,316,14.45,8.22
2021,317,12.76,7.17
2021,318,12.88,6.93
2021,319,11.81,6.63
2021,320,10.84,5.63
2021,321,11.42,4.21
2021,322,13.07,4.41
2021,323,11.59,6.68
2021,324,10.28,7.08
2021,325,7.69,2.24
2021,326,9.7,2.44
2021,327,8.21,0.79
2021,328,7.37,2.55
2021,329,5.9,0.98
2021,330,8.18,0.91
2021,331,4.48,1.48
2021,332,3.14,-2.26
2021,333,3.16,-2.39
2021,334,10.33,3.97
2021,335,10.82,1.09
2021,336,4.26,-1.79
2021,337,7.83,-0.32
2021,338,6.52,3.64
2021,339,6.08,2.72
2021,340,6.93,1.58
2021,341,7.07,0.55
2021,342,7.67,3.82
2021,343,7.61,2.28
2021,344,7.6,1.7
2021,345,9.21,1.59
2021,346,12.45,9.26
2021,347,11.08,7.57
2021,348,11.95,7.57
2021,349,12.33,8.0
2021,350,11.28,5.13
2021,351,7.79,4.96
2021,352,8.77,5.85
2021,353,5.65,3.87
2021,354,6.48,2.39
2021,355,5.76,-2.42
2021,356,4.14,-2.46
2021,357,9.47,2.42
2021,358,9.46,7.53
2021,359,7.64,4.31
2021,360,8.63,4.37
2021,361,10.01,7.06
2021,362,9.77,6.74
2021,363,13.81,6.2
2021,364,13.7,11.09
2021,365,13.91,9.61
2022,1,12.75,10.16
2022,2,11.77,8.12
2022,3,9.52,7.33
2022,4,7.35,-0.24
2022,5,5.49,-0.51
2022,6,6.31,-2.82
2022,7,5.44,2.27
2022,8,9.21,2.14
2022,9,6.65,1.64
2022,10,7.57,1.9
2022,11,10.09,5.08
2022,12,7.16,1.25
2022,13,7.7,0.13
2022,14,6.1,-0.99
2022,15,4.49,0.82
2022,16,6.51,0.87
2022,17,7.4,0.35
2022,18,7.23,0.12
2022,19,8.82,2.08
2022,20,5.0,-1.84
2022,21,5.35,-3.12
2022,22,6.6,0.61
2022,23,6.27,0.46
2022,24,5.39,-0.22
2022,25,3.64,-1.26
2022,26,7.03,-1.35
2022,27,10.98,2.44
2022,28,8.57,2.68
2022,29,12.09,3.26
2022,30,7.44,-1.55
2022,31,7.09,1.97
2022,32,12.16,2.52
2022,33,11.65,5.43
2022,34,9.74,5.89
2022,35,8.53,2.05
2022,36,9.63,0.65
2022,37,10.67,4.01
2022,38,9.52,1.48
2022,39,11.68,6.97
2022,40,10.63,6.66
2022,41,6.97,1.0
2022,42,8.16,0.68
2022,43,8.3,1.0
2022,44,9.0,5.93
2022,45,9.08,2.96
2022,46,8.76,1.37
2022,47,14.26,8.91
2022,48,10.86,6.26
2022,49,10.66,3.18
2022,50,8.96,1.64
2022,51,11.18,4.07
2022,52,10.35,3.5
2022,53,12.4,3.01
2022,54,11.2,2.86
2022,55,7.78,1.38
2022,56,10.09,1.36
2022,57,9.93,-0.25
2022,58,9.11,0.42
2022,59,11.93,3.83
2022,60,8.65,6.52
2022,61,7.69,4.19
2022,62,13.15,3.92
2022,63,8.62,3.46
2022,64,7.74,2.44
2022,65,7.88,1.31
2022,66,7.33,-0.02
2022,67,10.66,-1.19
2022,68,11.61,5.95
2022,69,14.4,5.84
2022,70,11.32,6.49
2022,71,11.99,6.96
2022,72,11.37,6.27
2022,73,12.18,3.78
2022,74,14.21,3.12
2022,75,11.11,5.27
2022,76,12.88,1.22
2022,77,15.21,3.78
2022,78,13.26,5.29
2022,79,10.66,1.06
2022,80,15.3,-0.77
2022,81,17.63,6.3
2022,82,17.86,4.52
2022,83,17.12,4.26
2022,84,16.33,2.34
2022,85,16.3,2.61
2022,86,14.66,4.25
2022,87,15.0,4.07
2022,88,11.93,6.28
2022,89,10.88,1.62
2022,90,5.92,-0.09
2022,91,7.62,-1.19
2022,92,7.66,-1.6
2022,93,9.41,-2.96
2022,94,13.31,2.17
2022,95,14.72,6.68
2022,96,12.59,6.88
2022,97,11.81,2.47
2022,98,9.87,2.21
2022,99,10.36,-0.05
2022,100,13.18,-0.03
2022,101,15.03,4.98
2022,102,17.88,7.68
2022,103,17.54,6.9
2022,104,18.16,6.44
2022,105,20.15,7.96
2022,106,17.82,6.86
2022,107,17.33,5.27
2022,108,15.19,5.68
2022,109,15.97,4.9
2022,110,16.64,6.1
2022,111,16.99,6.15
2022,112,15.11,6.52
2022,113,15.88,8.83
2022,114,17.04,5.78
2022,115,13.23,5.25
2022,116,14.86,3.88
2022,117,13.25,3.73
2022,118,14.44,3.75
2022,119,13.47,3.42
2022,120,16.51,1.84
2022,121,13.19,8.12
2022,122,15.31,7.54
2022,123,15.93,6.69
2022,124,15.38,8.16
2022,125,18.75,6.55
2022,126,20.6,7.97
2022,127,17.31,8.22
2022,128,17.56,5.81
2022,129,20.66,4.15
2022,130,19.1,11.04
2022,131,16.98,8.25
2022,132,17.94,6.06
2022,133,19.09,8.31
2022,134,20.9,7.02
2022,135,17.49,11.04
2022,136,20.82,12.0
2022,137,23.13,10.39
2022,138,20.33,8.82
2022,139,20.79,11.0
2022,140,16.94,10.34
2022,141,19.42,8.64
2022,142,21.39,9.4
2022,143,18.47,9.83
2022,144,16.58,8.51
2022,145,17.47,6.74
2022,146,20.41,9.19
2022,147,19.05,9.09
2022,148,17.3,6.84
2022,149,14.62,5.29
2022,150,15.29,5.69
2022,151,15.38,7.53
2022,152,16.93,6.6
2022,153,19.03,6.84
2022,154,20.03,8.43
2022,155,19.03,10.9
2022,156,16.53,10.93
2022,157,17.25,10.44
2022,158,20.68,10.15
2022,159,20.42,11.55
2022,160,19.66,9.44
2022,161,21.85,12.13
2022,162,21.48,9.81
2022,163,21.02,9.26
2022,164,20.69,9.15
2022,165,22.0,9.76
2022,166,23.96,9.28
2022,167,25.6,12.52
2022,168,28.14,13.69
2022,169,21.61,11.17
2022,170,19.47,10.13
2022,171,20.77,9.49
2022,172,21.86,8.53
2022,173,24.2,9.86
2022,174,24.71,10.03
2022,175,22.13,13.43
2022,176,19.49,11.78
2022,177,20.35,10.43
2022,178,19.74,10.31
2022,179,20.59,8.98
2022,180,21.58,12.34
2022,181,18.55,11.17
2022,182,21.14,9.7
2022,183,20.96,10.56
2022,184,22.29,10.02
2022,185,23.31,9.64
2022,186,22.7,9.18
2022,187,24.38,10.4
2022,188,23.48,14.37
2022,189,27.04,12.15
2022,190,25.13,13.06
2022,191,27.81,13.05
2022,192,28.98,14.92
2022,193,29.83,16.29
2022,194,27.52,16.89
2022,195,24.63,14.04
2022,196,25.6,11.62
2022,197,26.26,12.14
2022,198,27.42,13.53
2022,199,33.85,16.77
2022,200,34.53,17.88
2022,201,27.25,17.12
2022,202,24.54,15.11
2022,203,20.58,14.44
2022,204,26.64,13.22
2022,205,26.1,16.09
2022,206,25.24,14.59
2022,207,21.16,13.26
2022,208,21.28,13.09
2022,209,21.58,13.37
2022,210,26.67,12.27
2022,211,27.12,14.4
2022,212,27.07,17.42
2022,213,26.83,15.99
2022,214,28.2,17.37
2022,215,28.84,16.35
2022,216,25.17,14.5
2022,217,23.2,11.77
2022,218,24.37,9.52
2022,219,27.18,12.24
2022,220,28.2,13.91
2022,221,27.84,13.51
2022,222,29.41,14.15
2022,223,31.5,15.3
2022,224,32.03,15.93
2022,225,32.53,16.68
2022,226,32.4,16.61
2022,227,30.09,16.98
2022,228,22.16,17.57
2022,229,21.64,15.06
2022,230,26.71,15.47
2022,231,25.59,14.41
2022,232,25.0,11.83
2022,233,24.81,13.33
2022,234,25.19,12.5
2022,235,26.99,16.68
2022,236,28.64,16.85
2022,237,21.45,13.31
2022,238,24.72,11.07
2022,239,24.33,14.23
2022,240,22.81,12.92
2022,241,22.74,13.09
2022,242,22.44,13.6
2022,243,23.54,13.08
2022,244,24.68,14.58
2022,245,23.78,15.24
2022,246,24.87,14.22
2022,247,24.57,15.4
2022,248,22.28,16.36
2022,249,21.68,15.12
2022,250,22.76,15.05
2022,251,20.12,14.15
2022,252,20.74,13.32
2022,253,22.03,11.63
2022,254,23.94,11.79
2022,255,25.18,15.06
2022,256,20.96,14.4
2022,257,22.49,12.43
2022,258,19.71,9.48
2022,259,16.93,7.43
2022,260,17.51,5.09
2022,261,18.15,6.41
2022,262,18.57,6.9
2022,263,19.39,7.34
2022,264,20.81,10.95
2022,265,20.72,8.92
2022,266,18.67,11.09
2022,267,18.29,9.23
2022,268,16.56,7.61
2022,269,16.15,8.83
2022,270,14.49,6.68
2022,271,15.52,6.49
2022,272,15.35,5.32
2022,273,16.46,6.36
2022,274,19.51,11.07
2022,275,18.83,9.01
2022,276,19.1,7.55
2022,277,20.34,13.71
2022,278,19.56,9.99
2022,279,18.93,6.75
2022,280,18.84,9.63
2022,281,17.22,6.99
2022,282,17.88,6.5
2022,283,16.66,6.06
2022,284,16.25,3.53
2022,285,18.21,7.27
2022,286,17.82,10.58
2022,287,15.25,7.49
2022,288,16.9,7.28
2022,289,17.2,8.89
2022,290,17.59,8.98
2022,291,18.42,5.67
2022,292,15.98,10.88
2022,293,18.13,9.67
2022,294,18.52,10.88
2022,295,18.55,11.38
2022,296,19.48,13.87
2022,297,17.54,11.26
2022,298,17.51,9.74
2022,299,19.31,13.29
2022,300,19.9,13.24
2022,301,18.67,9.52
2022,302,20.86,9.46
2022,303,15.74,11.63
2022,304,17.23,11.05
2022,305,15.43,9.74
2022,306,15.04,6.86
2022,307,13.76,6.82
2022,308,12.42,3.59
2022,309,12.66,2.61
2022,310,13.93,10.29
2022,311,15.15,10.56
2022,312,14.31,11.55
2022,313,13.51,8.54
2022,314,15.45,8.85
2022,315,16.03,7.78
2022,316,16.08,7.38
2022,317,15.14,8.26
2022,318,15.67,7.35
2022,319,12.64,7.14
2022,320,12.23,8.29
2022,321,10.82,6.64
2022,322,11.59,4.44
2022,323,9.33,4.28
2022,324,10.1,3.99
2022,325,8.46,4.33
2022,326,7.72,3.57
2022,327,11.31,4.36
2022,328,11.88,5.41
2022,329,11.55,5.42
2022,330,11.2,6.43
2022,331,12.06,7.23
2022,332,10.47,5.24
2022,333,6.69,4.79
2022,334,9.56,3.86
2022,335,8.34,2.37
2022,336,7.18,3.37
2022,337,7.4,2.99
2022,338,5.98,3.03
2022,339,7.69,3.44
2022,340,5.6,1.79
2022,341,3.83,-1.05
2022,342,2.82,-4.28
2022,343,2.26,-3.38
2022,344,2.98,-1.94
2022,345,0.66,-1.98
2022,346,1.92,-2.41
2022,347,0.69,-2.29
2022,348,0.97,-2.49
2022,349,0.78,-4.67
2022,350,2.01,-3.56
2022,351,4.54,-3.2
2022,352,7.6,-1.89
2022,353,11.42,8.0
2022,354,11.49,4.43
2022,355,10.1,4.71
2022,356,10.38,3.69
2022,357,11.41,6.55
2022,358,10.06,6.66
2022,359,10.56,7.69
2022,360,8.68,2.96
2022,361,9.64,3.11
2022,362,11.4,8.28
2022,363,8.57,4.58
2022,364,12.4,5.16
2022,365,12.62,9.92
2023,1,10.58,6.36
2023,2,7.31,-0.06
2023,3,11.58,-0.01
2023,4,12.39,9.31
2023,5,12.27,8.48
2023,6,11.03,4.3
2023,7,11.04,6.3
2023,8,9.08,4.39
2023,9,7.61,3.29
2023,10,11.89,2.45
2023,11,9.61,6.11
2023,12,11.35,6.0
2023,13,8.71,4.53
2023,14,11.64,4.74
2023,15,6.89,2.38
2023,16,4.15,-5.05
2023,17,2.14,-4.86
2023,18,2.99,-2.42
2023,19,3.1,-1.83
2023,20,4.59,-1.4
2023,21,5.43,-1.95
2023,22,4.23,-2.68
2023,23,4.43,-2.84
2023,24,4.14,-1.74
2023,25,3.49,-1.63
2023,26,5.57,0.45
2023,27,6.95,-0.76
2023,28,5.88,-1.73
2023,29,6.97,1.09
2023,30,8.09,0.62
2023,31,10.44,1.52
2023,32,9.31,1.96
2023,33,11.05,3.86
2023,34,12.11,6.79
2023,35,9.69,4.97
2023,36,8.33,0.02
2023,37,9.01,0.24
2023,38,7.2,-0.44
2023,39,7.02,-1.43
2023,40,8.83,-0.63
2023,41,6.6,-1.43
2023,42,10.21,4.3
2023,43,9.25,3.09
2023,44,10.68,1.12
2023,45,10.94,2.06
2023,46,12.89,1.8
2023,47,11.66,5.72
2023,48,13.87,8.23
2023,49,12.53,8.6
2023,50,12.15,5.69
2023,51,12.99,5.46
2023,52,10.06,5.41
2023,53,9.08,3.33
2023,54,9.14,-1.1
2023,55,9.5,-1.9
2023,56,7.51,0.71
2023,57,6.91,-1.21
2023,58,7.85,-1.79
2023,59,8.78,1.52
2023,60,8.38,0.68
2023,61,8.79,-0.51
2023,62,7.64,1.41
2023,63,8.61,0.95
2023,64,4.86,-0.64
2023,65,8.0,-1.78
2023,66,4.1,-0.79
2023,67,3.3,-0.44
2023,68,9.84,0.85
2023,69,7.38,0.16
2023,70,6.7,-2.42
2023,71,13.26,5.08
2023,72,13.7,9.04
2023,73,8.94,2.94
2023,74,7.29,1.1
2023,75,12.86,7.24
2023,76,13.97,8.62
2023,77,13.42,7.75
2023,78,11.92,4.83
2023,79,12.78,5.68
2023,80,13.56,7.89
2023,81,13.63,8.54
2023,82,14.21,7.98
2023,83,13.17,7.53
2023,84,13.38,6.93
2023,85,9.03,1.58
2023,86,10.27,-0.58
2023,87,10.26,2.2
2023,88,13.93,8.05
2023,89,14.96,9.7
2023,90,12.92,8.81
2023,91,11.24,5.53
2023,92,11.82,1.03
2023,93,11.98,0.64
2023,94,13.14,-0.46
2023,95,12.08,0.08
2023,96,13.21,4.55
2023,97,13.84,3.17
2023,98,14.07,3.01
2023,99,15.38,4.01
2023,100,14.72,6.2
2023,101,12.36,4.3
2023,102,9.89,3.33
2023,103,12.02,2.91
2023,104,11.45,2.27
2023,105,13.63,5.9
2023,106,15.13,5.75
2023,107,16.02,6.53
2023,108,12.2,4.34
2023,109,15.27,5.53
2023,110,14.34,3.65
2023,111,10.96,4.7
2023,112,13.37,4.66
2023,113,12.18,6.54
2023,114,11.47,4.12
2023,115,11.69,1.07
2023,116,12.16,2.8
2023,117,12.81,3.79
2023,118,17.26,6.51
2023,119,17.6,5.83
2023,120,16.91,5.59
2023,121,16.44,7.11
2023,122,15.12,5.48
2023,123,14.33,4.05
2023,124,18.57,7.53
2023,125,16.85,8.84
2023,126,14.61,8.47
2023,127,20.06,9.15
2023,128,16.2,9.36
2023,129,18.03,10.9
2023,130,17.2,8.99
2023,131,17.16,7.44
2023,132,14.33,8.23
2023,133,17.73,7.31
2023,134,19.94,6.77
2023,135,15.31,6.73
2023,136,16.99,3.98
2023,137,17.57,6.57
2023,138,18.14,7.26
2023,139,16.27,6.98
2023,140,18.76,6.37
2023,141,18.67,7.14
2023,142,19.88,8.62
2023,143,17.09,7.3
2023,144,20.3,7.03
2023,145,18.52,7.8
2023,146,17.72,6.58
2023,147,18.76,6.99
2023,148,20.05,5.8
2023,149,16.55,6.67
2023,150,18.06,7.19
2023,151,18.99,10.0
2023,152,18.7,9.21
2023,153,17.66,7.75
2023,154,20.74,7.67
2023,155,20.11,7.99
2023,156,18.6,8.23
2023,157,18.29,8.47
2023,158,20.22,7.16
2023,159,20.49,8.13
2023,160,22.88,10.2
2023,161,26.65,12.37
2023,162,27.59,13.69
2023,163,25.89,14.98
2023,164,25.47,12.36
2023,165,25.38,10.49
2023,166,25.22,10.77
2023,167,24.79,11.07
2023,168,24.08,12.59
2023,169,22.27,15.9
2023,170,22.71,13.1
2023,171,22.49,14.57
2023,172,23.69,12.81
2023,173,25.63,13.56
2023,174,24.73,14.17
2023,175,26.79,13.24
2023,176,27.24,14.58
2023,177,21.43,12.38
2023,178,21.92,11.91
2023,179,24.42,14.17
2023,180,21.65,14.54
2023,181,19.59,11.56
2023,182,22.69,12.84
2023,183,20.65,10.54
2023,184,19.53,11.43
2023,185,18.25,11.8
2023,186,20.18,9.83
2023,187,21.64,9.49
2023,188,26.55,10.72
2023,189,26.06,16.53
2023,190,22.11,14.29
2023,191,23.23,12.24
2023,192,21.74,14.62
2023,193,21.55,12.26
2023,194,21.65,11.7
2023,195,19.91,12.06
2023,196,20.93,14.45
2023,197,20.77,13.08
2023,198,21.58,11.87
2023,199,21.75,12.22
2023,200,22.98,12.01
2023,201,22.49,10.99
2023,202,20.43,10.92
2023,203,19.98,12.16
2023,204,23.61,15.15
2023,205,19.06,11.98
2023,206,20.25,10.9
2023,207,20.64,9.43
2023,208,23.7,15.97
2023,209,23.83,13.6
2023,210,22.8,14.24
2023,211,21.45,13.04
2023,212,22.2,13.2
2023,213,22.53,12.99
2023,214,20.34,14.59
2023,215,21.58,13.32
2023,216,20.67,12.2
2023,217,20.29,11.49
2023,218,18.91,9.62
2023,219,21.78,9.24
2023,220,19.07,9.83
2023,221,23.89,10.69
2023,222,24.73,12.7
2023,223,24.18,15.55
2023,224,22.47,12.97
2023,225,22.15,14.38
2023,226,22.52,14.67
2023,227,23.97,11.16
2023,228,24.87,13.07
2023,229,23.78,14.29
2023,230,22.94,15.62
2023,231,24.13,14.82
2023,232,24.36,13.11
2023,233,24.12,11.62
2023,234,25.23,14.31
2023,235,26.11,12.19
2023,236,26.69,15.16
2023,237,21.59,11.01
2023,238,19.36,11.68
2023,239,19.58,9.48
2023,240,21.16,9.06
2023,241,21.15,9.75
2023,242,19.85,9.41
2023,243,19.29,9.83
2023,244,23.39,13.92
2023,245,24.02,14.41
2023,246,25.38,13.24
2023,247,27.39,13.93
2023,248,27.92,14.78
2023,249,28.63,15.15
2023,250,29.44,16.09
2023,251,27.97,16.88
2023,252,31.07,18.59
2023,253,28.07,17.24
2023,254,25.2,15.81
2023,255,23.48,14.7
2023,256,21.1,12.55
2023,257,23.32,11.35
2023,258,25.19,12.0
2023,259,25.92,14.13
2023,260,21.22,14.67
2023,261,20.96,12.36
2023,262,20.47,12.77
2023,263,21.56,13.52
2023,264,18.37,10.87
2023,265,18.21,9.59
2023,266,18.34,7.96
2023,267,20.47,12.13
2023,268,21.94,13.5
2023,269,22.52,13.18
2023,270,20.75,13.04
2023,271,19.47,12.42
2023,272,20.11,11.6
2023,273,20.32,8.91
2023,274,22.35,14.85
2023,275,20.96,13.96
2023,276,18.21,11.12
2023,277,18.04,9.82
2023,278,19.11,11.23
2023,279,21.42,13.26
2023,280,22.89,13.95
2023,281,22.83,12.37
2023,282,22.07,11.66
2023,283,22.03,11.81
2023,284,19.12,14.01
2023,285,16.99,11.69
2023,286,21.62,8.02
2023,287,13.52,5.66
2023,288,11.4,2.93
2023,289,12.31,3.02
2023,290,14.6,7.49
2023,291,16.38,9.81
2023,292,18.67,13.6
2023,293,15.6,11.54
2023,294,15.27,7.41
2023,295,15.25,6.69
2023,296,13.56,7.12
2023,297,14.53,8.08
2023,298,14.44,8.36
2023,299,15.71,8.07
2023,300,13.0,7.33
2023,301,15.27,9.92
2023,302,13.08,9.12
2023,303,12.95,7.17
2023,304,14.74,6.57
2023,305,13.4,9.33
2023,306,12.39,8.54
2023,307,13.19,6.57
2023,308,13.12,6.52
2023,309,12.78,7.35
2023,310,13.05,7.08
2023,311,12.14,5.56
2023,312,12.93,4.84
2023,313,10.05,4.58
2023,314,9.48,3.12
2023,315,10.05,3.19
2023,316,9.36,3.93
2023,317,14.8,8.57
2023,318,11.97,7.99
2023,319,11.32,5.0
2023,320,6.65,4.02
2023,321,9.53,4.31
2023,322,14.52,7.57
2023,323,13.11,9.55
2023,324,11.48,7.26
2023,325,10.85,4.86
2023,326,9.45,4.3
2023,327,12.48,7.47
2023,328,7.93,-0.05
2023,329,5.58,-1.86
2023,330,9.04,-0.07
2023,331,9.46,3.76
2023,332,6.55,-0.04
2023,333,4.3,-2.49
2023,334,5.05,-2.13
2023,335,3.99,-2.51
2023,336,0.41,-2.75
2023,337,7.34,1.28
2023,338,6.42,4.12
2023,339,5.4,2.25
2023,340,4.38,0.5
2023,341,6.99,4.45
2023,342,10.29,5.8
2023,343,13.07,6.96
2023,344,10.31,5.76
2023,345,10.23,4.11
2023,346,11.17,7.01
2023,347,7.68,2.98
2023,348,6.9,2.03
2023,349,8.2,2.19
2023,350,11.26,4.42
2023,351,9.51,6.51
2023,352,11.43,7.95
2023,353,11.34,4.24
2023,354,9.1,4.38
2023,355,12.03,7.74
2023,356,9.99,7.71
2023,357,10.49,7.43
2023,358,13.21,9.92
2023,359,12.03,9.31
2023,360,8.77,4.47
2023,361,11.34,6.22
2023,362,11.42,8.72
2023,363,10.37,5.37
2023,364,10.7,5.15
2023,365,10.03,6.1
2024,1,10.59,5.68
2024,2,12.66,8.23
2024,3,9.65,7.38
2024,4,8.04,4.71
2024,5,6.84,3.89
2024,6,5.82,0.77
2024,7,4.55,-0.5
2024,8,2.92,-1.45
2024,9,2.9,-2.44
2024,10,4.18,-2.59
2024,11,4.31,-2.66
2024,12,5.78,1.3
2024,13,3.43,-1.3
2024,14,4.49,-1.12
2024,15,1.74,-3.7
2024,16,3.36,-3.71
2024,17,1.49,-3.71
2024,18,2.05,-4.79
2024,19,3.28,-3.12
2024,20,4.37,-0.69
2024,21,11.31,1.95
2024,22,11.63,5.04
2024,23,11.54,3.08
2024,24,11.35,5.23
2024,25,11.23,4.7
2024,26,11.54,0.57
2024,27,8.58,-0.5
2024,28,10.05,3.02
2024,29,11.53,7.07
2024,30,9.8,3.28
2024,31,9.5,1.04
2024,32,8.65,0.17
2024,33,11.89,2.6
2024,34,13.49,8.96
2024,35,13.34,8.6
2024,36,11.48,7.19
2024,37,12.03,9.31
2024,38,8.69,2.66
2024,39,10.9,2.7
2024,40,11.97,8.55
2024,41,11.13,5.79
2024,42,10.02,3.76
2024,43,9.13,2.94
2024,44,10.77,3.06
2024,45,12.88,9.81
2024,46,15.49,9.35
2024,47,12.84,7.41
2024,48,12.91,6.33
2024,49,14.67,6.96
2024,50,12.71,5.22
2024,51,11.24,3.91
2024,52,10.86,8.24
2024,53,11.92,2.91
2024,54,8.25,2.88
2024,55,7.77,1.84
2024,56,8.36,1.24
2024,57,7.29,2.52
2024,58,7.74,0.1
2024,59,11.5,4.67
2024,60,10.76,4.63
2024,61,7.88,3.76
2024,62,7.6,0.92
2024,63,7.96,0.62
2024,64,10.91,-0.4
2024,65,8.15,3.32
2024,66,10.74,3.09
2024,67,10.86,3.99
2024,68,9.71,3.02
2024,69,12.4,6.27
2024,70,10.47,6.23
2024,71,9.21,4.73
2024,72,13.14,4.77
2024,73,12.94,9.01
2024,74,13.75,8.09
2024,75,14.31,6.39
2024,76,13.11,4.33
2024,77,15.05,8.26
2024,78,14.22,6.06
2024,79,12.46,7.66
2024,80,15.55,8.11
2024,81,14.35,6.05
2024,82,10.98,4.0
2024,83,8.74,2.88
2024,84,11.56,3.22
2024,85,11.31,2.84
2024,86,11.38,5.26
2024,87,10.72,5.1
2024,88,10.45,5.3
2024,89,12.14,5.88
2024,90,13.7,5.31
2024,91,12.76,6.54
2024,92,13.1,6.85
2024,93,14.19,7.52
2024,94,13.15,8.34
2024,95,14.97,10.01
2024,96,16.67,11.06
2024,97,16.76,11.65
2024,98,15.4,8.32
2024,99,16.12,8.31
2024,100,11.57,4.84
2024,101,12.38,4.04
2024,102,19.16,10.36
2024,103,18.79,8.38
2024,104,18.32,9.03
2024,105,14.39,5.38
2024,106,10.75,5.36
2024,107,12.52,3.4
2024,108,10.58,3.24
2024,109,13.21,3.65
2024,110,13.64,3.0
2024,111,11.62,0.82
2024,112,11.45,1.3
2024,113,8.8,1.95
2024,114,10.93,1.77
2024,115,10.38,1.87
2024,116,11.86,0.84
2024,117,12.91,1.24
2024,118,12.35,5.31
2024,119,10.53,5.65
2024,120,15.02,5.64
2024,121,16.75,6.22
2024,122,18.8,6.86
2024,123,18.96,8.97
2024,124,12.38,7.54
2024,125,15.47,6.36
2024,126,17.13,6.04
2024,127,16.19,7.28
2024,128,18.56,7.08
2024,129,19.06,5.33
2024,130,21.98,8.37
2024,131,21.14,9.6
2024,132,21.31,9.27
2024,133,22.94,10.84
2024,134,18.26,10.13
2024,135,16.7,12.26
2024,136,19.41,9.99
2024,137,15.66,9.7
2024,138,20.1,8.84
2024,139,19.87,11.0
2024,140,21.2,8.81
2024,141,19.6,7.85
2024,142,17.13,9.51
2024,143,16.55,11.79
2024,144,17.8,8.18
2024,145,18.39,5.77
2024,146,19.56,8.87
2024,147,18.84,10.86
2024,148,16.07,8.92
2024,149,17.8,8.93
2024,150,19.4,11.23
2024,151,16.57,9.43
2024,152,15.72,9.21
2024,153,17.98,8.82
2024,154,20.98,7.84
2024,155,18.82,9.89
2024,156,20.29,9.6
2024,157,16.38,5.96
2024,158,17.32,8.08
2024,159,19.04,6.59
2024,160,18.26,8.05
2024,161,17.28,5.44
2024,162,14.72,8.35
2024,163,15.49,6.43
2024,164,16.42,7.5
2024,165,15.03,6.14
2024,166,18.16,10.91
2024,167,18.05,9.07
2024,168,19.23,9.97
2024,169,20.74,8.63
2024,170,20.3,10.85
2024,171,19.47,9.66
2024,172,21.01,8.04
2024,173,22.86,10.2
2024,174,21.39,12.18
2024,175,23.65,9.6
2024,176,25.21,13.38
2024,177,26.32,13.22
2024,178,27.09,12.66
2024,179,23.26,11.81
2024,180,21.05,10.27
2024,181,22.88,9.41
2024,182,19.0,12.53
2024,183,20.75,10.81
2024,184,18.99,11.36
2024,185,19.41,11.11
2024,186,19.7,10.58
2024,187,22.1,12.32
2024,188,15.91,9.88
2024,189,17.62,8.91
2024,190,18.11,8.78
2024,191,20.0,14.87
2024,192,21.34,12.23
2024,193,22.04,10.54
2024,194,18.43,10.36
2024,195,18.55,10.12
2024,196,21.08,9.73
2024,197,20.51,11.64
2024,198,21.17,12.92
2024,199,23.5,11.17
2024,200,26.06,12.58
2024,201,28.43,15.57
2024,202,23.05,14.09
2024,203,22.08,13.56
2024,204,23.81,11.61
2024,205,23.13,15.5
2024,206,23.72,13.94
2024,207,21.73,14.65
2024,208,23.02,13.17
2024,209,22.58,11.34
2024,210,24.68,12.21
2024,211,26.03,13.1
2024,212,28.23,13.82
2024,213,27.1,15.9
2024,214,27.47,16.85
2024,215,26.56,15.81
2024,216,23.89,14.25
2024,217,21.42,12.02
2024,218,25.21,12.75
2024,219,23.36,13.06
2024,220,22.88,10.91
2024,221,21.84,10.93
2024,222,24.32,13.89
2024,223,25.0,12.85
2024,224,26.48,14.96
2024,225,29.93,17.17
2024,226,25.94,13.21
2024,227,25.14,14.57
2024,228,23.82,12.68
2024,229,24.25,13.95
2024,230,22.7,10.07
2024,231,22.95,10.63
2024,232,22.32,11.44
2024,233,23.04,12.41
2024,234,21.34,10.44
2024,235,21.22,13.68
2024,236,22.4,13.45
2024,237,17.72,10.6
2024,238,20.26,9.59
2024,239,22.63,13.1
2024,240,21.77,13.64
2024,241,26.17,14.18
2024,242,22.3,11.54
2024,243,22.21,10.75
2024,244,21.19,12.82
2024,245,26.97,15.9
2024,246,24.21,16.72
2024,247,23.61,14.03
2024,248,20.32,12.52
2024,249,21.22,12.47
2024,250,23.04,14.41
2024,251,23.51,12.74
2024,252,19.85,14.05
2024,253,17.66,10.3
2024,254,18.4,9.46
2024,255,15.29,7.17
2024,256,14.41,6.12
2024,257,16.95,4.44
2024,258,18.91,5.88
2024,259,19.89,7.08
2024,260,19.99,9.37
2024,261,20.38,9.03
2024,262,22.77,12.08
2024,263,23.49,14.04
2024,264,22.42,13.78
2024,265,22.19,14.63
2024,266,21.26,15.58
2024,267,18.83,13.75
2024,268,18.55,11.74
2024,269,17.52,9.64
2024,270,18.13,11.08
2024,271,14.18,5.56
2024,272,15.26,4.51
2024,273,14.79,5.98
2024,274,18.46,10.92
2024,275,14.55,9.06
2024,276,17.05,9.77
2024,277,16.52,7.43
2024,278,16.37,8.28
2024,279,17.04,7.9
2024,280,15.35,10.67
2024,281,18.3,10.56
2024,282,17.75,11.68
2024,283,16.94,10.86
2024,284,12.52,3.67
2024,285,13.07,1.83
2024,286,15.47,6.72
2024,287,10.4,3.57
2024,288,12.53,6.97
2024,289,17.18,10.01
2024,290,21.06,13.91
2024,291,15.9,8.86
2024,292,16.96,7.45
2024,293,16.45,9.34
2024,294,17.6,10.07
2024,295,15.3,7.97
2024,296,15.85,7.11
2024,297,16.93,7.65
2024,298,16.88,8.52
2024,299,18.15,11.05
2024,300,13.59,8.42
2024,301,14.82,6.25
2024,302,16.58,10.09
2024,303,16.29,9.41
2024,304,15.41,8.07
2024,305,16.14,6.11
2024,306,13.52,8.25
2024,307,14.7,9.74
2024,308,13.11,9.28
2024,309,12.6,6.35
2024,310,12.11,6.51
2024,311,10.63,6.91
2024,312,11.9,8.1
2024,313,10.65,6.23
2024,314,8.83,4.03
2024,315,11.27,3.01
2024,316,10.56,4.85
2024,317,11.91,4.94
2024,318,11.87,4.62
2024,319,11.52,5.97
2024,320,9.66,2.31
2024,321,10.44,3.46
2024,322,10.12,4.71
2024,323,8.44,4.92
2024,324,10.07,-1.01
2024,325,4.53,-2.2
2024,326,1.57,-3.25
2024,327,6.27,-1.27
2024,328,13.34,0.19
2024,329,16.3,12.65
2024,330,11.78,5.5
2024,331,9.54,4.59
2024,332,10.3,2.12
2024,333,5.37,0.35
2024,334,9.03,2.44
2024,335,13.18,6.06
2024,336,13.71,9.0
2024,337,10.71,4.63
2024,338,7.0,2.94
2024,339,8.24,1.06
2024,340,12.58,7.55
2024,341,10.21,3.64
2024,342,11.73,5.29
2024,343,6.74,6.27
2024,344,7.05,5.3
2024,345,6.88,4.54
2024,346,7.03,4.82
2024,347,6.84,4.28
2024,348,5.18,0.77
2024,349,6.89,1.64
2024,350,10.89,3.07
2024,351,10.38,6.74
2024,352,9.42,6.07
2024,353,12.94,9.44
2024,354,12.07,2.1
2024,355,7.89,1.26
2024,356,11.08,4.39
2024,357,5.83,3.69
2024,358,5.52,1.23
2024,359,11.75,5.19
2024,360,8.46,5.63
2024,361,7.45,5.43
2024,362,6.42,3.34
2024,363,3.83,2.08
2024,364,6.16,3.69
2024,365,7.5,4.82
2024,366,10.21,6.15
2025,1,11.25,3.66
2025,2,3.67,-2.62
2025,3,3.74,-3.18
2025,4,3.57,-0.59
2025,5,10.84,0.32
2025,6,11.38,1.53
2025,7,4.01,-0.29
2025,8,2.24,-0.87
2025,9,2.49,-2.07
2025,10,1.67,-3.7
2025,11,3.59,-2.16
2025,12,3.73,-2.42
2025,13,5.59,0.04
2025,14,7.18,0.89
2025,15,9.4,5.26
2025,16,9.1,3.26
2025,17,6.24,1.62
2025,18,3.33,-0.71
2025,19,4.03,-0.91
2025,20,3.64,-0.87
2025,21,5.28,0.85
2025,22,3.56,1.03
2025,23,8.39,0.92
2025,24,10.94,5.28
2025,25,7.21,-0.22
2025,26,8.32,-1.32
2025,27,8.37,5.38
2025,28,9.45,5.01
2025,29,6.98,3.75
2025,30,7.28,-0.76
2025,31,7.49,1.1
2025,32,6.96,-0.04
2025,33,7.78,-1.64
2025,34,8.09,-1.45
2025,35,8.57,4.68
2025,36,9.24,2.94
2025,37,7.51,0.67
2025,38,4.47,2.53
2025,39,6.51,-0.06
2025,40,5.83,-1.72
2025,41,4.43,1.75
2025,42,5.14,0.54
2025,43,6.39,0.11
2025,44,5.82,-0.59
2025,45,4.7,-1.77
2025,46,4.47,-0.47
2025,47,4.91,-1.36
2025,48,5.4,-2.16
2025,49,6.1,-2.02
2025,50,7.98,0.43
2025,51,12.06,6.92
2025,52,14.66,9.58
2025,53,11.76,6.42
2025,54,9.88,6.29
2025,55,12.36,6.75
2025,56,10.37,2.8
2025,57,8.42,2.85
2025,58,9.11,0.3
2025,59,9.21,-0.55
2025,60,9.21,-0.25
2025,61,9.81,-0.27
2025,62,10.98,-0.82
2025,63,11.56,-0.54
2025,64,12.41,-1.6
2025,65,15.37,1.07
2025,66,15.49,7.12
2025,67,15.32,4.41
2025,68,15.91,5.27
2025,69,12.4,5.13
2025,70,8.27,0.8
2025,71,6.87,-0.77
2025,72,7.09,0.1
2025,73,8.34,-1.37
2025,74,8.21,-1.56
2025,75,8.88,-2.13
2025,76,9.71,1.91
2025,77,10.2,-0.67
2025,78,15.51,-0.44
2025,79,18.26,6.48
2025,80,15.2,6.47
2025,81,15.26,8.9
2025,82,14.77,7.52
2025,83,13.22,4.24
2025,84,14.23,2.79
2025,85,16.17,5.3
2025,86,15.27,5.29
2025,87,13.24,3.94
2025,88,13.09,2.31
2025,89,15.7,5.38
2025,90,15.58,2.69
2025,91,13.53,4.51
2025,92,14.95,4.64
2025,93,16.89,6.33
2025,94,19.28,6.05
2025,95,15.99,4.47
2025,96,14.74,3.69
2025,97,14.63,2.98
2025,98,14.98,2.46
2025,99,13.38,2.61
2025,100,15.13,1.62
2025,101,20.24,3.05
2025,102,19.53,4.82
2025,103,14.77,5.91
2025,104,13.96,4.33
2025,105,16.53,8.3
2025,106,13.76,5.52
2025,107,16.45,4.61
2025,108,15.82,5.68
2025,109,14.41,5.16
2025,110,13.99,3.92
2025,111,15.53,7.09
2025,112,15.44,6.13
2025,113,13.79,7.6
2025,114,16.0,5.72
2025,115,15.87,4.47
2025,116,16.68,6.75
2025,117,20.1,6.84
2025,118,21.2,7.33
2025,119,20.98,6.24
2025,120,23.14,6.58
2025,121,23.81,7.64
2025,122,22.65,10.11
2025,123,19.06,5.83
2025,124,13.65,4.58
2025,125,14.12,3.17
2025,126,15.07,3.4
2025,127,14.73,5.23
2025,128,16.16,5.65
2025,129,17.34,5.65
2025,130,19.78,6.5
2025,131,21.95,7.76
2025,132,21.34,10.73
2025,133,21.99,8.62
2025,134,20.36,7.51
2025,135,16.89,6.78
2025,136,18.34,6.6
2025,137,18.39,6.44
2025,138,17.38,6.02
2025,139,18.79,7.99
2025,140,20.32,7.71
2025,141,17.38,6.07
2025,142,15.42,4.66
2025,143,17.93,5.47
2025,144,20.53,11.19
2025,145,19.32,10.21
2025,146,16.69,8.62
2025,147,17.26,12.73
2025,148,19.95,12.98
2025,149,22.35,11.87
2025,150,23.39,11.79
2025,151,24.21,13.24
2025,152,20.16,11.2
2025,153,20.04,10.18
2025,154,17.28,9.96
2025,155,18.69,8.38
2025,156,17.96,10.96
2025,157,19.19,9.85
2025,158,18.05,9.85
2025,159,18.22,7.66
2025,160,20.21,8.13
2025,161,21.75,12.06
2025,162,22.21,11.22
2025,163,24.46,12.62
2025,164,26.34,13.17
2025,165,22.57,12.49
2025,166,22.04,10.8
2025,167,24.63,11.23
2025,168,24.89,11.37
2025,169,26.7,12.15
2025,170,28.26,15.01
2025,171,24.19,14.78
2025,172,29.29,13.52
2025,173,24.66,16.72
2025,174,22.26,13.02
2025,175,25.67,11.87
2025,176,26.26,13.86
2025,177,25.53,14.98
2025,178,25.24,13.62
2025,179,28.66,16.45
2025,180,28.95,15.41
2025,181,30.42,14.66
2025,182,32.36,18.02
2025,183,21.39,12.11
2025,184,24.43,9.37
2025,185,25.88,11.11
2025,186,22.51,14.64
2025,187,22.93,14.28
2025,188,21.08,12.35
2025,189,23.45,10.9
2025,190,26.92,10.78
2025,191,29.28,15.73
2025,192,30.02,15.19
2025,193,27.85,14.46
2025,194,27.44,12.59
2025,195,25.36,14.43
2025,196,22.69,12.65
2025,197,25.76,13.69
2025,198,27.49,16.01
2025,199,29.19,16.82
2025,200,21.9,16.22
2025,201,22.08,14.68
2025,202,21.92,13.6
2025,203,23.29,13.51
2025,204,22.48,14.37
2025,205,22.45,14.88
2025,206,26.84,13.97
2025,207,24.11,13.79
2025,208,22.99,12.75
2025,209,24.04,11.56
2025,210,21.44,11.55
2025,211,25.37,14.11
2025,212,24.47,14.41
2025,213,19.94,11.73
2025,214,20.7,10.28
2025,215,23.02,11.28
2025,216,21.93,13.86
2025,217,22.0,11.25
2025,218,22.23,11.07
2025,219,22.74,12.65
2025,220,24.45,15.04
2025,221,24.54,11.62
2025,222,25.68,12.49
2025,223,27.49,13.91
2025,224,29.58,17.21
2025,225,26.13,15.76
2025,226,26.38,15.44
2025,227,28.17,15.99
2025,228,22.83,13.95
2025,229,24.37,11.8
2025,230,22.63,16.17
2025,231,24.79,14.95
2025,232,21.42,14.5
2025,233,20.16,11.95
2025,234,21.54,9.84
2025,235,21.47,13.49
2025,236,22.87,13.22
2025,237,25.26,13.22
2025,238,24.41,15.21
2025,239,22.14,13.11
2025,240,21.11,11.42
2025,241,20.56,13.25
2025,242,20.81,11.4
2025,243,20.8,12.56
2025,244,20.58,13.27
2025,245,18.54,11.1
2025,246,20.6,14.64
2025,247,19.72,12.1
2025,248,22.08,10.17
2025,249,22.29,10.93
2025,250,25.06,14.59
2025,251,21.37,12.09
2025,252,20.95,10.37
